GAME_DATE,SEASON_ID,team,elo_before,is_home,season_label
2020-12-23,22020,ATL,1500.0,0,2020-21
2020-12-26,22020,ATL,1519.501498055486,0,2020-21
2020-12-28,22020,ATL,1530.522559427607,1,2020-21
2020-12-30,22020,ATL,1536.5723007733834,0,2020-21
2021-01-01,22020,ATL,1531.1125749826938,0,2020-21
2021-01-02,22020,ATL,1549.206535200039,1,2020-21
2021-01-04,22020,ATL,1539.632921775258,1,2020-21
2021-01-06,22020,ATL,1530.0189898378808,1,2020-21
2021-01-09,22020,ATL,1517.2535622314815,0,2020-21
2021-01-11,22020,ATL,1509.2673244340958,1,2020-21
2021-01-15,22020,ATL,1523.082988168443,0,2020-21
2021-01-16,22020,ATL,1509.1982729786632,0,2020-21
2021-01-18,22020,ATL,1502.6657432464474,1,2020-21
2021-01-20,22020,ATL,1509.0218542173054,1,2020-21
2021-01-22,22020,ATL,1514.953584241272,0,2020-21
2021-01-24,22020,ATL,1527.267573430684,0,2020-21
2021-01-26,22020,ATL,1517.988079867991,1,2020-21
2021-01-27,22020,ATL,1528.0164591758405,1,2020-21
2021-01-29,22020,ATL,1520.464251920894,0,2020-21
2021-02-01,22020,ATL,1533.323385616418,1,2020-21
2021-02-03,22020,ATL,1524.636595348527,1,2020-21
2021-02-04,22020,ATL,1513.649514443007,1,2020-21
2021-02-06,22020,ATL,1499.2019634247854,1,2020-21
2021-02-10,22020,ATL,1508.9572517006927,0,2020-21
2021-02-12,22020,ATL,1504.9606430186,1,2020-21
2021-02-13,22020,ATL,1490.8120687155606,1,2020-21
2021-02-15,22020,ATL,1477.8783359546885,0,2020-21
2021-02-17,22020,ATL,1469.8657355586097,0,2020-21
2021-02-19,22020,ATL,1482.0981329412432,0,2020-21
2021-02-21,22020,ATL,1473.071663505402,1,2020-21
2021-02-23,22020,ATL,1483.3795491872277,0,2020-21
2021-02-24,22020,ATL,1478.119663964615,1,2020-21
2021-02-26,22020,ATL,1489.972785723604,0,2020-21
2021-02-28,22020,ATL,1479.9071481671754,0,2020-21
2021-03-02,22020,ATL,1472.1947733013703,0,2020-21
2021-03-03,22020,ATL,1489.5831163731602,0,2020-21
2021-03-11,22020,ATL,1494.2403894712136,0,2020-21
2021-03-13,22020,ATL,1499.2360544776088,1,2020-21
2021-03-14,22020,ATL,1506.8500138840564,1,2020-21
2021-03-16,22020,ATL,1513.9083863345516,0,2020-21
2021-03-18,22020,ATL,1520.769102895561,1,2020-21
2021-03-20,22020,ATL,1530.3278475612003,0,2020-21
2021-03-22,22020,ATL,1540.8774296323838,0,2020-21
2021-03-24,22020,ATL,1533.7319842597813,0,2020-21
2021-03-26,22020,ATL,1527.9447278040132,0,2020-21
2021-03-28,22020,ATL,1542.217741991185,0,2020-21
2021-03-30,22020,ATL,1529.3425135370576,0,2020-21
2021-04-01,22020,ATL,1524.8975126863977,0,2020-21
2021-04-02,22020,ATL,1532.0093855450482,0,2020-21
2021-04-04,22020,ATL,1551.4238186709665,1,2020-21
2021-04-06,22020,ATL,1555.2813472238722,1,2020-21
2021-04-07,22020,ATL,1563.9486757739355,1,2020-21
2021-04-09,22020,ATL,1545.170297125824,1,2020-21
2021-04-11,22020,ATL,1552.7084708182172,0,2020-21
2021-04-13,22020,ATL,1559.4980732186818,0,2020-21
2021-04-15,22020,ATL,1565.2145143553155,1,2020-21
2021-04-18,22020,ATL,1553.3810831892563,1,2020-21
2021-04-20,22020,ATL,1560.9352266924398,1,2020-21
2021-04-21,22020,ATL,1565.002457868817,0,2020-21
2021-04-23,22020,ATL,1556.705074426793,1,2020-21
2021-04-25,22020,ATL,1566.2279498541689,1,2020-21
2021-04-26,22020,ATL,1574.623993297009,0,2020-21
2021-04-28,22020,ATL,1555.1479808603374,0,2020-21
2021-04-30,22020,ATL,1533.912971281045,0,2020-21
2021-05-01,22020,ATL,1523.292214293184,1,2020-21
2021-05-03,22020,ATL,1529.9646292657585,1,2020-21
2021-05-05,22020,ATL,1539.017823469764,1,2020-21
2021-05-06,22020,ATL,1566.8647753901466,0,2020-21
2021-05-10,22020,ATL,1556.4934438135838,1,2020-21
2021-05-12,22020,ATL,1559.2893306706276,1,2020-21
2021-05-13,22020,ATL,1563.558082729537,1,2020-21
2021-05-16,22020,ATL,1567.428551288594,1,2020-21
2021-10-21,22021,ATL,1543.340898924003,1,2021-22
2021-10-23,22021,ATL,1558.9706812821453,0,2021-22
2021-10-25,22021,ATL,1547.091219921088,1,2021-22
2021-10-27,22021,ATL,1553.507759732967,0,2021-22
2021-10-28,22021,ATL,1558.3260924254928,0,2021-22
2021-10-30,22021,ATL,1548.0269291997472,0,2021-22
2021-11-01,22021,ATL,1532.4063156395132,1,2021-22
2021-11-03,22021,ATL,1539.554476695792,0,2021-22
2021-11-04,22021,ATL,1531.7253451647784,1,2021-22
2021-11-06,22021,ATL,1518.9529431618057,0,2021-22
2021-11-08,22021,ATL,1514.598643034648,0,2021-22
2021-11-09,22021,ATL,1506.6483039203158,0,2021-22
2021-11-12,22021,ATL,1500.8106511339492,0,2021-22
2021-11-14,22021,ATL,1495.0938369057606,1,2021-22
2021-11-15,22021,ATL,1511.3091078367895,1,2021-22
2021-11-17,22021,ATL,1517.1812479671169,1,2021-22
2021-11-20,22021,ATL,1526.1699435734558,1,2021-22
2021-11-22,22021,ATL,1533.6773762169864,1,2021-22
2021-11-24,22021,ATL,1537.7888060425564,0,2021-22
2021-11-26,22021,ATL,1550.043464894176,0,2021-22
2021-11-27,22021,ATL,1569.6231438024947,1,2021-22
2021-12-01,22021,ATL,1555.611176587348,0,2021-22
2021-12-03,22021,ATL,1561.24182812742,1,2021-22
2021-12-05,22021,ATL,1555.2118590320415,1,2021-22
2021-12-06,22021,ATL,1547.21033699665,0,2021-22
2021-12-10,22021,ATL,1558.0741115950489,1,2021-22
2021-12-13,22021,ATL,1547.6875942912502,1,2021-22
2021-12-15,22021,ATL,1532.6611300465306,0,2021-22
2021-12-17,22021,ATL,1538.191973314201,1,2021-22
2021-12-22,22021,ATL,1519.1091806173404,1,2021-22
2021-12-23,22021,ATL,1503.5323950627353,0,2021-22
2021-12-25,22021,ATL,1509.8179345049448,0,2021-22
2021-12-27,22021,ATL,1497.5765901899888,1,2021-22
2021-12-29,22021,ATL,1486.099528824085,0,2021-22
2021-12-31,22021,ATL,1478.500348584099,0,2021-22
2022-01-03,22021,ATL,1487.3035753279166,0,2021-22
2022-01-05,22021,ATL,1479.7707417134125,0,2021-22
2022-01-07,22021,ATL,1486.538240178864,0,2021-22
2022-01-09,22021,ATL,1474.7054950140073,0,2021-22
2022-01-12,22021,ATL,1464.217204433019,1,2021-22
2022-01-14,22021,ATL,1450.190937458121,0,2021-22
2022-01-15,22021,ATL,1446.984301131872,1,2021-22
2022-01-17,22021,ATL,1437.5439027828493,1,2021-22
2022-01-19,22021,ATL,1448.4484600467968,1,2021-22
2022-01-21,22021,ATL,1461.8774959769355,1,2021-22
2022-01-23,22021,ATL,1468.3320172700712,0,2021-22
2022-01-26,22021,ATL,1494.2419455798165,1,2021-22
2022-01-28,22021,ATL,1500.7478021605166,1,2021-22
2022-01-30,22021,ATL,1515.2513753517337,1,2021-22
2022-01-31,22021,ATL,1521.3063433139455,1,2021-22
2022-02-03,22021,ATL,1512.3529117154774,1,2021-22
2022-02-04,22021,ATL,1527.3374874499664,0,2021-22
2022-02-06,22021,ATL,1519.0987535014378,0,2021-22
2022-02-08,22021,ATL,1512.9292014846412,1,2021-22
2022-02-11,22021,ATL,1522.25115194481,1,2021-22
2022-02-13,22021,ATL,1502.4885474278317,0,2021-22
2022-02-15,22021,ATL,1497.371658031986,1,2021-22
2022-02-16,22021,ATL,1507.4253767152352,0,2021-22
2022-02-24,22021,ATL,1517.7288016861746,0,2021-22
2022-02-26,22021,ATL,1512.9107908448866,1,2021-22
2022-03-01,22021,ATL,1531.3594514660138,0,2021-22
2022-03-03,22021,ATL,1526.058083678999,1,2021-22
2022-03-04,22021,ATL,1532.4754162797335,0,2021-22
2022-03-07,22021,ATL,1536.88293552419,0,2021-22
2022-03-09,22021,ATL,1528.079075401606,0,2021-22
2022-03-11,22021,ATL,1521.834196707443,1,2021-22
2022-03-13,22021,ATL,1527.2895966168023,1,2021-22
2022-03-14,22021,ATL,1530.0556234855942,1,2021-22
2022-03-16,22021,ATL,1534.1409166212698,0,2021-22
2022-03-18,22021,ATL,1524.5808137009496,1,2021-22
2022-03-20,22021,ATL,1541.091647052585,1,2021-22
2022-03-22,22021,ATL,1532.22951377101,0,2021-22
2022-03-23,22021,ATL,1540.1810939847223,0,2021-22
2022-03-25,22021,ATL,1513.375964986241,1,2021-22
2022-03-28,22021,ATL,1525.2307615110217,0,2021-22
2022-03-30,22021,ATL,1532.318858530237,0,2021-22
2022-03-31,22021,ATL,1540.1428617885745,1,2021-22
2022-04-02,22021,ATL,1552.2752749863491,1,2021-22
2022-04-05,22021,ATL,1558.1992663860372,0,2021-22
2022-04-06,22021,ATL,1550.6735855803934,1,2021-22
2022-04-08,22021,ATL,1557.818914538902,0,2021-22
2022-04-10,22021,ATL,1553.7472007560866,0,2021-22
2022-10-19,22022,ATL,1535.902985385104,1,2022-23
2022-10-21,22022,ATL,1540.1592040722924,1,2022-23
2022-10-23,22022,ATL,1544.5864641053338,1,2022-23
2022-10-26,22022,ATL,1526.450998906906,0,2022-23
2022-10-28,22022,ATL,1531.5190348068463,0,2022-23
2022-10-29,22022,ATL,1544.3535009637403,0,2022-23
2022-10-31,22022,ATL,1537.5026333172434,0,2022-23
2022-11-02,22022,ATL,1519.7673002838026,0,2022-23
2022-11-05,22022,ATL,1534.0278065354755,1,2022-23
2022-11-07,22022,ATL,1539.000983250268,1,2022-23
2022-11-09,22022,ATL,1555.3175271480247,1,2022-23
2022-11-10,22022,ATL,1546.9896741057548,1,2022-23
2022-11-12,22022,ATL,1555.2625818632116,0,2022-23
2022-11-14,22022,ATL,1545.3234720214325,0,2022-23
2022-11-16,22022,ATL,1562.385485241142,1,2022-23
2022-11-19,22022,ATL,1545.4980099445406,1,2022-23
2022-11-21,22022,ATL,1549.525064859167,0,2022-23
2022-11-23,22022,ATL,1540.0476767022703,1,2022-23
2022-11-25,22022,ATL,1546.880844142384,0,2022-23
2022-11-27,22022,ATL,1534.6883237527552,1,2022-23
2022-11-28,22022,ATL,1523.0813457423765,0,2022-23
2022-11-30,22022,ATL,1519.4225259929133,0,2022-23
2022-12-02,22022,ATL,1529.0849425602266,1,2022-23
2022-12-05,22022,ATL,1537.3270695182696,1,2022-23
2022-12-07,22022,ATL,1523.7344814400417,0,2022-23
2022-12-09,22022,ATL,1506.0807286611002,0,2022-23
2022-12-11,22022,ATL,1501.4055178648075,1,2022-23
2022-12-12,22022,ATL,1504.8611253368258,0,2022-23
2022-12-14,22022,ATL,1493.905754876675,0,2022-23
2022-12-16,22022,ATL,1480.2268366802286,0,2022-23
2022-12-19,22022,ATL,1493.809688713577,1,2022-23
2022-12-21,22022,ATL,1496.3072182522142,1,2022-23
2022-12-23,22022,ATL,1490.199150544918,1,2022-23
2022-12-27,22022,ATL,1499.2417402329593,0,2022-23
2022-12-28,22022,ATL,1486.2037675205822,1,2022-23
2022-12-30,22022,ATL,1483.041042002688,1,2022-23
2023-01-02,22022,ATL,1470.451505541117,0,2022-23
2023-01-04,22022,ATL,1467.4693992831817,0,2022-23
2023-01-06,22022,ATL,1474.836215122738,0,2022-23
2023-01-08,22022,ATL,1463.5807723047649,0,2022-23
2023-01-11,22022,ATL,1471.4774665684104,1,2022-23
2023-01-13,22022,ATL,1461.3469097839456,0,2022-23
2023-01-14,22022,ATL,1467.785963141915,0,2022-23
2023-01-16,22022,ATL,1482.1819203744212,1,2022-23
2023-01-18,22022,ATL,1491.5599466721142,0,2022-23
2023-01-20,22022,ATL,1502.5081040412897,1,2022-23
2023-01-21,22022,ATL,1515.755147625232,1,2022-23
2023-01-23,22022,ATL,1504.8934139399869,0,2022-23
2023-01-25,22022,ATL,1496.0332588726976,0,2022-23
2023-01-28,22022,ATL,1505.7966667654273,1,2022-23
2023-01-30,22022,ATL,1495.9564001040762,0,2022-23
2023-02-01,22022,ATL,1489.654316905507,0,2022-23
2023-02-03,22022,ATL,1519.5733659570128,0,2022-23
2023-02-04,22022,ATL,1529.3716764321828,0,2022-23
2023-02-07,22022,ATL,1520.310042912423,0,2022-23
2023-02-09,22022,ATL,1511.4392263970285,1,2022-23
2023-02-11,22022,ATL,1519.9744805117818,1,2022-23
2023-02-13,22022,ATL,1524.2841562116969,0,2022-23
2023-02-15,22022,ATL,1513.2412874094507,1,2022-23
2023-02-24,22022,ATL,1495.0757194436196,1,2022-23
2023-02-26,22022,ATL,1513.0141244510885,1,2022-23
2023-02-28,22022,ATL,1516.8297837393272,1,2022-23
2023-03-03,22022,ATL,1509.925378473528,1,2022-23
2023-03-04,22022,ATL,1518.5912092457622,0,2022-23
2023-03-06,22022,ATL,1510.4680728491671,0,2022-23
2023-03-08,22022,ATL,1506.414709814764,0,2022-23
2023-03-10,22022,ATL,1512.2073668341534,0,2022-23
2023-03-11,22022,ATL,1521.9115530702695,1,2022-23
2023-03-13,22022,ATL,1513.395084292777,1,2022-23
2023-03-17,22022,ATL,1492.7658758160849,1,2022-23
2023-03-19,22022,ATL,1501.6236001251273,0,2022-23
2023-03-21,22022,ATL,1486.9515102880655,1,2022-23
2023-03-22,22022,ATL,1492.9752382018137,0,2022-23
2023-03-25,22022,ATL,1489.9576047870014,1,2022-23
2023-03-26,22022,ATL,1497.6782544409766,1,2022-23
2023-03-28,22022,ATL,1492.4493372790937,1,2022-23
2023-03-31,22022,ATL,1498.779424335865,0,2022-23
2023-04-02,22022,ATL,1487.1483028220005,1,2022-23
2023-04-04,22022,ATL,1490.841194796794,0,2022-23
2023-04-05,22022,ATL,1513.4690775725094,1,2022-23
2023-04-07,22022,ATL,1523.1363127130612,1,2022-23
2023-04-09,22022,ATL,1516.5863683596497,0,2022-23
2023-10-25,22023,ATL,1507.9704847352373,0,2023-24
2023-10-27,22023,ATL,1499.5538074754477,1,2023-24
2023-10-29,22023,ATL,1491.575271992712,0,2023-24
2023-10-30,22023,ATL,1512.8987535816125,1,2023-24
2023-11-01,22023,ATL,1524.0277730128346,1,2023-24
2023-11-04,22023,ATL,1529.7543502013332,0,2023-24
2023-11-06,22023,ATL,1547.860401862819,0,2023-24
2023-11-09,22023,ATL,1538.30536363486,0,2023-24
2023-11-11,22023,ATL,1542.2454372324953,1,2023-24
2023-11-14,22023,ATL,1530.1887131645217,0,2023-24
2023-11-15,22023,ATL,1534.7138571259677,1,2023-24
2023-11-17,22023,ATL,1529.384766506756,1,2023-24
2023-11-21,22023,ATL,1519.596537371459,1,2023-24
2023-11-22,22023,ATL,1510.0878763684525,1,2023-24
2023-11-25,22023,ATL,1513.9205786640457,0,2023-24
2023-11-26,22023,ATL,1529.2849930748291,0,2023-24
2023-11-28,22023,ATL,1524.10020429239,0,2023-24
2023-11-30,22023,ATL,1509.1434746959587,0,2023-24
2023-12-02,22023,ATL,1511.8350930165238,0,2023-24
2023-12-06,22023,ATL,1504.877916278812,1,2023-24
2023-12-08,22023,ATL,1500.6079304095597,0,2023-24
2023-12-11,22023,ATL,1495.0303438759513,1,2023-24
2023-12-13,22023,ATL,1486.5588658426448,0,2023-24
2023-12-15,22023,ATL,1479.4085825834647,0,2023-24
2023-12-16,22023,ATL,1500.0294526226317,0,2023-24
2023-12-18,22023,ATL,1493.4475541556506,1,2023-24
2023-12-20,22023,ATL,1495.562378917125,0,2023-24
2023-12-22,22023,ATL,1505.8675883389394,0,2023-24
2023-12-23,22023,ATL,1498.6614526473934,1,2023-24
2023-12-26,22023,ATL,1487.5927369269773,0,2023-24
2023-12-29,22023,ATL,1481.6871742027322,1,2023-24
2023-12-31,22023,ATL,1472.4651826468405,0,2023-24
2024-01-03,22023,ATL,1477.2081352290252,1,2023-24
2024-01-05,22023,ATL,1485.4963886432404,0,2023-24
2024-01-07,22023,ATL,1469.7194361427094,0,2023-24
2024-01-10,22023,ATL,1464.0501369186254,1,2023-24
2024-01-12,22023,ATL,1474.6587247370203,1,2023-24
2024-01-13,22023,ATL,1461.0414182271832,1,2023-24
2024-01-15,22023,ATL,1424.16248487341,1,2023-24
2024-01-17,22023,ATL,1429.6023694412995,1,2023-24
2024-01-19,22023,ATL,1434.9673567860516,0,2023-24
2024-01-20,22023,ATL,1441.2707213819383,1,2023-24
2024-01-22,22023,ATL,1429.9444905989671,0,2023-24
2024-01-24,22023,ATL,1421.650408450526,0,2023-24
2024-01-26,22023,ATL,1410.0258893747596,1,2023-24
2024-01-28,22023,ATL,1402.9859759544358,1,2023-24
2024-01-30,22023,ATL,1406.8476570329158,1,2023-24
2024-02-02,22023,ATL,1421.4843237221362,1,2023-24
2024-02-03,22023,ATL,1435.1856692415097,1,2023-24
2024-02-05,22023,ATL,1444.217807340097,1,2023-24
2024-02-07,22023,ATL,1440.9457394259623,0,2023-24
2024-02-09,22023,ATL,1438.6121058628305,0,2023-24
2024-02-10,22023,ATL,1449.1753359146076,1,2023-24
2024-02-12,22023,ATL,1457.642912483945,1,2023-24
2024-02-14,22023,ATL,1446.4803496834063,0,2023-24
2024-02-23,22023,ATL,1419.982602538029,1,2023-24
2024-02-25,22023,ATL,1414.0348006102693,1,2023-24
2024-02-27,22023,ATL,1432.494279425109,1,2023-24
2024-02-29,22023,ATL,1451.8240718857592,0,2023-24
2024-03-02,22023,ATL,1433.3854212219333,0,2023-24
2024-03-05,22023,ATL,1424.250556229278,0,2023-24
2024-03-06,22023,ATL,1448.675603847907,1,2023-24
2024-03-08,22023,ATL,1465.059883543885,0,2023-24
2024-03-10,22023,ATL,1471.9923689940847,1,2023-24
2024-03-13,22023,ATL,1463.8068056991815,0,2023-24
2024-03-15,22023,ATL,1455.7729843549814,0,2023-24
2024-03-17,22023,ATL,1451.3669496062453,0,2023-24
2024-03-18,22023,ATL,1476.9231666255498,0,2023-24
2024-03-21,22023,ATL,1461.2714899821867,0,2023-24
2024-03-23,22023,ATL,1455.1112800394808,1,2023-24
2024-03-25,22023,ATL,1466.3892849933852,1,2023-24
2024-03-27,22023,ATL,1476.0202273173145,1,2023-24
2024-03-28,22023,ATL,1481.2695054166225,1,2023-24
2024-03-30,22023,ATL,1488.9057796222787,1,2023-24
2024-04-01,22023,ATL,1480.4726276842227,0,2023-24
2024-04-03,22023,ATL,1494.6784029750522,1,2023-24
2024-04-04,22023,ATL,1497.661950868884,0,2023-24
2024-04-06,22023,ATL,1491.5257748014867,0,2023-24
2024-04-09,22023,ATL,1481.4902181198154,1,2023-24
2024-04-10,22023,ATL,1474.3698357127575,1,2023-24
2024-04-12,22023,ATL,1466.5689471529324,0,2023-24
2024-04-14,22023,ATL,1464.664105285496,0,2023-24
2024-10-23,22024,ATL,1470.364812590983,1,2024-25
2024-10-25,22024,ATL,1475.1059960179286,1,2024-25
2024-10-27,22024,ATL,1479.4082210537654,0,2024-25
2024-10-28,22024,ATL,1471.0959411624026,1,2024-25
2024-10-30,22024,ATL,1462.8607963131367,0,2024-25
2024-11-01,22024,ATL,1447.8511925685575,1,2024-25
2024-11-03,22024,ATL,1439.8717170458942,0,2024-25
2024-11-04,22024,ATL,1460.5904477147335,1,2024-25
2024-11-06,22024,ATL,1449.1437069676872,1,2024-25
2024-11-08,22024,ATL,1458.0752727959004,0,2024-25
2024-11-09,22024,ATL,1453.9539641501806,1,2024-25
2024-11-12,22024,ATL,1439.7743664616896,0,2024-25
2024-11-15,22024,ATL,1448.4543557661011,1,2024-25
2024-11-17,22024,ATL,1453.9938322632354,0,2024-25
2024-11-18,22024,ATL,1447.5683182755995,0,2024-25
2024-11-20,22024,ATL,1453.881278992596,0,2024-25
2024-11-22,22024,ATL,1447.2132040019355,0,2024-25
2024-11-25,22024,ATL,1436.1789978363126,1,2024-25
2024-11-27,22024,ATL,1428.8539150883264,0,2024-25
2024-11-29,22024,ATL,1451.0869281965506,1,2024-25
2024-11-30,22024,ATL,1470.9445878904155,0,2024-25
2024-12-02,22024,ATL,1475.7563060126863,1,2024-25
2024-12-04,22024,ATL,1482.060997839984,0,2024-25
2024-12-06,22024,ATL,1500.4329412913828,1,2024-25
2024-12-08,22024,ATL,1504.1088827145948,1,2024-25
2024-12-11,22024,ATL,1481.38899608831,0,2024-25
2024-12-14,22024,ATL,1496.2200131235631,0,2024-25
2024-12-19,22024,ATL,1489.3954299916006,0,2024-25
2024-12-21,22024,ATL,1480.9503244633288,1,2024-25
2024-12-23,22024,ATL,1469.4041731353757,1,2024-25
2024-12-26,22024,ATL,1483.364506018382,1,2024-25
2024-12-28,22024,ATL,1489.9173593666678,1,2024-25
2024-12-29,22024,ATL,1500.8949366946556,0,2024-25
2025-01-01,22024,ATL,1515.622440799796,0,2024-25
2025-01-03,22024,ATL,1505.5867642500436,0,2024-25
2025-01-04,22024,ATL,1493.7798454712265,0,2024-25
2025-01-07,22024,ATL,1479.7872436484658,0,2024-25
2025-01-09,22024,ATL,1485.492475021828,0,2024-25
2025-01-14,22024,ATL,1477.6611847562217,1,2024-25
2025-01-15,22024,ATL,1483.7816019881957,0,2024-25
2025-01-18,22024,ATL,1498.3284491092948,0,2024-25
2025-01-20,22024,ATL,1509.500903922147,0,2024-25
2025-01-22,22024,ATL,1503.6042176628894,1,2024-25
2025-01-23,22024,ATL,1490.5888708830455,1,2024-25
2025-01-25,22024,ATL,1481.2688395398611,1,2024-25
2025-01-27,22024,ATL,1452.558819977129,0,2024-25
2025-01-28,22024,ATL,1448.5761737591058,1,2024-25
2025-01-30,22024,ATL,1444.7384021080215,0,2024-25
2025-02-01,22024,ATL,1439.8972157785736,0,2024-25
2025-02-03,22024,ATL,1436.880857655069,0,2024-25
2025-02-05,22024,ATL,1443.8144596496777,1,2024-25
2025-02-07,22024,ATL,1439.3638253977165,1,2024-25
2025-02-08,22024,ATL,1447.1076581305674,0,2024-25
2025-02-10,22024,ATL,1454.6908095833808,0,2024-25
2025-02-12,22024,ATL,1463.0060694422934,0,2024-25
2025-02-20,22024,ATL,1461.3123172336311,1,2024-25
2025-02-23,22024,ATL,1450.9400082388588,1,2024-25
2025-02-24,22024,ATL,1445.0465267295367,1,2024-25
2025-02-26,22024,ATL,1454.9408112444582,0,2024-25
2025-02-28,22024,ATL,1439.7970349625566,1,2024-25
2025-03-03,22024,ATL,1435.351118144259,0,2024-25
2025-03-04,22024,ATL,1444.1193485024671,1,2024-25
2025-03-06,22024,ATL,1437.731309301971,1,2024-25
2025-03-08,22024,ATL,1448.2542478488535,1,2024-25
2025-03-10,22024,ATL,1454.4184818687906,1,2024-25
2025-03-12,22024,ATL,1460.2256270359949,1,2024-25
2025-03-14,22024,ATL,1464.3516123747572,1,2024-25
2025-03-16,22024,ATL,1447.6200732676991,0,2024-25
2025-03-18,22024,ATL,1436.649625558818,0,2024-25
2025-03-22,22024,ATL,1451.5519411189232,1,2024-25
2025-03-23,22024,ATL,1464.8685005166117,1,2024-25
2025-03-25,22024,ATL,1471.1597983749425,0,2024-25
2025-03-27,22024,ATL,1466.816801857462,0,2024-25
2025-03-30,22024,ATL,1457.239982264082,0,2024-25
2025-04-01,22024,ATL,1484.6616571241202,1,2024-25
2025-04-02,22024,ATL,1469.1665805052082,0,2024-25
2025-04-05,22024,ATL,1464.781133512858,1,2024-25
2025-04-06,22024,ATL,1453.0707519121452,1,2024-25
2025-04-08,22024,ATL,1457.6733737277527,0,2024-25
2025-04-10,22024,ATL,1451.3792665048436,0,2024-25
2025-04-11,22024,ATL,1464.5113781363382,0,2024-25
2025-04-13,22024,ATL,1472.802170037148,1,2024-25
2025-10-22,22025,ATL,1490.9539432158772,1,2025-26
2025-10-24,22025,ATL,1467.944299854644,0,2025-26
2025-10-25,22025,ATL,1476.749028358029,1,2025-26
2025-10-27,22025,ATL,1468.2923077819582,0,2025-26
2025-10-29,22025,ATL,1464.0455559264908,0,2025-26
2025-10-31,22025,ATL,1469.4324713907715,0,2025-26
2025-11-02,22025,ATL,1492.3245864348326,0,2025-26
2025-11-04,22025,ATL,1487.3403554324843,1,2025-26
2025-11-07,22025,ATL,1498.8807107120658,1,2025-26
2025-11-08,22025,ATL,1484.2667168221192,1,2025-26
2025-11-10,22025,ATL,1503.2545741416498,0,2025-26
2025-11-12,22025,ATL,1510.2712743018328,0,2025-26
2025-11-13,22025,ATL,1532.8091607258268,0,2025-26
2025-11-16,22025,ATL,1539.83867651455,0,2025-26
2025-11-18,22025,ATL,1545.1629080739351,1,2025-26
2025-11-20,22025,ATL,1535.7111626110552,0,2025-26
2025-11-22,22025,ATL,1527.2138083149025,0,2025-26
2025-11-23,22025,ATL,1534.8254790132255,1,2025-26
2025-11-25,22025,ATL,1536.6982416176777,0,2025-26
2025-11-28,22025,ATL,1506.060465293433,1,2025-26
2025-11-30,22025,ATL,1515.6065029889348,0,2025-26
2025-12-01,22025,ATL,1523.2733058236338,0,2025-26
2025-12-03,22025,ATL,1520.8991978492295,1,2025-26
2025-12-05,22025,ATL,1494.4711264230034,1,2025-26
2025-12-06,22025,ATL,1491.4633162229984,0,2025-26
2025-12-12,22025,ATL,1497.82251760553,0,2025-26
2025-12-14,22025,ATL,1487.4126510089998,1,2025-26
2025-12-18,22025,ATL,1491.3217167946673,0,2025-26
2025-12-19,22025,ATL,1481.1902074007176,1,2025-26
2025-12-21,22025,ATL,1463.357601676996,1,2025-26
2025-12-23,22025,ATL,1457.057386514258,1,2025-26
2025-12-26,22025,ATL,1450.0504487074145,1,2025-26
2025-12-27,22025,ATL,1435.975816968732,1,2025-26
2025-12-29,22025,ATL,1432.5050167238796,0,2025-26
2025-12-31,22025,ATL,1430.2659010011882,1,2025-26
2026-01-02,22025,ATL,1457.358956566157,0,2025-26
2026-01-03,22025,ATL,1478.2487853922096,0,2025-26
2026-01-05,22025,ATL,1466.1968613690574,0,2025-26
2026-01-07,22025,ATL,1454.8586075521027,1,2025-26
2026-01-09,22025,ATL,1461.7923593327623,0,2025-26
2026-01-11,22025,ATL,1493.221779876004,0,2025-26
2026-01-13,22025,ATL,1511.2009947919464,0,2025-26
2026-01-15,22025,ATL,1494.3126654323803,0,2025-26
2026-01-17,22025,ATL,1482.127986574885,1,2025-26
2026-01-19,22025,ATL,1468.2455156540752,1,2025-26
2026-01-21,22025,ATL,1461.8787441975176,0,2025-26
2026-01-23,22025,ATL,1468.104475537919,1,2025-26
2026-01-26,22025,ATL,1478.897641833456,1,2025-26
2026-01-28,22025,ATL,1486.1450822242923,0,2025-26
2026-01-29,22025,ATL,1505.8639520021025,1,2025-26
2026-01-31,22025,ATL,1492.13439116797,0,2025-26
2026-02-03,22025,ATL,1483.2160815700447,0,2025-26
2026-02-05,22025,ATL,1498.9110294293775,1,2025-26
2026-02-07,22025,ATL,1500.7479885309735,1,2025-26
2026-02-09,22025,ATL,1493.50646880953,0,2025-26
2026-02-11,22025,ATL,1482.62937753722,0,2025-26
2026-02-19,22025,ATL,1479.7574570662057,0,2025-26
2026-02-20,22025,ATL,1492.649359749248,1,2025-26
2026-02-22,22025,ATL,1467.8735524381607,1,2025-26
2026-02-24,22025,ATL,1472.851546989705,1,2025-26
2026-02-26,22025,ATL,1479.7861863424584,1,2025-26
2026-03-01,22025,ATL,1488.1203235769617,1,2025-26
2026-03-04,22025,ATL,1507.0150943747406,0,2025-26
2026-03-07,22025,ATL,1520.714755359391,1,2025-26
2026-03-10,22025,ATL,1527.9005379419311,1,2025-26
2026-03-12,22025,ATL,1532.3353685585398,1,2025-26
2026-03-14,22025,ATL,1535.649755722178,1,2025-26
2026-03-16,22025,ATL,1543.2128689223323,1,2025-26
2026-03-18,22025,ATL,1553.5810662090485,0,2025-26
2026-03-20,22025,ATL,1561.402840171712,0,2025-26
2026-03-21,22025,ATL,1545.9769635792404,1,2025-26
2026-03-23,22025,ATL,1553.9414232964905,1,2025-26
2026-03-25,22025,ATL,1563.119523466262,0,2025-26
2026-03-27,22025,ATL,1569.4114249333734,0,2025-26
2026-03-28,22025,ATL,1564.518637842441,1,2025-26
2026-03-30,22025,ATL,1567.207677677778,1,2025-26
2026-04-01,22025,ATL,1579.6745928892765,0,2025-26
2026-04-03,22025,ATL,1598.7920796158132,0,2025-26
2026-04-06,22025,ATL,1606.096849731067,1,2025-26
2026-04-08,22025,ATL,1600.0418013048743,0,2025-26
2026-04-10,22025,ATL,1594.0572795956052,1,2025-26
2026-04-12,22025,ATL,1610.1290609413277,0,2025-26
2020-12-22,22020,BKN,1500.0,1,2020-21
2020-12-25,22020,BKN,1516.2495746479965,0,2020-21
2020-12-27,22020,BKN,1539.9627301396874,0,2020-21
2020-12-28,22020,BKN,1535.086038499724,1,2020-21
2020-12-30,22020,BKN,1525.0061838106003,1,2020-21
2021-01-01,22020,BKN,1530.4659096012902,1,2020-21
2021-01-03,22020,BKN,1512.3719493839449,1,2020-21
2021-01-05,22020,BKN,1506.9885574877171,1,2020-21
2021-01-07,22020,BKN,1528.5123892046247,1,2020-21
2021-01-08,22020,BKN,1540.0183862949357,0,2020-21
2021-01-10,22020,BKN,1532.3496095809935,1,2020-21
2021-01-12,22020,BKN,1515.176299904453,1,2020-21
2021-01-13,22020,BKN,1521.8746146221476,0,2020-21
2021-01-16,22020,BKN,1530.054422508562,1,2020-21
2021-01-18,22020,BKN,1535.1062491384228,1,2020-21
2021-01-20,22020,BKN,1539.7248504767322,0,2020-21
2021-01-22,22020,BKN,1526.8907723510924,0,2020-21
2021-01-23,22020,BKN,1515.179577206105,1,2020-21
2021-01-25,22020,BKN,1519.338564541565,1,2020-21
2021-01-27,22020,BKN,1527.1016804517465,0,2020-21
2021-01-29,22020,BKN,1534.6538877066928,0,2020-21
2021-01-31,22020,BKN,1551.0134148172588,0,2020-21
2021-02-02,22020,BKN,1543.9793274782664,1,2020-21
2021-02-05,22020,BKN,1550.345101107677,1,2020-21
2021-02-06,22020,BKN,1539.7884467680474,0,2020-21
2021-02-09,22020,BKN,1528.5551605382732,0,2020-21
2021-02-10,22020,BKN,1515.5927767677065,1,2020-21
2021-02-13,22020,BKN,1523.795964824281,0,2020-21
2021-02-15,22020,BKN,1541.4931157023934,0,2020-21
2021-02-16,22020,BKN,1550.283965519285,0,2020-21
2021-02-18,22020,BKN,1557.849945219399,0,2020-21
2021-02-21,22020,BKN,1573.5714986535245,0,2020-21
2021-02-23,22020,BKN,1581.7730989504869,1,2020-21
2021-02-25,22020,BKN,1585.2770998480987,1,2020-21
2021-02-27,22020,BKN,1594.7008871402547,1,2020-21
2021-03-01,22020,BKN,1570.253977568046,0,2020-21
2021-03-03,22020,BKN,1580.7585308577095,0,2020-21
2021-03-11,22020,BKN,1588.4901411966728,1,2020-21
2021-03-13,22020,BKN,1595.248833576831,1,2020-21
2021-03-15,22020,BKN,1598.0607048540862,1,2020-21
2021-03-17,22020,BKN,1601.972847336303,0,2020-21
2021-03-19,22020,BKN,1609.7292747498418,0,2020-21
2021-03-21,22020,BKN,1593.5682164555462,1,2020-21
2021-03-23,22020,BKN,1596.741920482442,0,2020-21
2021-03-24,22020,BKN,1601.8395674338649,0,2020-21
2021-03-26,22020,BKN,1587.0885462499132,0,2020-21
2021-03-29,22020,BKN,1590.1293267945464,1,2020-21
2021-03-31,22020,BKN,1591.829097515907,1,2020-21
2021-04-01,22020,BKN,1594.4805399174456,1,2020-21
2021-04-04,22020,BKN,1604.605393718133,0,2020-21
2021-04-05,22020,BKN,1591.6511426918232,1,2020-21
2021-04-07,22020,BKN,1594.563194288511,1,2020-21
2021-04-10,22020,BKN,1604.795495026921,1,2020-21
2021-04-13,22020,BKN,1578.0379778489248,0,2020-21
2021-04-14,22020,BKN,1588.2205720124095,0,2020-21
2021-04-16,22020,BKN,1582.7716540694876,1,2020-21
2021-04-18,22020,BKN,1590.014812924572,0,2020-21
2021-04-20,22020,BKN,1584.2374665758318,0,2020-21
2021-04-21,22020,BKN,1589.7455809473147,0,2020-21
2021-04-23,22020,BKN,1575.5500297763626,1,2020-21
2021-04-25,22020,BKN,1581.0414505102133,1,2020-21
2021-04-27,22020,BKN,1590.1780031730398,0,2020-21
2021-04-29,22020,BKN,1599.8424136363465,0,2020-21
2021-04-30,22020,BKN,1610.496224383936,1,2020-21
2021-05-02,22020,BKN,1586.1531874703771,0,2020-21
2021-05-04,22020,BKN,1581.8882151717105,0,2020-21
2021-05-06,22020,BKN,1576.198115064023,0,2020-21
2021-05-08,22020,BKN,1570.81340749799,0,2020-21
2021-05-11,22020,BKN,1581.60217256039,0,2020-21
2021-05-12,22020,BKN,1589.36124124682,1,2020-21
2021-05-15,22020,BKN,1595.7898818376989,1,2020-21
2021-05-16,22020,BKN,1602.451485113973,1,2020-21
2021-10-19,22021,BKN,1563.011279841156,0,2021-22
2021-10-22,22021,BKN,1548.0561527366451,0,2021-22
2021-10-24,22021,BKN,1557.4030140495645,1,2021-22
2021-10-25,22021,BKN,1535.7845724412498,1,2021-22
2021-10-27,22021,BKN,1545.9662499840374,1,2021-22
2021-10-29,22021,BKN,1531.6184675030884,1,2021-22
2021-10-31,22021,BKN,1536.936817544044,1,2021-22
2021-11-03,22021,BKN,1545.509535462348,1,2021-22
2021-11-05,22021,BKN,1553.3386669933616,0,2021-22
2021-11-07,22021,BKN,1557.7385588979462,0,2021-22
2021-11-08,22021,BKN,1569.7703257756036,0,2021-22
2021-11-10,22021,BKN,1552.4400629783795,0,2021-22
2021-11-12,22021,BKN,1565.7278949748902,0,2021-22
2021-11-14,22021,BKN,1571.3252573498453,0,2021-22
2021-11-16,22021,BKN,1580.9519714015453,1,2021-22
2021-11-17,22021,BKN,1563.9031222817955,1,2021-22
2021-11-19,22021,BKN,1569.487583621608,1,2021-22
2021-11-22,22021,BKN,1570.9295352368686,0,2021-22
2021-11-24,22021,BKN,1576.3124527211685,0,2021-22
2021-11-27,22021,BKN,1592.080065943772,1,2021-22
2021-11-30,22021,BKN,1584.649060581888,1,2021-22
2021-12-03,22021,BKN,1587.6917326272087,1,2021-22
2021-12-04,22021,BKN,1591.5955382402146,1,2021-22
2021-12-07,22021,BKN,1583.132716912373,0,2021-22
2021-12-08,22021,BKN,1587.961903645721,0,2021-22
2021-12-10,22021,BKN,1570.004743753919,0,2021-22
2021-12-12,22021,BKN,1580.3912610577177,0,2021-22
2021-12-14,22021,BKN,1584.8850042156328,1,2021-22
2021-12-16,22021,BKN,1587.4889813171965,1,2021-22
2021-12-18,22021,BKN,1593.7360270593406,1,2021-22
2021-12-25,22021,BKN,1573.356058469617,0,2021-22
2021-12-27,22021,BKN,1579.7509097916643,0,2021-22
2021-12-30,22021,BKN,1592.211844962523,1,2021-22
2022-01-01,22021,BKN,1579.826914080768,1,2021-22
2022-01-03,22021,BKN,1569.999225712178,1,2021-22
2022-01-05,22021,BKN,1554.475748418388,0,2021-22
2022-01-07,22021,BKN,1562.3850029006232,1,2021-22
2022-01-09,22021,BKN,1548.4831435924316,1,2021-22
2022-01-10,22021,BKN,1551.553140408578,0,2021-22
2022-01-12,22021,BKN,1541.42202171354,0,2021-22
2022-01-13,22021,BKN,1567.9898005631303,1,2021-22
2022-01-15,22021,BKN,1531.0547221641648,1,2021-22
2022-01-17,22021,BKN,1539.613485436087,0,2021-22
2022-01-19,22021,BKN,1534.1483611586027,0,2021-22
2022-01-21,22021,BKN,1538.1271269790627,0,2021-22
2022-01-23,22021,BKN,1550.503450232697,0,2021-22
2022-01-25,22021,BKN,1540.4906368296345,1,2021-22
2022-01-26,22021,BKN,1524.7994716739822,1,2021-22
2022-01-29,22021,BKN,1515.8736707402393,0,2021-22
2022-02-01,22021,BKN,1512.9509908459163,0,2021-22
2022-02-02,22021,BKN,1509.2971646091214,0,2021-22
2022-02-04,22021,BKN,1493.2164869153933,0,2021-22
2022-02-06,22021,BKN,1482.0627964652967,0,2021-22
2022-02-08,22021,BKN,1472.0388491942751,1,2021-22
2022-02-10,22021,BKN,1453.5902340348307,0,2021-22
2022-02-12,22021,BKN,1449.8537888556093,0,2021-22
2022-02-14,22021,BKN,1447.4275474595202,1,2021-22
2022-02-16,22021,BKN,1459.6999657843753,0,2021-22
2022-02-17,22021,BKN,1467.535382358153,1,2021-22
2022-02-24,22021,BKN,1449.2369936082312,1,2021-22
2022-02-26,22021,BKN,1439.4610976840845,0,2021-22
2022-02-28,22021,BKN,1448.6260846286173,1,2021-22
2022-03-01,22021,BKN,1425.5328316807786,0,2021-22
2022-03-03,22021,BKN,1423.562227387608,1,2021-22
2022-03-06,22021,BKN,1419.4569784567327,0,2021-22
2022-03-08,22021,BKN,1417.2573357778224,0,2021-22
2022-03-10,22021,BKN,1433.9062893242003,0,2021-22
2022-03-13,22021,BKN,1474.3648926063606,1,2021-22
2022-03-15,22021,BKN,1479.3091241954671,0,2021-22
2022-03-16,22021,BKN,1502.2551593491924,1,2021-22
2022-03-18,22021,BKN,1498.223349868416,1,2021-22
2022-03-21,22021,BKN,1501.433084224018,1,2021-22
2022-03-23,22021,BKN,1512.5795361753528,0,2021-22
2022-03-26,22021,BKN,1506.6960694586944,0,2021-22
2022-03-27,22021,BKN,1526.6365409700506,1,2021-22
2022-03-29,22021,BKN,1515.098233328257,1,2021-22
2022-03-31,22021,BKN,1518.5145546602732,1,2021-22
2022-04-02,22021,BKN,1514.809301621819,0,2021-22
2022-04-05,22021,BKN,1508.885310222131,1,2021-22
2022-04-06,22021,BKN,1512.9872281139808,0,2021-22
2022-04-08,22021,BKN,1526.4108214543185,1,2021-22
2022-04-10,22021,BKN,1533.7739310534166,1,2021-22
2022-10-19,22022,BKN,1522.3298388536596,1,2022-23
2022-10-21,22022,BKN,1500.4309960946985,1,2022-23
2022-10-24,22022,BKN,1506.924313240006,0,2022-23
2022-10-26,22022,BKN,1500.1584307203698,0,2022-23
2022-10-27,22022,BKN,1492.8208220780791,1,2022-23
2022-10-29,22022,BKN,1487.1240853450954,1,2022-23
2022-10-31,22022,BKN,1472.613394569624,1,2022-23
2022-11-01,22022,BKN,1478.3437812896325,1,2022-23
2022-11-04,22022,BKN,1466.707016484834,0,2022-23
2022-11-05,22022,BKN,1499.180169753706,0,2022-23
2022-11-07,22022,BKN,1506.4158231195806,0,2022-23
2022-11-09,22022,BKN,1503.4339860545915,1,2022-23
2022-11-12,22022,BKN,1520.593270056571,0,2022-23
2022-11-13,22022,BKN,1535.3051834967946,0,2022-23
2022-11-15,22022,BKN,1518.7622970548928,0,2022-23
2022-11-17,22022,BKN,1494.5446568896846,0,2022-23
2022-11-20,22022,BKN,1499.474181930312,1,2022-23
2022-11-22,22022,BKN,1511.9030827791144,0,2022-23
2022-11-23,22022,BKN,1505.4515150922616,0,2022-23
2022-11-25,22022,BKN,1522.760316507722,0,2022-23
2022-11-27,22022,BKN,1511.6607782641067,1,2022-23
2022-11-28,22022,BKN,1519.3054509061749,1,2022-23
2022-11-30,22022,BKN,1522.812972940928,1,2022-23
2022-12-02,22022,BKN,1528.0595731959509,1,2022-23
2022-12-04,22022,BKN,1536.2193654870305,1,2022-23
2022-12-07,22022,BKN,1528.176151445894,1,2022-23
2022-12-09,22022,BKN,1532.229011876745,1,2022-23
2022-12-10,22022,BKN,1536.9042226730376,0,2022-23
2022-12-12,22022,BKN,1541.8881433025012,0,2022-23
2022-12-16,22022,BKN,1551.0996431619633,0,2022-23
2022-12-18,22022,BKN,1556.685073639232,0,2022-23
2022-12-21,22022,BKN,1560.0587765323671,1,2022-23
2022-12-23,22022,BKN,1575.5652041578956,1,2022-23
2022-12-26,22022,BKN,1588.4796853390362,0,2022-23
2022-12-28,22022,BKN,1598.8266197127318,0,2022-23
2022-12-31,22022,BKN,1601.989345230626,0,2022-23
2023-01-02,22022,BKN,1609.2900751328295,1,2022-23
2023-01-04,22022,BKN,1615.8954206920637,0,2022-23
2023-01-06,22022,BKN,1602.5955944541124,0,2022-23
2023-01-08,22022,BKN,1611.0259949092642,0,2022-23
2023-01-12,22022,BKN,1614.54399021648,1,2022-23
2023-01-15,22022,BKN,1601.834199285689,1,2022-23
2023-01-17,22022,BKN,1585.9202840928551,0,2022-23
2023-01-19,22022,BKN,1569.8098547749833,0,2022-23
2023-01-20,22022,BKN,1561.7659069789431,0,2022-23
2023-01-22,22022,BKN,1572.9182583792092,0,2022-23
2023-01-25,22022,BKN,1579.1203923567646,0,2022-23
2023-01-26,22022,BKN,1574.1688674387558,1,2022-23
2023-01-28,22022,BKN,1554.6392804430384,1,2022-23
2023-01-30,22022,BKN,1561.1199150898608,1,2022-23
2023-02-01,22022,BKN,1569.475456345277,0,2022-23
2023-02-04,22022,BKN,1550.227284612714,1,2022-23
2023-02-06,22022,BKN,1553.576298269914,1,2022-23
2023-02-07,22022,BKN,1541.6684465124574,1,2022-23
2023-02-09,22022,BKN,1533.56555024183,1,2022-23
2023-02-11,22022,BKN,1541.8383992103709,1,2022-23
2023-02-13,22022,BKN,1536.0573393581687,0,2022-23
2023-02-15,22022,BKN,1523.256301738244,1,2022-23
2023-02-24,22022,BKN,1533.0353448835574,0,2022-23
2023-02-26,22022,BKN,1502.6022033273664,0,2022-23
2023-02-28,22022,BKN,1498.7865440391276,1,2022-23
2023-03-01,22022,BKN,1489.561401504615,0,2022-23
2023-03-03,22022,BKN,1479.910195391301,0,2022-23
2023-03-05,22022,BKN,1498.704316372617,1,2022-23
2023-03-07,22022,BKN,1505.9524714910528,0,2022-23
2023-03-09,22022,BKN,1515.2600352470574,0,2022-23
2023-03-10,22022,BKN,1512.1411711710434,0,2022-23
2023-03-12,22022,BKN,1516.9419227845042,0,2022-23
2023-03-14,22022,BKN,1524.0142810084667,0,2022-23
2023-03-16,22022,BKN,1513.3159127596132,1,2022-23
2023-03-19,22022,BKN,1506.241609677203,1,2022-23
2023-03-21,22022,BKN,1498.7122452990034,1,2022-23
2023-03-23,22022,BKN,1492.6382462774643,1,2022-23
2023-03-25,22022,BKN,1489.0312693275996,0,2022-23
2023-03-26,22022,BKN,1517.6615296126397,0,2022-23
2023-03-29,22022,BKN,1504.9822536381903,1,2022-23
2023-03-31,22022,BKN,1507.8516402723417,1,2022-23
2023-04-02,22022,BKN,1519.4827617862063,1,2022-23
2023-04-04,22022,BKN,1521.7611446899475,1,2022-23
2023-04-05,22022,BKN,1512.9484481228767,0,2022-23
2023-04-07,22022,BKN,1518.6668939088868,1,2022-23
2023-04-09,22022,BKN,1528.308362085149,1,2022-23
2023-10-25,22023,BKN,1505.1342882816564,1,2023-24
2023-10-27,22023,BKN,1501.1274781538864,0,2023-24
2023-10-30,22023,BKN,1494.546590886355,0,2023-24
2023-11-01,22023,BKN,1505.3639305448978,0,2023-24
2023-11-03,22023,BKN,1512.6832480916366,0,2023-24
2023-11-04,22023,BKN,1518.0471805545717,1,2023-24
2023-11-06,22023,BKN,1510.009003041167,1,2023-24
2023-11-08,22023,BKN,1503.0692278800886,1,2023-24
2023-11-10,22023,BKN,1510.8481565169468,0,2023-24
2023-11-12,22023,BKN,1504.566481205639,1,2023-24
2023-11-14,22023,BKN,1510.0544151862848,1,2023-24
2023-11-16,22023,BKN,1522.5554758464104,0,2023-24
2023-11-19,22023,BKN,1515.8381449540366,1,2023-24
2023-11-22,22023,BKN,1500.7543134493928,0,2023-24
2023-11-25,22023,BKN,1496.9216111538,1,2023-24
2023-11-26,22023,BKN,1511.5130022626415,1,2023-24
2023-11-28,22023,BKN,1517.522416121859,1,2023-24
2023-11-30,22023,BKN,1526.948929789805,1,2023-24
2023-12-02,22023,BKN,1519.5810704037365,1,2023-24
2023-12-06,22023,BKN,1539.715534465602,0,2023-24
2023-12-08,22023,BKN,1543.985520334854,1,2023-24
2023-12-11,22023,BKN,1551.6532566820647,0,2023-24
2023-12-13,22023,BKN,1540.4764050324409,0,2023-24
2023-12-14,22023,BKN,1547.9732944291932,0,2023-24
2023-12-16,22023,BKN,1533.7672247833138,0,2023-24
2023-12-18,22023,BKN,1528.084501401,0,2023-24
2023-12-20,22023,BKN,1508.152882030822,1,2023-24
2023-12-22,22023,BKN,1492.815991449426,1,2023-24
2023-12-23,22023,BKN,1486.934943686489,1,2023-24
2023-12-26,22023,BKN,1489.9145652579923,0,2023-24
2023-12-27,22023,BKN,1493.33791779294,1,2023-24
2023-12-29,22023,BKN,1480.230499885464,0,2023-24
2023-12-31,22023,BKN,1469.754972102958,0,2023-24
2024-01-02,22023,BKN,1464.4295049276,0,2023-24
2024-01-03,22023,BKN,1453.914776321038,0,2023-24
2024-01-05,22023,BKN,1446.0789831313004,1,2023-24
2024-01-07,22023,BKN,1461.4344515442597,1,2023-24
2024-01-11,22023,BKN,1446.7452997078765,0,2023-24
2024-01-15,22023,BKN,1441.6433271280498,1,2023-24
2024-01-17,22023,BKN,1438.3395313980775,0,2023-24
2024-01-19,22023,BKN,1432.2286429657424,0,2023-24
2024-01-21,22023,BKN,1453.5000738623592,0,2023-24
2024-01-23,22023,BKN,1449.5181795131512,1,2023-24
2024-01-25,22023,BKN,1445.124297680947,1,2023-24
2024-01-27,22023,BKN,1442.113064219954,1,2023-24
2024-01-29,22023,BKN,1446.4418520141933,1,2023-24
2024-01-31,22023,BKN,1473.9913586695118,1,2023-24
2024-02-03,22023,BKN,1461.898566794602,0,2023-24
2024-02-05,22023,BKN,1482.4932743689046,1,2023-24
2024-02-06,22023,BKN,1469.9582288153708,1,2023-24
2024-02-08,22023,BKN,1455.9877605091972,1,2023-24
2024-02-10,22023,BKN,1446.4119397398167,1,2023-24
2024-02-13,22023,BKN,1453.3738619711971,1,2023-24
2024-02-14,22023,BKN,1449.3075297127095,0,2023-24
2024-02-22,22023,BKN,1441.2039522881253,0,2023-24
2024-02-24,22023,BKN,1420.2188551424608,0,2023-24
2024-02-26,22023,BKN,1416.6248724335508,0,2023-24
2024-02-27,22023,BKN,1438.888085475353,0,2023-24
2024-02-29,22023,BKN,1426.7842539531982,1,2023-24
2024-03-02,22023,BKN,1445.222904617024,1,2023-24
2024-03-04,22023,BKN,1454.3577696096793,1,2023-24
2024-03-05,22023,BKN,1443.912825944002,1,2023-24
2024-03-07,22023,BKN,1450.4545353428948,0,2023-24
2024-03-09,22023,BKN,1439.597262108058,0,2023-24
2024-03-10,22023,BKN,1424.6585984640362,0,2023-24
2024-03-13,22023,BKN,1455.9687478714752,0,2023-24
2024-03-16,22023,BKN,1450.1096565164469,0,2023-24
2024-03-17,22023,BKN,1440.847515258455,0,2023-24
2024-03-19,22023,BKN,1431.4224440280798,1,2023-24
2024-03-21,22023,BKN,1424.45318788829,0,2023-24
2024-03-23,22023,BKN,1420.855911644774,0,2023-24
2024-03-25,22023,BKN,1415.9533922221951,0,2023-24
2024-03-27,22023,BKN,1424.103655140798,0,2023-24
2024-03-29,22023,BKN,1428.2373359734324,1,2023-24
2024-03-31,22023,BKN,1443.2312766362882,1,2023-24
2024-04-01,22023,BKN,1433.6847904248775,0,2023-24
2024-04-03,22023,BKN,1425.7386209154572,1,2023-24
2024-04-06,22023,BKN,1434.4787643914624,1,2023-24
2024-04-07,22023,BKN,1438.833762807452,1,2023-24
2024-04-10,22023,BKN,1420.696990523206,1,2023-24
2024-04-12,22023,BKN,1423.963600057152,0,2023-24
2024-04-14,22023,BKN,1421.697302626342,0,2023-24
2024-10-23,22024,BKN,1447.5205215692731,0,2024-25
2024-10-25,22024,BKN,1442.7793381423278,0,2024-25
2024-10-27,22024,BKN,1435.4042353500342,1,2024-25
2024-10-29,22024,BKN,1449.041201520995,1,2024-25
2024-10-30,22024,BKN,1443.6435509483515,0,2024-25
2024-11-01,22024,BKN,1456.35452730389,1,2024-25
2024-11-03,22024,BKN,1464.9738238554344,1,2024-25
2024-11-04,22024,BKN,1444.6565247390715,1,2024-25
2024-11-08,22024,BKN,1448.4731854791644,0,2024-25
2024-11-09,22024,BKN,1446.6087094983184,0,2024-25
2024-11-11,22024,BKN,1443.713231774038,0,2024-25
2024-11-13,22024,BKN,1449.6938445325118,1,2024-25
2024-11-15,22024,BKN,1440.0676037623348,0,2024-25
2024-11-17,22024,BKN,1437.761236063665,0,2024-25
2024-11-19,22024,BKN,1432.9187521832011,1,2024-25
2024-11-22,22024,BKN,1435.8010174935876,0,2024-25
2024-11-24,22024,BKN,1423.5815114383597,0,2024-25
2024-11-25,22024,BKN,1434.7584571226864,0,2024-25
2024-11-27,22024,BKN,1452.584579477575,0,2024-25
2024-11-29,22024,BKN,1469.0887980583184,1,2024-25
2024-12-01,22024,BKN,1453.9016453838135,1,2024-25
2024-12-02,22024,BKN,1447.1710149007122,0,2024-25
2024-12-04,22024,BKN,1430.2594250243633,1,2024-25
2024-12-08,22024,BKN,1438.853630595273,1,2024-25
2024-12-13,22024,BKN,1432.2156054459012,0,2024-25
2024-12-16,22024,BKN,1425.584990759622,1,2024-25
2024-12-19,22024,BKN,1413.0447125156004,0,2024-25
2024-12-21,22024,BKN,1421.9968420311573,1,2024-25
2024-12-23,22024,BKN,1406.7309985455108,0,2024-25
2024-12-26,22024,BKN,1400.80046327141,0,2024-25
2024-12-27,22024,BKN,1414.2786577387683,1,2024-25
2024-12-29,22024,BKN,1403.9402601837412,0,2024-25
2025-01-01,22024,BKN,1402.1509580609463,0,2024-25
2025-01-02,22024,BKN,1386.7406229752917,0,2024-25
2025-01-04,22024,BKN,1396.5760482663152,1,2024-25
2025-01-06,22024,BKN,1376.1588365460348,1,2024-25
2025-01-08,22024,BKN,1367.9717263292712,1,2024-25
2025-01-10,22024,BKN,1356.6202855675815,0,2024-25
2025-01-12,22024,BKN,1352.3976692765175,0,2024-25
2025-01-14,22024,BKN,1349.8788405057414,0,2024-25
2025-01-15,22024,BKN,1368.2292045373756,0,2024-25
2025-01-17,22024,BKN,1354.5037728048935,0,2024-25
2025-01-19,22024,BKN,1352.7086899120366,0,2024-25
2025-01-21,22024,BKN,1350.6388454057285,1,2024-25
2025-01-22,22024,BKN,1347.8282090765306,1,2024-25
2025-01-25,22024,BKN,1334.9209196112245,1,2024-25
2025-01-27,22024,BKN,1328.0722397967456,1,2024-25
2025-01-29,22024,BKN,1321.8528251659786,0,2024-25
2025-02-01,22024,BKN,1344.646819144802,0,2024-25
2025-02-04,22024,BKN,1371.8973230817498,1,2024-25
2025-02-05,22024,BKN,1379.9158070939293,1,2024-25
2025-02-07,22024,BKN,1354.4326150449413,1,2024-25
2025-02-10,22024,BKN,1372.6564440420284,1,2024-25
2025-02-12,22024,BKN,1378.40263038085,1,2024-25
2025-02-20,22024,BKN,1384.8819387658848,1,2024-25
2025-02-22,22024,BKN,1381.2405875901009,0,2024-25
2025-02-24,22024,BKN,1387.7751254165198,0,2024-25
2025-02-26,22024,BKN,1375.4732788250735,1,2024-25
2025-02-28,22024,BKN,1373.4300138109063,1,2024-25
2025-03-01,22024,BKN,1360.4918453870405,0,2024-25
2025-03-04,22024,BKN,1355.2670440199768,0,2024-25
2025-03-06,22024,BKN,1347.6585312059249,1,2024-25
2025-03-08,22024,BKN,1345.3130867638602,0,2024-25
2025-03-10,22024,BKN,1338.8151539277862,1,2024-25
2025-03-11,22024,BKN,1349.5059618350335,0,2024-25
2025-03-13,22024,BKN,1348.7953041202122,0,2024-25
2025-03-15,22024,BKN,1344.377019559662,1,2024-25
2025-03-16,22024,BKN,1343.114835444461,1,2024-25
2025-03-18,22024,BKN,1354.085283153342,0,2024-25
2025-03-20,22024,BKN,1352.6707552549349,0,2024-25
2025-03-22,22024,BKN,1350.2483241762002,0,2024-25
2025-03-24,22024,BKN,1348.1001141723104,1,2024-25
2025-03-26,22024,BKN,1334.1361755108244,1,2024-25
2025-03-28,22024,BKN,1312.149314799056,1,2024-25
2025-03-29,22024,BKN,1304.2994679616706,0,2024-25
2025-03-31,22024,BKN,1310.1038855577517,0,2024-25
2025-04-03,22024,BKN,1321.4391558483055,1,2024-25
2025-04-06,22024,BKN,1317.4794336857426,1,2024-25
2025-04-08,22024,BKN,1307.67401048301,1,2024-25
2025-04-10,22024,BKN,1314.2475144841787,1,2024-25
2025-04-11,22024,BKN,1301.1154028526842,0,2024-25
2025-04-13,22024,BKN,1298.307693952254,1,2024-25
2025-10-22,22025,BKN,1376.8774012542617,0,2025-26
2025-10-24,22025,BKN,1362.1333368385629,1,2025-26
2025-10-26,22025,BKN,1358.3702966929995,0,2025-26
2025-10-27,22025,BKN,1353.2745097590214,0,2025-26
2025-10-29,22025,BKN,1346.155583825017,1,2025-26
2025-11-02,22025,BKN,1340.7686683607362,1,2025-26
2025-11-03,22025,BKN,1323.2262961354818,1,2025-26
2025-11-05,22025,BKN,1317.3203366268558,0,2025-26
2025-11-07,22025,BKN,1336.323745944149,1,2025-26
2025-11-09,22025,BKN,1328.9428503981912,0,2025-26
2025-11-11,22025,BKN,1322.3799694668653,1,2025-26
2025-11-14,22025,BKN,1315.8564709875875,0,2025-26
2025-11-16,22025,BKN,1313.241785176533,0,2025-26
2025-11-18,22025,BKN,1332.6436125498058,1,2025-26
2025-11-21,22025,BKN,1327.1651996742269,0,2025-26
2025-11-23,22025,BKN,1347.662626184791,0,2025-26
2025-11-24,22025,BKN,1344.220646893979,1,2025-26
2025-11-28,22025,BKN,1337.939839124335,1,2025-26
2025-11-29,22025,BKN,1327.2704315495405,0,2025-26
2025-12-01,22025,BKN,1320.8115798563224,1,2025-26
2025-12-03,22025,BKN,1332.460836968293,0,2025-26
2025-12-04,22025,BKN,1350.2493538311028,1,2025-26
2025-12-06,22025,BKN,1337.4377340542042,1,2025-26
2025-12-12,22025,BKN,1348.9789675112888,0,2025-26
2025-12-14,22025,BKN,1344.084921688566,1,2025-26
2025-12-18,22025,BKN,1381.9284561821698,1,2025-26
2025-12-21,22025,BKN,1374.0477465252236,1,2025-26
2025-12-23,22025,BKN,1390.583087662673,0,2025-26
2025-12-27,22025,BKN,1404.307333892932,0,2025-26
2025-12-29,22025,BKN,1432.8716692191297,1,2025-26
2026-01-01,22025,BKN,1423.5074652517287,1,2025-26
2026-01-02,22025,BKN,1413.636697840898,0,2025-26
2026-01-04,22025,BKN,1395.2080027184456,1,2025-26
2026-01-07,22025,BKN,1414.1454517746668,1,2025-26
2026-01-09,22025,BKN,1410.744186561794,1,2025-26
2026-01-11,22025,BKN,1399.2795020866624,0,2025-26
2026-01-12,22025,BKN,1395.098444691283,0,2025-26
2026-01-14,22025,BKN,1388.050304037309,0,2025-26
2026-01-16,22025,BKN,1382.4668880979032,1,2025-26
2026-01-18,22025,BKN,1388.0475736087103,0,2025-26
2026-01-19,22025,BKN,1375.7649732451905,1,2025-26
2026-01-21,22025,BKN,1370.7048192541483,0,2025-26
2026-01-23,22025,BKN,1355.4717605026865,1,2025-26
2026-01-25,22025,BKN,1353.1991408087963,0,2025-26
2026-01-27,22025,BKN,1344.318759290666,0,2025-26
2026-01-29,22025,BKN,1342.5214482099432,0,2025-26
2026-01-30,22025,BKN,1340.5005732703517,0,2025-26
2026-02-01,22025,BKN,1352.557362113318,0,2025-26
2026-02-03,22025,BKN,1345.5423397453048,1,2025-26
2026-02-05,22025,BKN,1336.7720114428455,0,2025-26
2026-02-07,22025,BKN,1329.2253825876046,1,2025-26
2026-02-09,22025,BKN,1339.9439187087671,1,2025-26
2026-02-11,22025,BKN,1349.9615958307504,1,2025-26
2026-02-19,22025,BKN,1342.017187856302,0,2025-26
2026-02-20,22025,BKN,1337.8324702258735,0,2025-26
2026-02-22,22025,BKN,1335.3128731640704,0,2025-26
2026-02-24,22025,BKN,1330.3348786125262,1,2025-26
2026-02-26,22025,BKN,1321.7730882220858,1,2025-26
2026-02-27,22025,BKN,1318.4512642085613,0,2025-26
2026-03-01,22025,BKN,1314.3521523026236,1,2025-26
2026-03-03,22025,BKN,1312.4919164440842,0,2025-26
2026-03-05,22025,BKN,1306.9795534026828,0,2025-26
2026-03-07,22025,BKN,1303.278635655669,0,2025-26
2026-03-09,22025,BKN,1316.3714439368675,1,2025-26
2026-03-10,22025,BKN,1329.2289461527782,1,2025-26
2026-03-12,22025,BKN,1321.1923143150057,0,2025-26
2026-03-14,22025,BKN,1317.8779271513674,0,2025-26
2026-03-16,22025,BKN,1314.6068858020813,1,2025-26
2026-03-18,22025,BKN,1304.11126801691,1,2025-26
2026-03-20,22025,BKN,1300.239032620176,1,2025-26
2026-03-22,22025,BKN,1299.2577452706753,0,2025-26
2026-03-23,22025,BKN,1294.6405147581036,0,2025-26
2026-03-25,22025,BKN,1286.3018469871606,0,2025-26
2026-03-27,22025,BKN,1284.2387758737596,0,2025-26
2026-03-29,22025,BKN,1281.8102353386937,1,2025-26
2026-03-31,22025,BKN,1295.991862688328,1,2025-26
2026-04-03,22025,BKN,1290.0283600214143,1,2025-26
2026-04-05,22025,BKN,1282.7235899061604,1,2025-26
2026-04-07,22025,BKN,1288.399207491056,1,2025-26
2026-04-09,22025,BKN,1296.6342691376465,1,2025-26
2026-04-10,22025,BKN,1272.8709669920795,0,2025-26
2026-04-12,22025,BKN,1264.0036428152437,0,2025-26
2020-12-23,22020,BOS,1500.0,1,2020-21
2020-12-25,22020,BOS,1503.3309766784864,1,2020-21
2020-12-27,22020,BOS,1479.6178211867957,0,2020-21
2020-12-29,22020,BOS,1476.8993616370626,0,2020-21
2020-12-30,22020,BOS,1486.7895559645422,1,2020-21
2021-01-01,22020,BOS,1499.733453365746,0,2020-21
2021-01-03,22020,BOS,1494.3879885401986,0,2020-21
2021-01-04,22020,BOS,1499.6308721039004,0,2020-21
2021-01-06,22020,BOS,1512.7017569523443,0,2020-21
2021-01-08,22020,BOS,1518.017008957,1,2020-21
2021-01-15,22020,BOS,1524.8012001300262,1,2020-21
2021-01-17,22020,BOS,1538.0275930569055,1,2020-21
2021-01-20,22020,BOS,1504.3075716315705,0,2020-21
2021-01-22,22020,BOS,1497.5682965809194,0,2020-21
2021-01-24,22020,BOS,1489.4169637307932,1,2020-21
2021-01-25,22020,BOS,1510.6308193789466,0,2020-21
2021-01-27,22020,BOS,1526.5416162357574,0,2020-21
2021-01-30,22020,BOS,1521.0006920365852,1,2020-21
2021-02-02,22020,BOS,1517.2576266528686,0,2020-21
2021-02-03,22020,BOS,1524.2627209512932,0,2020-21
2021-02-05,22020,BOS,1516.4466306054112,0,2020-21
2021-02-07,22020,BOS,1526.1694268705885,0,2020-21
2021-02-09,22020,BOS,1517.9350598881158,0,2020-21
2021-02-11,22020,BOS,1511.7292479482776,1,2020-21
2021-02-12,22020,BOS,1523.486477617245,1,2020-21
2021-02-14,22020,BOS,1511.3671939414482,0,2020-21
2021-02-16,22020,BOS,1495.6715276263844,1,2020-21
2021-02-17,22020,BOS,1509.0387979905,1,2020-21
2021-02-19,22020,BOS,1496.8064006078664,1,2020-21
2021-02-21,22020,BOS,1505.8328700437075,0,2020-21
2021-02-23,22020,BOS,1499.6190455933051,0,2020-21
2021-02-24,22020,BOS,1494.650424821035,0,2020-21
2021-02-26,22020,BOS,1482.7973030620458,1,2020-21
2021-02-28,22020,BOS,1489.8884660602278,1,2020-21
2021-03-02,22020,BOS,1492.7830573208105,1,2020-21
2021-03-04,22020,BOS,1500.830757463622,1,2020-21
2021-03-11,22020,BOS,1508.111149547288,0,2020-21
2021-03-14,22020,BOS,1501.3524571671298,0,2020-21
2021-03-16,22020,BOS,1514.788127661554,1,2020-21
2021-03-17,22020,BOS,1508.117003067906,0,2020-21
2021-03-19,22020,BOS,1496.710909998449,1,2020-21
2021-03-21,22020,BOS,1479.603259743084,1,2020-21
2021-03-22,22020,BOS,1487.1616129694169,0,2020-21
2021-03-24,22020,BOS,1481.2401731245754,0,2020-21
2021-03-26,22020,BOS,1479.0407667414866,0,2020-21
2021-03-27,22020,BOS,1494.9118866519505,0,2020-21
2021-03-29,22020,BOS,1508.0720418151086,1,2020-21
2021-03-31,22020,BOS,1498.7618843734697,1,2020-21
2021-04-02,22020,BOS,1491.7911511529987,1,2020-21
2021-04-04,22020,BOS,1497.1972256407173,1,2020-21
2021-04-06,22020,BOS,1516.9941072796744,1,2020-21
2021-04-07,22020,BOS,1508.018875625373,1,2020-21
2021-04-09,22020,BOS,1512.1371008103174,1,2020-21
2021-04-11,22020,BOS,1515.8637748661567,0,2020-21
2021-04-13,22020,BOS,1541.0064151908448,0,2020-21
2021-04-15,22020,BOS,1545.2565301497914,0,2020-21
2021-04-17,22020,BOS,1557.1702210858332,1,2020-21
2021-04-19,22020,BOS,1561.4752434988534,1,2020-21
2021-04-22,22020,BOS,1548.6715069729162,1,2020-21
2021-04-23,22020,BOS,1562.2618628433745,0,2020-21
2021-04-25,22020,BOS,1556.770442109524,0,2020-21
2021-04-27,22020,BOS,1537.544444376088,1,2020-21
2021-04-28,22020,BOS,1523.0759347876383,1,2020-21
2021-04-30,22020,BOS,1529.8356029905024,1,2020-21
2021-05-02,22020,BOS,1533.816246291456,1,2020-21
2021-05-05,22020,BOS,1522.0712369576904,0,2020-21
2021-05-07,22020,BOS,1535.927644318784,0,2020-21
2021-05-09,22020,BOS,1516.7990600317703,1,2020-21
2021-05-11,22020,BOS,1507.6684979226493,1,2020-21
2021-05-12,22020,BOS,1497.590919420102,0,2020-21
2021-05-15,22020,BOS,1483.449150380805,0,2020-21
2021-05-16,22020,BOS,1496.9738169905895,0,2020-21
2021-10-20,22021,BOS,1496.1446084421457,0,2021-22
2021-10-22,22021,BOS,1492.1531707970112,1,2021-22
2021-10-24,22021,BOS,1460.128725958665,0,2021-22
2021-10-25,22021,BOS,1469.6661916019532,0,2021-22
2021-10-27,22021,BOS,1483.823619360561,1,2021-22
2021-10-30,22021,BOS,1473.4349510701252,0,2021-22
2021-11-01,22021,BOS,1469.919561576655,1,2021-22
2021-11-03,22021,BOS,1457.6554061269123,0,2021-22
2021-11-04,22021,BOS,1468.3066561700505,0,2021-22
2021-11-06,22021,BOS,1494.0476822947585,0,2021-22
2021-11-10,22021,BOS,1489.8392183773865,1,2021-22
2021-11-12,22021,BOS,1501.46946883588,1,2021-22
2021-11-13,22021,BOS,1511.2260956045402,0,2021-22
2021-11-15,22021,BOS,1506.5640276638037,0,2021-22
2021-11-17,22021,BOS,1514.8437193988598,0,2021-22
2021-11-19,22021,BOS,1505.8550237925208,1,2021-22
2021-11-20,22021,BOS,1518.1571134899966,1,2021-22
2021-11-22,22021,BOS,1521.1644984350808,1,2021-22
2021-11-24,22021,BOS,1525.6175130377278,1,2021-22
2021-11-26,22021,BOS,1509.8498998151242,0,2021-22
2021-11-28,22021,BOS,1499.3888998664652,0,2021-22
2021-12-01,22021,BOS,1512.5296145970967,1,2021-22
2021-12-03,22021,BOS,1516.3959306126435,0,2021-22
2021-12-04,22021,BOS,1512.24215567168,0,2021-22
2021-12-07,22021,BOS,1536.8521102066163,0,2021-22
2021-12-08,22021,BOS,1522.9344307641138,0,2021-22
2021-12-10,22021,BOS,1517.9810720478874,0,2021-22
2021-12-13,22021,BOS,1510.5504492717232,1,2021-22
2021-12-17,22021,BOS,1525.2803309186734,1,2021-22
2021-12-18,22021,BOS,1520.773575600546,1,2021-22
2021-12-20,22021,BOS,1526.732509083463,1,2021-22
2021-12-22,22021,BOS,1518.243707197445,1,2021-22
2021-12-25,22021,BOS,1529.668271604976,0,2021-22
2021-12-27,22021,BOS,1525.2844805487005,0,2021-22
2021-12-29,22021,BOS,1518.64996740161,1,2021-22
2021-12-31,22021,BOS,1505.7751217460752,1,2021-22
2022-01-02,22021,BOS,1524.5352467103166,1,2021-22
2022-01-05,22021,BOS,1526.673272842684,1,2021-22
2022-01-06,22021,BOS,1520.2285106099705,0,2021-22
2022-01-08,22021,BOS,1514.8529578172086,1,2021-22
2022-01-10,22021,BOS,1528.4702505240866,1,2021-22
2022-01-12,22021,BOS,1532.210299251483,0,2021-22
2022-01-14,22021,BOS,1547.6335012828342,0,2021-22
2022-01-15,22021,BOS,1538.8639242779752,1,2021-22
2022-01-17,22021,BOS,1542.6649431130777,1,2021-22
2022-01-19,22021,BOS,1549.4109071798491,1,2021-22
2022-01-21,22021,BOS,1536.7069407516449,1,2021-22
2022-01-23,22021,BOS,1526.4687312708418,0,2021-22
2022-01-25,22021,BOS,1547.2657019546211,1,2021-22
2022-01-28,22021,BOS,1559.2956376995903,0,2021-22
2022-01-29,22021,BOS,1544.7920645083732,0,2021-22
2022-01-31,22021,BOS,1553.8648531485555,1,2021-22
2022-02-02,22021,BOS,1575.1003250536469,1,2021-22
2022-02-04,22021,BOS,1579.7776130331442,0,2021-22
2022-02-06,22021,BOS,1583.973739357343,0,2021-22
2022-02-08,22021,BOS,1593.6138741902148,0,2021-22
2022-02-11,22021,BOS,1612.0624893496592,1,2021-22
2022-02-13,22021,BOS,1617.3716216577634,1,2021-22
2022-02-15,22021,BOS,1622.4885110536088,0,2021-22
2022-02-16,22021,BOS,1655.6413455026268,1,2021-22
2022-02-24,22021,BOS,1644.7597027996965,0,2021-22
2022-02-26,22021,BOS,1654.5355987238431,0,2021-22
2022-02-27,22021,BOS,1657.1544510887054,0,2021-22
2022-03-01,22021,BOS,1625.487429319926,1,2021-22
2022-03-03,22021,BOS,1630.7887971069406,1,2021-22
2022-03-06,22021,BOS,1641.0765797250367,1,2021-22
2022-03-09,22021,BOS,1643.276222403947,0,2021-22
2022-03-11,22021,BOS,1651.3487280842917,1,2021-22
2022-03-13,22021,BOS,1653.3159366966645,1,2021-22
2022-03-16,22021,BOS,1645.2569370991157,0,2021-22
2022-03-18,22021,BOS,1663.3624586115982,0,2021-22
2022-03-20,22021,BOS,1670.6137433954225,0,2021-22
2022-03-21,22021,BOS,1684.3782519146696,0,2021-22
2022-03-23,22021,BOS,1686.4468737245518,1,2021-22
2022-03-27,22021,BOS,1698.1738061811327,1,2021-22
2022-03-28,22021,BOS,1707.9694143743077,0,2021-22
2022-03-30,22021,BOS,1700.4389771031665,1,2021-22
2022-04-01,22021,BOS,1684.571096646129,1,2021-22
2022-04-03,22021,BOS,1685.8577162281076,1,2021-22
2022-04-06,22021,BOS,1692.4113349543288,0,2021-22
2022-04-07,22021,BOS,1701.014677318087,0,2021-22
2022-04-10,22021,BOS,1690.5257407973024,0,2021-22
2022-10-18,22022,BOS,1627.900464214507,1,2022-23
2022-10-21,22022,BOS,1633.8182588776197,0,2022-23
2022-10-22,22022,BOS,1640.9853371143165,0,2022-23
2022-10-24,22022,BOS,1644.197990578603,0,2022-23
2022-10-28,22022,BOS,1620.719057357567,1,2022-23
2022-10-30,22022,BOS,1605.460234692643,1,2022-23
2022-11-02,22022,BOS,1611.7156358916238,0,2022-23
2022-11-04,22022,BOS,1607.5379231766635,1,2022-23
2022-11-05,22022,BOS,1610.8105979455645,0,2022-23
2022-11-07,22022,BOS,1621.663912276963,0,2022-23
2022-11-09,22022,BOS,1627.4811136944809,1,2022-23
2022-11-11,22022,BOS,1631.0401487003314,1,2022-23
2022-11-12,22022,BOS,1639.9757898252333,0,2022-23
2022-11-14,22022,BOS,1643.7321660172538,1,2022-23
2022-11-16,22022,BOS,1645.723849991725,0,2022-23
2022-11-18,22022,BOS,1662.6113252883265,0,2022-23
2022-11-21,22022,BOS,1669.705432087637,0,2022-23
2022-11-23,22022,BOS,1649.0841826255628,1,2022-23
2022-11-25,22022,BOS,1655.6150573292898,1,2022-23
2022-11-27,22022,BOS,1661.5931839639566,1,2022-23
2022-11-28,22022,BOS,1664.790625678917,1,2022-23
2022-11-30,22022,BOS,1671.6821058708665,1,2022-23
2022-12-02,22022,BOS,1676.8220034588196,1,2022-23
2022-12-04,22022,BOS,1665.1736245475586,0,2022-23
2022-12-05,22022,BOS,1673.216838588695,0,2022-23
2022-12-07,22022,BOS,1678.4971473752307,0,2022-23
2022-12-10,22022,BOS,1697.2988342302287,0,2022-23
2022-12-12,22022,BOS,1677.212058995837,0,2022-23
2022-12-13,22022,BOS,1650.658671769117,0,2022-23
2022-12-16,22022,BOS,1654.27399320776,1,2022-23
2022-12-18,22022,BOS,1633.607259625703,1,2022-23
2022-12-21,22022,BOS,1621.871227132839,1,2022-23
2022-12-23,22022,BOS,1608.3487621586044,1,2022-23
2022-12-25,22022,BOS,1614.2182228336278,1,2022-23
2022-12-27,22022,BOS,1625.791686049488,1,2022-23
2022-12-29,22022,BOS,1630.4500190615238,1,2022-23
2023-01-01,22022,BOS,1634.411265011978,0,2022-23
2023-01-03,22022,BOS,1621.9556909039215,0,2022-23
2023-01-05,22022,BOS,1584.947150978453,0,2022-23
2023-01-07,22022,BOS,1608.1939011677084,0,2022-23
2023-01-09,22022,BOS,1611.3777310737075,1,2022-23
2023-01-11,22022,BOS,1616.2452960230537,1,2022-23
2023-01-12,22022,BOS,1623.8307726098192,0,2022-23
2023-01-14,22022,BOS,1636.5405635406105,0,2022-23
2023-01-16,22022,BOS,1642.5109176677836,0,2022-23
2023-01-19,22022,BOS,1647.1623277734627,1,2022-23
2023-01-21,22022,BOS,1649.6202956750817,0,2022-23
2023-01-23,22022,BOS,1652.5625390649911,0,2022-23
2023-01-24,22022,BOS,1628.972560603387,0,2022-23
2023-01-26,22022,BOS,1622.5910054830545,1,2022-23
2023-01-28,22022,BOS,1613.814883451398,1,2022-23
2023-02-01,22022,BOS,1616.651919876727,1,2022-23
2023-02-03,22022,BOS,1635.9000916092905,1,2022-23
2023-02-06,22022,BOS,1614.9824896665766,0,2022-23
2023-02-08,22022,BOS,1619.4429527155116,1,2022-23
2023-02-10,22022,BOS,1625.339799109105,1,2022-23
2023-02-12,22022,BOS,1628.000802117487,1,2022-23
2023-02-14,22022,BOS,1634.9190844866362,0,2022-23
2023-02-15,22022,BOS,1627.6398023590382,1,2022-23
2023-02-23,22022,BOS,1630.7226423486193,0,2022-23
2023-02-25,22022,BOS,1633.6935273389197,0,2022-23
2023-02-27,22022,BOS,1639.7069475267344,0,2022-23
2023-03-01,22022,BOS,1625.7680815836611,1,2022-23
2023-03-03,22022,BOS,1630.4122621300191,1,2022-23
2023-03-05,22022,BOS,1611.618141148703,1,2022-23
2023-03-06,22022,BOS,1605.7914249278306,0,2022-23
2023-03-08,22022,BOS,1600.403158930702,1,2022-23
2023-03-11,22022,BOS,1606.9589000876117,0,2022-23
2023-03-13,22022,BOS,1615.4753688651042,0,2022-23
2023-03-15,22022,BOS,1605.154291381479,0,2022-23
2023-03-17,22022,BOS,1609.50195582655,0,2022-23
2023-03-18,22022,BOS,1616.1264715345187,0,2022-23
2023-03-21,22022,BOS,1610.3135101536616,0,2022-23
2023-03-24,22022,BOS,1628.9401881137128,1,2022-23
2023-03-26,22022,BOS,1635.2205059210632,1,2022-23
2023-03-28,22022,BOS,1639.400999467066,0,2022-23
2023-03-30,22022,BOS,1614.8500192702795,0,2022-23
2023-03-31,22022,BOS,1650.1740665863692,1,2022-23
2023-04-04,22022,BOS,1652.8533147730373,0,2022-23
2023-04-05,22022,BOS,1648.3880923564202,1,2022-23
2023-04-07,22022,BOS,1651.946479668953,1,2022-23
2023-04-09,22022,BOS,1660.5480052977327,1,2022-23
2023-10-25,22023,BOS,1598.3101394591922,0,2023-24
2023-10-27,22023,BOS,1604.610327371407,1,2023-24
2023-10-30,22023,BOS,1609.786990556351,0,2023-24
2023-11-01,22023,BOS,1620.1857857959506,1,2023-24
2023-11-04,22023,BOS,1633.1099357976586,0,2023-24
2023-11-06,22023,BOS,1641.148113311063,0,2023-24
2023-11-08,22023,BOS,1632.8277331236377,0,2023-24
2023-11-10,22023,BOS,1627.6891630798832,1,2023-24
2023-11-11,22023,BOS,1633.970838391191,1,2023-24
2023-11-13,22023,BOS,1643.7262671067413,1,2023-24
2023-11-15,22023,BOS,1651.9758183366164,0,2023-24
2023-11-17,22023,BOS,1662.48969802361,0,2023-24
2023-11-19,22023,BOS,1666.2542006765784,0,2023-24
2023-11-20,22023,BOS,1668.88428340819,0,2023-24
2023-11-22,22023,BOS,1657.5813053835795,1,2023-24
2023-11-24,22023,BOS,1660.7999416284176,0,2023-24
2023-11-26,22023,BOS,1641.449179280602,1,2023-24
2023-11-28,22023,BOS,1646.6339680630413,1,2023-24
2023-12-01,22023,BOS,1652.8286049884848,1,2023-24
2023-12-04,22023,BOS,1658.1953081236568,0,2023-24
2023-12-08,22023,BOS,1643.176131263479,1,2023-24
2023-12-12,22023,BOS,1649.3960115503037,1,2023-24
2023-12-14,22023,BOS,1653.650247758617,1,2023-24
2023-12-15,22023,BOS,1658.3735073513878,1,2023-24
2023-12-17,22023,BOS,1665.6927358670548,1,2023-24
2023-12-19,22023,BOS,1672.5068783359677,0,2023-24
2023-12-20,22023,BOS,1661.7172704609957,0,2023-24
2023-12-23,22023,BOS,1676.3606346035738,0,2023-24
2023-12-25,22023,BOS,1698.5935991244912,0,2023-24
2023-12-28,22023,BOS,1704.8700424611047,1,2023-24
2023-12-29,22023,BOS,1705.4402120765,1,2023-24
2023-12-31,22023,BOS,1706.698109315106,0,2023-24
2024-01-02,22023,BOS,1710.83952614765,0,2023-24
2024-01-05,22023,BOS,1704.0842128961149,1,2023-24
2024-01-06,22023,BOS,1709.625602838037,0,2023-24
2024-01-08,22023,BOS,1719.148931310847,0,2023-24
2024-01-10,22023,BOS,1711.9350168292283,1,2023-24
2024-01-11,22023,BOS,1716.5131439452923,0,2023-24
2024-01-13,22023,BOS,1684.9066477461447,1,2023-24
2024-01-15,22023,BOS,1692.0003196734226,0,2023-24
2024-01-17,22023,BOS,1696.470915593401,1,2023-24
2024-01-19,22023,BOS,1698.2973981384475,1,2023-24
2024-01-21,22023,BOS,1690.437447558049,0,2023-24
2024-01-22,22023,BOS,1695.0060586664526,0,2023-24
2024-01-25,22023,BOS,1699.823448331996,0,2023-24
2024-01-27,22023,BOS,1711.7665387052284,1,2023-24
2024-01-29,22023,BOS,1688.835469938601,1,2023-24
2024-01-30,22023,BOS,1692.596216717916,1,2023-24
2024-02-01,22023,BOS,1695.613699420892,1,2023-24
2024-02-04,22023,BOS,1674.1863976792,1,2023-24
2024-02-07,22023,BOS,1681.150981617234,1,2023-24
2024-02-09,22023,BOS,1683.4846151803663,1,2023-24
2024-02-11,22023,BOS,1684.2494948968738,0,2023-24
2024-02-13,22023,BOS,1687.8174935170257,0,2023-24
2024-02-14,22023,BOS,1691.883825775513,1,2023-24
2024-02-22,22023,BOS,1699.987403200097,0,2023-24
2024-02-24,22023,BOS,1707.6145181046654,0,2023-24
2024-02-27,22023,BOS,1717.2578044878387,1,2023-24
2024-03-01,22023,BOS,1720.922069146175,1,2023-24
2024-03-03,22023,BOS,1728.431808511367,1,2023-24
2024-03-05,22023,BOS,1743.0416267030614,0,2023-24
2024-03-07,22023,BOS,1737.80859003442,0,2023-24
2024-03-09,22023,BOS,1727.426156559997,0,2023-24
2024-03-11,22023,BOS,1734.2148236928435,0,2023-24
2024-03-12,22023,BOS,1737.6801089973776,0,2023-24
2024-03-14,22023,BOS,1742.099562673253,1,2023-24
2024-03-17,22023,BOS,1747.240509026367,0,2023-24
2024-03-18,22023,BOS,1749.6444623921925,1,2023-24
2024-03-20,22023,BOS,1751.2411025329336,1,2023-24
2024-03-22,22023,BOS,1753.214255167338,0,2023-24
2024-03-23,22023,BOS,1756.0502090903594,0,2023-24
2024-03-25,22023,BOS,1759.89797663603,0,2023-24
2024-03-28,22023,BOS,1750.267034312101,0,2023-24
2024-03-30,22023,BOS,1742.6307601064448,0,2023-24
2024-04-01,22023,BOS,1751.4873619488455,0,2023-24
2024-04-03,22023,BOS,1753.1697553762676,1,2023-24
2024-04-05,22023,BOS,1763.927453183908,1,2023-24
2024-04-07,22023,BOS,1765.0528086519737,1,2023-24
2024-04-09,22023,BOS,1766.203171451987,0,2023-24
2024-04-11,22023,BOS,1744.158596224975,1,2023-24
2024-04-12,22023,BOS,1726.1387597357032,1,2023-24
2024-04-14,22023,BOS,1728.240603333101,1,2023-24
2024-10-22,22024,BOS,1637.393408353042,1,2024-25
2024-10-24,22024,BOS,1648.221320855768,0,2024-25
2024-10-26,22024,BOS,1653.8261941388075,0,2024-25
2024-10-28,22024,BOS,1656.5194111614337,1,2024-25
2024-10-30,22024,BOS,1660.9726817529995,0,2024-25
2024-11-01,22024,BOS,1653.5855552435426,0,2024-25
2024-11-02,22024,BOS,1659.0534380285412,0,2024-25
2024-11-04,22024,BOS,1663.0387812119916,0,2024-25
2024-11-06,22024,BOS,1674.485521959038,1,2024-25
2024-11-08,22024,BOS,1663.478101504407,1,2024-25
2024-11-10,22024,BOS,1665.342577485253,0,2024-25
2024-11-12,22024,BOS,1669.5126484760335,1,2024-25
2024-11-13,22024,BOS,1660.8326591716225,0,2024-25
2024-11-16,22024,BOS,1670.4588999417992,1,2024-25
2024-11-19,22024,BOS,1671.335127136755,1,2024-25
2024-11-22,22024,BOS,1675.0700464842064,0,2024-25
2024-11-24,22024,BOS,1677.561673979474,1,2024-25
2024-11-25,22024,BOS,1679.761002680784,1,2024-25
2024-11-29,22024,BOS,1690.972109060223,0,2024-25
2024-12-01,22024,BOS,1695.0104233748907,0,2024-25
2024-12-02,22024,BOS,1687.2651511571266,1,2024-25
2024-12-04,22024,BOS,1693.4289725016322,1,2024-25
2024-12-06,22024,BOS,1695.3718759012636,1,2024-25
2024-12-07,22024,BOS,1698.000587907724,1,2024-25
2024-12-12,22024,BOS,1683.546264252833,1,2024-25
2024-12-15,22024,BOS,1687.6320479092933,0,2024-25
2024-12-19,22024,BOS,1689.8214680955314,1,2024-25
2024-12-21,22024,BOS,1668.8426170760104,0,2024-25
2024-12-23,22024,BOS,1679.5096100216986,0,2024-25
2024-12-25,22024,BOS,1671.3602903530748,1,2024-25
2024-12-27,22024,BOS,1657.9760740270626,1,2024-25
2024-12-29,22024,BOS,1668.771203506583,1,2024-25
2024-12-31,22024,BOS,1650.4510888972134,1,2024-25
2025-01-02,22024,BOS,1656.4552797600584,0,2024-25
2025-01-03,22024,BOS,1661.0923114609675,0,2024-25
2025-01-05,22024,BOS,1678.20448163467,0,2024-25
2025-01-07,22024,BOS,1670.258997032091,0,2024-25
2025-01-10,22024,BOS,1680.5262618738589,1,2024-25
2025-01-12,22024,BOS,1654.129258805643,1,2024-25
2025-01-15,22024,BOS,1654.8438583628167,0,2024-25
2025-01-17,22024,BOS,1629.0853271824203,1,2024-25
2025-01-18,22024,BOS,1638.2969336819283,1,2024-25
2025-01-20,22024,BOS,1627.124478869076,0,2024-25
2025-01-22,22024,BOS,1646.4941965819476,0,2024-25
2025-01-23,22024,BOS,1651.677363474505,0,2024-25
2025-01-25,22024,BOS,1627.2306996740438,0,2024-25
2025-01-27,22024,BOS,1639.139037108383,1,2024-25
2025-01-29,22024,BOS,1632.8876719587731,1,2024-25
2025-01-31,22024,BOS,1638.074072687821,0,2024-25
2025-02-02,22024,BOS,1639.7315590200385,0,2024-25
2025-02-04,22024,BOS,1645.2145320441018,0,2024-25
2025-02-06,22024,BOS,1656.6776967060032,1,2024-25
2025-02-08,22024,BOS,1641.5108099598654,0,2024-25
2025-02-10,22024,BOS,1663.945433971007,0,2024-25
2025-02-12,22024,BOS,1671.967692654781,1,2024-25
2025-02-20,22024,BOS,1675.7808044462813,0,2024-25
2025-02-23,22024,BOS,1682.6616200316378,1,2024-25
2025-02-25,22024,BOS,1689.684289937249,0,2024-25
2025-02-26,22024,BOS,1693.381376744224,0,2024-25
2025-02-28,22024,BOS,1671.7008256096235,1,2024-25
2025-03-02,22024,BOS,1663.5305629323373,1,2024-25
2025-03-05,22024,BOS,1669.412245140902,1,2024-25
2025-03-06,22024,BOS,1673.2837723016012,1,2024-25
2025-03-08,22024,BOS,1676.1614804711871,1,2024-25
2025-03-10,22024,BOS,1682.8908005512824,1,2024-25
2025-03-12,22024,BOS,1684.0162459365777,1,2024-25
2025-03-14,22024,BOS,1676.7555514319708,0,2024-25
2025-03-15,22024,BOS,1681.63361077779,0,2024-25
2025-03-18,22024,BOS,1682.8957948929908,1,2024-25
2025-03-21,22024,BOS,1684.310322791398,0,2024-25
2025-03-23,22024,BOS,1688.4241002755834,0,2024-25
2025-03-24,22024,BOS,1695.9279356767456,0,2024-25
2025-03-26,22024,BOS,1703.704818305851,0,2024-25
2025-03-29,22024,BOS,1715.3255954215724,0,2024-25
2025-03-31,22024,BOS,1719.2468392115998,0,2024-25
2025-04-02,22024,BOS,1726.8826650439908,1,2024-25
2025-04-04,22024,BOS,1688.6584154965426,1,2024-25
2025-04-06,22024,BOS,1693.096415079899,1,2024-25
2025-04-08,22024,BOS,1695.0492448123691,0,2024-25
2025-04-09,22024,BOS,1698.7925630753052,0,2024-25
2025-04-11,22024,BOS,1671.8175187012075,1,2024-25
2025-04-13,22024,BOS,1674.0066978306809,1,2024-25
2025-10-22,22025,BOS,1604.834733071696,1,2025-26
2025-10-24,22025,BOS,1596.1484395782445,0,2025-26
2025-10-26,22025,BOS,1585.8724402742682,0,2025-26
2025-10-27,22025,BOS,1578.0575332906296,0,2025-26
2025-10-29,22025,BOS,1590.0348862818068,1,2025-26
2025-10-31,22025,BOS,1605.3201166861163,0,2025-26
2025-11-01,22025,BOS,1607.4979372214225,1,2025-26
2025-11-03,22025,BOS,1579.4506024470336,1,2025-26
2025-11-05,22025,BOS,1569.539936166081,1,2025-26
2025-11-07,22025,BOS,1574.3566545210513,0,2025-26
2025-11-09,22025,BOS,1560.3060001753702,0,2025-26
2025-11-11,22025,BOS,1566.3841270612172,0,2025-26
2025-11-12,22025,BOS,1559.837784311899,1,2025-26
2025-11-16,22025,BOS,1573.6373360855362,1,2025-26
2025-11-18,22025,BOS,1577.11666149191,0,2025-26
2025-11-21,22025,BOS,1582.595074367489,1,2025-26
2025-11-23,22025,BOS,1562.0976478569248,1,2025-26
2025-11-26,22025,BOS,1569.8812362521817,1,2025-26
2025-11-29,22025,BOS,1575.221990426564,0,2025-26
2025-11-30,22025,BOS,1569.971894393031,0,2025-26
2025-12-02,22025,BOS,1575.957858055514,1,2025-26
2025-12-04,22025,BOS,1582.5814459738233,0,2025-26
2025-12-05,22025,BOS,1591.7281432275115,1,2025-26
2025-12-07,22025,BOS,1605.2884266586534,0,2025-26
2025-12-11,22025,BOS,1612.3484584156124,0,2025-26
2025-12-15,22025,BOS,1592.803191298466,1,2025-26
2025-12-19,22025,BOS,1583.4985807607222,1,2025-26
2025-12-20,22025,BOS,1591.310094604981,0,2025-26
2025-12-22,22025,BOS,1603.0868144053832,1,2025-26
2025-12-26,22025,BOS,1605.593514913538,0,2025-26
2025-12-28,22025,BOS,1611.999663469502,0,2025-26
2025-12-30,22025,BOS,1600.7106618404446,0,2025-26
2026-01-01,22025,BOS,1606.7613838889276,0,2025-26
2026-01-03,22025,BOS,1612.5050083612207,0,2025-26
2026-01-05,22025,BOS,1632.9587301125566,1,2025-26
2026-01-07,22025,BOS,1636.9427119800323,1,2025-26
2026-01-09,22025,BOS,1628.131857372087,1,2025-26
2026-01-10,22025,BOS,1632.459828974053,1,2025-26
2026-01-12,22025,BOS,1622.9930749252803,0,2025-26
2026-01-15,22025,BOS,1614.1177977479638,0,2025-26
2026-01-17,22025,BOS,1619.6290349691212,0,2025-26
2026-01-19,22025,BOS,1633.511505889931,0,2025-26
2026-01-21,22025,BOS,1630.1931838447715,1,2025-26
2026-01-23,22025,BOS,1633.1367752328306,0,2025-26
2026-01-24,22025,BOS,1635.4093949267208,0,2025-26
2026-01-26,22025,BOS,1627.436528730134,1,2025-26
2026-01-28,22025,BOS,1631.84821660014,1,2025-26
2026-01-30,22025,BOS,1612.1293468223298,1,2025-26
2026-02-01,22025,BOS,1615.8966896235515,1,2025-26
2026-02-03,22025,BOS,1622.327664624971,0,2025-26
2026-02-04,22025,BOS,1628.385505492966,0,2025-26
2026-02-06,22025,BOS,1646.8763799726898,1,2025-26
2026-02-08,22025,BOS,1648.983254496544,1,2025-26
2026-02-11,22025,BOS,1622.7009151621194,1,2025-26
2026-02-19,22025,BOS,1627.3550897884325,0,2025-26
2026-02-22,22025,BOS,1636.5064205777835,0,2025-26
2026-02-24,22025,BOS,1650.0960409427553,0,2025-26
2026-02-25,22025,BOS,1660.205162541266,0,2025-26
2026-02-27,22025,BOS,1641.8650390439052,1,2025-26
2026-03-01,22025,BOS,1645.9641509498429,1,2025-26
2026-03-02,22025,BOS,1652.4151976881865,0,2025-26
2026-03-04,22025,BOS,1662.4808800786082,1,2025-26
2026-03-06,22025,BOS,1633.0239688398228,1,2025-26
2026-03-08,22025,BOS,1636.8358172659734,0,2025-26
2026-03-10,22025,BOS,1649.9907697819528,0,2025-26
2026-03-12,22025,BOS,1643.5592140130973,0,2025-26
2026-03-14,22025,BOS,1640.3380165252577,1,2025-26
2026-03-16,22025,BOS,1641.6781529992147,1,2025-26
2026-03-18,22025,BOS,1646.318075953571,1,2025-26
2026-03-20,22025,BOS,1652.481860412874,0,2025-26
2026-03-22,22025,BOS,1655.022100956652,1,2025-26
2026-03-25,22025,BOS,1637.8525370186755,1,2025-26
2026-03-27,22025,BOS,1649.508845626447,1,2025-26
2026-03-29,22025,BOS,1654.4016327173797,0,2025-26
2026-03-30,22025,BOS,1669.9501962988436,0,2025-26
2026-04-01,22025,BOS,1657.4832810873454,0,2025-26
2026-04-03,22025,BOS,1668.403833266843,0,2025-26
2026-04-05,22025,BOS,1675.1053473321194,1,2025-26
2026-04-07,22025,BOS,1680.7071029665938,1,2025-26
2026-04-09,22025,BOS,1688.9511924272522,0,2025-26
2026-04-10,22025,BOS,1681.246690622911,1,2025-26
2026-04-12,22025,BOS,1685.544526110794,1,2025-26
2020-12-23,22020,CHA,1500.0,0,2020-21
2020-12-26,22020,CHA,1493.0669617063634,1,2020-21
2020-12-27,22020,CHA,1487.4455257712812,1,2020-21
2020-12-30,22020,CHA,1492.3222174112443,0,2020-21
2021-01-01,22020,CHA,1513.137106615361,1,2020-21
2021-01-02,22020,CHA,1494.9047949283083,0,2020-21
2021-01-04,22020,CHA,1485.69781219093,0,2020-21
2021-01-06,22020,CHA,1476.4690364775631,0,2020-21
2021-01-08,22020,CHA,1489.2344640839622,0,2020-21
2021-01-09,22020,CHA,1500.9490734311662,1,2020-21
2021-01-11,22020,CHA,1508.935311228552,1,2020-21
2021-01-13,22020,CHA,1521.1310321929925,1,2020-21
2021-01-14,22020,CHA,1508.5703466241011,0,2020-21
2021-01-16,22020,CHA,1503.3838234752889,0,2020-21
2021-01-22,22020,CHA,1498.4014122509682,1,2020-21
2021-01-24,22020,CHA,1483.3961163941708,0,2020-21
2021-01-25,22020,CHA,1489.27212823483,0,2020-21
2021-01-27,22020,CHA,1479.6090680061532,1,2020-21
2021-01-29,22020,CHA,1468.883817681396,1,2020-21
2021-01-30,22020,CHA,1474.731995021284,1,2020-21
2021-02-01,22020,CHA,1488.281508301617,0,2020-21
2021-02-03,22020,CHA,1497.1766602556818,1,2020-21
2021-02-05,22020,CHA,1489.182328084602,1,2020-21
2021-02-07,22020,CHA,1478.5540736618002,1,2020-21
2021-02-08,22020,CHA,1489.6795648181253,1,2020-21
2021-02-10,22020,CHA,1508.1942694595368,0,2020-21
2021-02-12,22020,CHA,1496.08761522621,1,2020-21
2021-02-14,22020,CHA,1499.834274839523,1,2020-21
2021-02-20,22020,CHA,1485.7762255210353,1,2020-21
2021-02-22,22020,CHA,1490.312354717914,0,2020-21
2021-02-24,22020,CHA,1484.125087440874,0,2020-21
2021-02-26,22020,CHA,1493.3519502469817,0,2020-21
2021-02-28,22020,CHA,1486.5320727603569,0,2020-21
2021-03-01,22020,CHA,1490.0448040584374,0,2020-21
2021-03-03,22020,CHA,1480.773543236105,0,2020-21
2021-03-11,22020,CHA,1497.314860673594,1,2020-21
2021-03-13,22020,CHA,1500.950908614459,1,2020-21
2021-03-15,22020,CHA,1509.495697918101,1,2020-21
2021-03-17,22020,CHA,1513.5141686145455,0,2020-21
2021-03-18,22020,CHA,1502.6126587994422,0,2020-21
2021-03-20,22020,CHA,1496.7227799182658,0,2020-21
2021-03-22,22020,CHA,1483.7479283039904,0,2020-21
2021-03-24,22020,CHA,1491.0491841407802,0,2020-21
2021-03-26,22020,CHA,1503.1609137127746,1,2020-21
2021-03-28,22020,CHA,1508.4294774780003,1,2020-21
2021-03-30,22020,CHA,1503.5613724825168,0,2020-21
2021-04-01,22020,CHA,1513.132001239377,0,2020-21
2021-04-02,22020,CHA,1503.0071474386896,0,2020-21
2021-04-04,22020,CHA,1520.9018229739577,0,2020-21
2021-04-07,22020,CHA,1501.1049413350004,0,2020-21
2021-04-09,22020,CHA,1508.6934541606936,0,2020-21
2021-04-11,22020,CHA,1522.409087145324,1,2020-21
2021-04-13,22020,CHA,1515.6194847448594,1,2020-21
2021-04-14,22020,CHA,1506.577023350998,1,2020-21
2021-04-16,22020,CHA,1486.0496843125452,0,2020-21
2021-04-18,22020,CHA,1478.8065254574608,1,2020-21
2021-04-20,22020,CHA,1487.0935705682873,0,2020-21
2021-04-22,22020,CHA,1480.275621041199,0,2020-21
2021-04-23,22020,CHA,1466.4167435601971,1,2020-21
2021-04-25,22020,CHA,1471.1645155557835,1,2020-21
2021-04-27,22020,CHA,1490.3905132892196,1,2020-21
2021-04-28,22020,CHA,1482.4138307517017,0,2020-21
2021-05-01,22020,CHA,1475.6541625488378,1,2020-21
2021-05-02,22020,CHA,1483.1813345056355,1,2020-21
2021-05-04,22020,CHA,1472.2035233749475,0,2020-21
2021-05-06,22020,CHA,1477.095210601456,1,2020-21
2021-05-07,22020,CHA,1454.2995946028946,1,2020-21
2021-05-09,22020,CHA,1458.9017492656897,1,2020-21
2021-05-11,22020,CHA,1453.8570192698764,1,2020-21
2021-05-13,22020,CHA,1449.3119074483752,1,2020-21
2021-05-15,22020,CHA,1438.7312277143933,0,2020-21
2021-05-16,22020,CHA,1434.72238646961,0,2020-21
2021-10-20,22021,CHA,1458.351088023984,1,2021-22
2021-10-22,22021,CHA,1462.0942542715864,0,2021-22
2021-10-24,22021,CHA,1471.9870729887807,0,2021-22
2021-10-25,22021,CHA,1493.6055145970954,1,2021-22
2021-10-27,22021,CHA,1479.4480868384876,0,2021-22
2021-10-29,22021,CHA,1486.862368490946,0,2021-22
2021-10-31,22021,CHA,1478.972038806682,1,2021-22
2021-11-01,22021,CHA,1492.74814216989,1,2021-22
2021-11-03,22021,CHA,1484.4543942312746,0,2021-22
2021-11-05,22021,CHA,1473.8142019457089,0,2021-22
2021-11-07,22021,CHA,1455.583087529445,0,2021-22
2021-11-08,22021,CHA,1448.821346205494,0,2021-22
2021-11-10,22021,CHA,1445.1242743772195,0,2021-22
2021-11-12,22021,CHA,1460.3624133891583,1,2021-22
2021-11-14,22021,CHA,1470.338505577086,1,2021-22
2021-11-17,22021,CHA,1478.813275284548,1,2021-22
2021-11-19,22021,CHA,1490.345249238306,1,2021-22
2021-11-20,22021,CHA,1494.9623200794297,0,2021-22
2021-11-22,22021,CHA,1487.454887435899,0,2021-22
2021-11-24,22021,CHA,1498.3926942797016,0,2021-22
2021-11-26,22021,CHA,1503.895632386148,1,2021-22
2021-11-27,22021,CHA,1516.6481132515676,0,2021-22
2021-11-29,22021,CHA,1507.6186323124416,0,2021-22
2021-12-01,22021,CHA,1498.3025900734024,0,2021-22
2021-12-05,22021,CHA,1495.5161605621315,0,2021-22
2021-12-06,22021,CHA,1503.5176825975234,1,2021-22
2021-12-08,22021,CHA,1497.9115975065015,1,2021-22
2021-12-10,22021,CHA,1491.828487755222,1,2021-22
2021-12-13,22021,CHA,1494.463356100592,0,2021-22
2021-12-15,22021,CHA,1479.5476098650122,0,2021-22
2021-12-17,22021,CHA,1496.7150940709962,0,2021-22
2021-12-19,22021,CHA,1486.9948376340592,0,2021-22
2021-12-20,22021,CHA,1478.4626990307574,0,2021-22
2021-12-23,22021,CHA,1474.7983834723982,0,2021-22
2021-12-27,22021,CHA,1487.2510544043373,1,2021-22
2021-12-29,22021,CHA,1495.7276518914855,0,2021-22
2022-01-02,22021,CHA,1506.5361794187468,1,2021-22
2022-01-03,22021,CHA,1489.1836902821465,0,2021-22
2022-01-05,22021,CHA,1484.1993620782946,1,2021-22
2022-01-08,22021,CHA,1492.80581337425,1,2021-22
2022-01-10,22021,CHA,1502.9942454462607,1,2021-22
2022-01-12,22021,CHA,1509.6014830231418,0,2021-22
2022-01-14,22021,CHA,1526.1092763576628,1,2021-22
2022-01-17,22021,CHA,1508.0191659231991,0,2021-22
2022-01-19,22021,CHA,1520.6464401130502,0,2021-22
2022-01-21,22021,CHA,1533.3504065412549,1,2021-22
2022-01-23,22021,CHA,1539.769047505061,1,2021-22
2022-01-25,22021,CHA,1513.8591191953158,0,2021-22
2022-01-26,22021,CHA,1504.412646475378,0,2021-22
2022-01-28,22021,CHA,1527.768796078905,1,2021-22
2022-01-30,22021,CHA,1531.3516468726602,1,2021-22
2022-02-02,22021,CHA,1503.526668755191,0,2021-22
2022-02-04,22021,CHA,1498.8493807756934,1,2021-22
2022-02-05,22021,CHA,1495.0325739759935,1,2021-22
2022-02-07,22021,CHA,1481.7290152899027,1,2021-22
2022-02-09,22021,CHA,1469.5795971033829,1,2021-22
2022-02-11,22021,CHA,1457.049852100644,0,2021-22
2022-02-12,22021,CHA,1469.3455725836152,1,2021-22
2022-02-15,22021,CHA,1464.0403659772362,0,2021-22
2022-02-17,22021,CHA,1459.6931268694043,1,2021-22
2022-02-25,22021,CHA,1455.3972790277603,1,2021-22
2022-02-27,22021,CHA,1483.6769549397727,1,2021-22
2022-02-28,22021,CHA,1476.1326576658353,0,2021-22
2022-03-02,22021,CHA,1464.4681625603068,0,2021-22
2022-03-05,22021,CHA,1490.52392062883,1,2021-22
2022-03-08,22021,CHA,1496.4779589992493,1,2021-22
2022-03-09,22021,CHA,1479.8290054528711,1,2021-22
2022-03-11,22021,CHA,1471.7564997725267,0,2021-22
2022-03-14,22021,CHA,1496.5667674219385,0,2021-22
2022-03-16,22021,CHA,1505.9515145882135,1,2021-22
2022-03-19,22021,CHA,1515.5116175085336,1,2021-22
2022-03-21,22021,CHA,1534.2290893781694,1,2021-22
2022-03-23,22021,CHA,1538.806091084335,1,2021-22
2022-03-25,22021,CHA,1519.6925364598,1,2021-22
2022-03-27,22021,CHA,1527.9522858825635,0,2021-22
2022-03-28,22021,CHA,1539.490593524357,1,2021-22
2022-03-30,22021,CHA,1532.5288422670722,0,2021-22
2022-04-02,22021,CHA,1545.2542783770464,0,2021-22
2022-04-05,22021,CHA,1528.8624898877868,0,2021-22
2022-04-07,22021,CHA,1516.1006023380396,1,2021-22
2022-04-08,22021,CHA,1522.5181158234,0,2021-22
2022-04-10,22021,CHA,1536.0257171089822,1,2021-22
2022-10-19,22022,CHA,1525.877400994101,0,2022-23
2022-10-21,22022,CHA,1547.2426261219105,1,2022-23
2022-10-23,22022,CHA,1532.5499324789948,0,2022-23
2022-10-26,22022,CHA,1550.6853976774223,0,2022-23
2022-10-28,22022,CHA,1545.5886320768652,0,2022-23
2022-10-29,22022,CHA,1521.611465963385,1,2022-23
2022-10-31,22022,CHA,1529.3365776047865,1,2022-23
2022-11-02,22022,CHA,1515.2306333398308,0,2022-23
2022-11-04,22022,CHA,1501.290325742188,0,2022-23
2022-11-05,22022,CHA,1487.2791054337647,1,2022-23
2022-11-07,22022,CHA,1480.04345206789,1,2022-23
2022-11-09,22022,CHA,1467.1468038809207,1,2022-23
2022-11-10,22022,CHA,1452.556225377862,0,2022-23
2022-11-12,22022,CHA,1448.139517634347,0,2022-23
2022-11-14,22022,CHA,1439.3088053653803,0,2022-23
2022-11-16,22022,CHA,1448.6186796642687,1,2022-23
2022-11-18,22022,CHA,1434.8361425516264,0,2022-23
2022-11-20,22022,CHA,1429.2530798708112,0,2022-23
2022-11-23,22022,CHA,1424.9237414551735,1,2022-23
2022-11-25,22022,CHA,1435.5160622946878,1,2022-23
2022-11-28,22022,CHA,1441.2713530653368,0,2022-23
2022-12-02,22022,CHA,1434.3798728733873,1,2022-23
2022-12-03,22022,CHA,1438.233681461642,1,2022-23
2022-12-05,22022,CHA,1430.959727215172,1,2022-23
2022-12-07,22022,CHA,1425.967294829772,0,2022-23
2022-12-09,22022,CHA,1421.914434398921,1,2022-23
2022-12-11,22022,CHA,1408.014197565839,0,2022-23
2022-12-14,22022,CHA,1401.3016656927648,1,2022-23
2022-12-16,22022,CHA,1390.6117773423332,1,2022-23
2022-12-18,22022,CHA,1377.0289253089848,0,2022-23
2022-12-19,22022,CHA,1374.433298529892,0,2022-23
2022-12-21,22022,CHA,1388.4408734592696,0,2022-23
2022-12-23,22022,CHA,1379.8919559240203,0,2022-23
2022-12-26,22022,CHA,1389.5678563687868,0,2022-23
2022-12-27,22022,CHA,1382.688922527692,0,2022-23
2022-12-29,22022,CHA,1379.649589572076,1,2022-23
2022-12-31,22022,CHA,1389.3333523263195,1,2022-23
2023-01-02,22022,CHA,1382.032622424116,1,2022-23
2023-01-04,22022,CHA,1375.3389760473642,1,2022-23
2023-01-06,22022,CHA,1366.891199020651,0,2022-23
2023-01-08,22022,CHA,1407.7663834852192,0,2022-23
2023-01-10,22022,CHA,1403.8638156948884,0,2022-23
2023-01-12,22022,CHA,1397.119894421438,0,2022-23
2023-01-14,22022,CHA,1391.4735802866264,1,2022-23
2023-01-16,22022,CHA,1385.503226159453,1,2022-23
2023-01-18,22022,CHA,1380.851816053774,0,2022-23
2023-01-21,22022,CHA,1387.444115000637,0,2022-23
2023-01-23,22022,CHA,1398.3058486858824,0,2022-23
2023-01-24,22022,CHA,1390.4585890192575,0,2022-23
2023-01-26,22022,CHA,1379.2202713087934,1,2022-23
2023-01-29,22022,CHA,1396.9701967586443,1,2022-23
2023-01-31,22022,CHA,1406.8967480000886,0,2022-23
2023-02-02,22022,CHA,1402.813502383587,0,2022-23
2023-02-03,22022,CHA,1395.2977030704417,0,2022-23
2023-02-05,22022,CHA,1387.743200161612,1,2022-23
2023-02-08,22022,CHA,1380.4813953974008,0,2022-23
2023-02-10,22022,CHA,1373.957764428797,0,2022-23
2023-02-11,22022,CHA,1371.296761420415,1,2022-23
2023-02-13,22022,CHA,1365.359456892157,1,2022-23
2023-02-15,22022,CHA,1376.402325694403,1,2022-23
2023-02-24,22022,CHA,1382.1230859425607,0,2022-23
2023-02-25,22022,CHA,1398.0557520399643,1,2022-23
2023-02-27,22022,CHA,1407.0495058940503,1,2022-23
2023-03-01,22022,CHA,1413.715843448748,1,2022-23
2023-03-03,22022,CHA,1403.810822268876,1,2022-23
2023-03-05,22022,CHA,1393.0605390145076,0,2022-23
2023-03-07,22022,CHA,1385.812383896072,0,2022-23
2023-03-09,22022,CHA,1403.8067685361118,0,2022-23
2023-03-11,22022,CHA,1412.683739570355,1,2022-23
2023-03-12,22022,CHA,1403.1635277583796,1,2022-23
2023-03-14,22022,CHA,1399.0188603458405,1,2022-23
2023-03-17,22022,CHA,1391.7759545430397,1,2022-23
2023-03-20,22022,CHA,1380.888467567561,1,2022-23
2023-03-23,22022,CHA,1388.6235082208952,0,2022-23
2023-03-24,22022,CHA,1379.174666419693,0,2022-23
2023-03-26,22022,CHA,1393.8686157112188,1,2022-23
2023-03-28,22022,CHA,1402.3360328204865,0,2022-23
2023-03-31,22022,CHA,1411.5927979302292,1,2022-23
2023-04-02,22022,CHA,1394.8851572747951,1,2022-23
2023-04-04,22022,CHA,1383.7253271584643,1,2022-23
2023-04-07,22022,CHA,1373.6248592427796,1,2022-23
2023-04-09,22022,CHA,1365.7481717079302,0,2022-23
2023-10-25,22023,CHA,1434.349947894413,1,2023-24
2023-10-27,22023,CHA,1442.7666251542028,1,2023-24
2023-10-30,22023,CHA,1425.1007910844326,1,2023-24
2023-11-01,22023,CHA,1414.2834514258898,0,2023-24
2023-11-04,22023,CHA,1405.0346149886018,0,2023-24
2023-11-05,22023,CHA,1410.699359048638,0,2023-24
2023-11-08,22023,CHA,1406.2936973366682,1,2023-24
2023-11-10,22023,CHA,1390.804746856634,0,2023-24
2023-11-12,22023,CHA,1402.6441940654051,0,2023-24
2023-11-14,22023,CHA,1395.6040724504674,1,2023-24
2023-11-17,22023,CHA,1389.957725528234,1,2023-24
2023-11-18,22023,CHA,1375.5159276080783,1,2023-24
2023-11-20,22023,CHA,1368.6531816362128,1,2023-24
2023-11-22,22023,CHA,1379.9561596608232,1,2023-24
2023-11-26,22023,CHA,1384.8388013345675,0,2023-24
2023-11-28,22023,CHA,1380.0789899762929,0,2023-24
2023-11-30,22023,CHA,1373.6488990573353,0,2023-24
2023-12-02,22023,CHA,1381.016758443404,1,2023-24
2023-12-06,22023,CHA,1377.208599320087,0,2023-24
2023-12-08,22023,CHA,1370.6780480105626,1,2023-24
2023-12-11,22023,CHA,1377.7735889131231,1,2023-24
2023-12-13,22023,CHA,1374.5542023394642,0,2023-24
2023-12-15,22023,CHA,1370.1417898234372,1,2023-24
2023-12-16,22023,CHA,1365.8684807618406,1,2023-24
2023-12-18,22023,CHA,1352.9789794164888,0,2023-24
2023-12-20,22023,CHA,1346.2618037480495,0,2023-24
2023-12-23,22023,CHA,1336.0665779015308,1,2023-24
2023-12-26,22023,CHA,1332.7408375449995,0,2023-24
2023-12-28,22023,CHA,1330.1725412602225,0,2023-24
2023-12-29,22023,CHA,1324.084104694435,0,2023-24
2024-01-01,22023,CHA,1319.4125653114384,0,2023-24
2024-01-02,22023,CHA,1316.1202405925376,0,2023-24
2024-01-05,22023,CHA,1333.8209111129845,0,2023-24
2024-01-08,22023,CHA,1328.5486654819722,1,2023-24
2024-01-10,22023,CHA,1323.0152970098927,1,2023-24
2024-01-12,22023,CHA,1312.2420803197367,0,2023-24
2024-01-14,22023,CHA,1291.115672382232,0,2023-24
2024-01-17,22023,CHA,1287.5281130800836,0,2023-24
2024-01-19,22023,CHA,1284.8513847816823,1,2023-24
2024-01-20,22023,CHA,1290.7152666977554,1,2023-24
2024-01-22,22023,CHA,1288.0184215275442,0,2023-24
2024-01-24,22023,CHA,1302.5326817939592,0,2023-24
2024-01-26,22023,CHA,1293.5544652343815,1,2023-24
2024-01-27,22023,CHA,1277.853578215712,1,2023-24
2024-01-29,22023,CHA,1273.2753332500374,1,2023-24
2024-01-31,22023,CHA,1269.6134586445146,1,2023-24
2024-02-02,22023,CHA,1265.3527803025358,0,2023-24
2024-02-04,22023,CHA,1263.2192431774238,1,2023-24
2024-02-05,22023,CHA,1257.8449493345397,1,2023-24
2024-02-07,22023,CHA,1254.3838296993383,1,2023-24
2024-02-09,22023,CHA,1249.6125512748292,0,2023-24
2024-02-10,22023,CHA,1245.1135514322189,1,2023-24
2024-02-12,22023,CHA,1259.4818832850003,1,2023-24
2024-02-14,22023,CHA,1278.228356375606,1,2023-24
2024-02-22,22023,CHA,1304.726103520983,0,2023-24
2024-02-23,22023,CHA,1322.1466753709003,0,2023-24
2024-02-25,22023,CHA,1319.3222371205131,0,2023-24
2024-02-27,22023,CHA,1334.3728736024384,0,2023-24
2024-02-29,22023,CHA,1327.221384080892,1,2023-24
2024-03-01,22023,CHA,1322.2078439024567,0,2023-24
2024-03-03,22023,CHA,1318.5283912141583,0,2023-24
2024-03-05,22023,CHA,1314.715353855287,1,2023-24
2024-03-08,22023,CHA,1309.1414043408697,0,2023-24
2024-03-09,22023,CHA,1298.1191624468868,1,2023-24
2024-03-11,22023,CHA,1313.0578260909083,0,2023-24
2024-03-13,22023,CHA,1300.3618926452718,0,2023-24
2024-03-15,22023,CHA,1317.0347606253342,1,2023-24
2024-03-16,22023,CHA,1312.56478587721,0,2023-24
2024-03-19,22023,CHA,1307.5724300249333,0,2023-24
2024-03-23,22023,CHA,1302.971996559979,0,2023-24
2024-03-25,22023,CHA,1291.6939916060746,0,2023-24
2024-03-27,22023,CHA,1287.4562427266542,1,2023-24
2024-03-29,22023,CHA,1303.2166872687264,1,2023-24
2024-03-31,22023,CHA,1297.6045039118465,1,2023-24
2024-04-01,22023,CHA,1292.6566377796564,1,2023-24
2024-04-03,22023,CHA,1290.9742443522343,1,2023-24
2024-04-05,22023,CHA,1284.6361064865987,1,2023-24
2024-04-07,22023,CHA,1302.9211868506927,1,2023-24
2024-04-09,22023,CHA,1301.026989813266,1,2023-24
2024-04-10,22023,CHA,1295.7597125421964,0,2023-24
2024-04-12,22023,CHA,1303.5606011020216,0,2023-24
2024-04-14,22023,CHA,1301.4587575046237,0,2023-24
2024-10-23,22024,CHA,1394.1139089257365,0,2024-25
2024-10-25,22024,CHA,1405.862000494944,0,2024-25
2024-10-26,22024,CHA,1401.5597754591072,1,2024-25
2024-10-30,22024,CHA,1394.4138587308012,1,2024-25
2024-11-01,22024,CHA,1399.6925576948036,1,2024-25
2024-11-02,22024,CHA,1394.224674909805,1,2024-25
2024-11-04,22024,CHA,1390.2393317263543,0,2024-25
2024-11-06,22024,CHA,1383.9573072458584,1,2024-25
2024-11-08,22024,CHA,1387.598998448585,1,2024-25
2024-11-10,22024,CHA,1410.9025990692323,0,2024-25
2024-11-12,22024,CHA,1407.3982322529196,0,2024-25
2024-11-16,22024,CHA,1397.6540882764937,1,2024-25
2024-11-17,22024,CHA,1402.1384121918056,0,2024-25
2024-11-19,22024,CHA,1398.3657445376848,0,2024-25
2024-11-21,22024,CHA,1395.4834792272984,1,2024-25
2024-11-23,22024,CHA,1399.742615525839,0,2024-25
2024-11-25,22024,CHA,1395.599227061221,1,2024-25
2024-11-27,22024,CHA,1388.4185537915648,1,2024-25
2024-11-29,22024,CHA,1383.9290045620523,1,2024-25
2024-11-30,22024,CHA,1381.7498754356575,1,2024-25
2024-12-03,22024,CHA,1376.9381573133865,1,2024-25
2024-12-05,22024,CHA,1369.044434940146,0,2024-25
2024-12-07,22024,CHA,1364.0374222356588,1,2024-25
2024-12-08,22024,CHA,1358.5004790394878,0,2024-25
2024-12-13,22024,CHA,1368.4329160351483,0,2024-25
2024-12-16,22024,CHA,1360.8992655791264,1,2024-25
2024-12-19,22024,CHA,1349.6494158508642,0,2024-25
2024-12-20,22024,CHA,1338.9048380483905,0,2024-25
2024-12-23,22024,CHA,1333.5617862146394,1,2024-25
2024-12-26,22024,CHA,1328.6788486044286,0,2024-25
2024-12-28,22024,CHA,1323.083020799848,1,2024-25
2024-12-30,22024,CHA,1320.7548144916152,1,2024-25
2025-01-03,22024,CHA,1314.6905304954264,0,2024-25
2025-01-05,22024,CHA,1311.7374578264605,0,2024-25
2025-01-07,22024,CHA,1310.4354422535346,1,2024-25
2025-01-12,22024,CHA,1327.1388291717203,0,2024-25
2025-01-15,22024,CHA,1323.8380799473605,0,2024-25
2025-01-17,22024,CHA,1334.9733809647482,0,2024-25
2025-01-20,22024,CHA,1342.5690822061308,1,2024-25
2025-01-22,22024,CHA,1353.8659873000254,0,2024-25
2025-01-24,22024,CHA,1351.1283193799125,1,2024-25
2025-01-25,22024,CHA,1343.5137488225814,1,2024-25
2025-01-27,22024,CHA,1364.9450882871697,1,2024-25
2025-01-29,22024,CHA,1360.4568718371231,1,2024-25
2025-01-31,22024,CHA,1337.6628778582997,1,2024-25
2025-02-01,22024,CHA,1333.3002271046128,1,2024-25
2025-02-03,22024,CHA,1331.1321189236082,1,2024-25
2025-02-05,22024,CHA,1314.4782887367935,1,2024-25
2025-02-07,22024,CHA,1308.877080275396,1,2024-25
2025-02-09,22024,CHA,1314.7078224844129,0,2024-25
2025-02-10,22024,CHA,1311.0542992480248,0,2024-25
2025-02-12,22024,CHA,1305.3081129092031,0,2024-25
2025-02-19,22024,CHA,1298.2525749439255,0,2024-25
2025-02-20,22024,CHA,1311.1789837250233,0,2024-25
2025-02-22,22024,CHA,1309.133274326466,0,2024-25
2025-02-24,22024,CHA,1294.788430937328,0,2024-25
2025-02-25,22024,CHA,1285.1633181245716,0,2024-25
2025-02-27,22024,CHA,1279.4017591921445,0,2024-25
2025-03-01,22024,CHA,1277.229522961178,1,2024-25
2025-03-03,22024,CHA,1261.5342168837717,1,2024-25
2025-03-05,22024,CHA,1256.1970254917592,1,2024-25
2025-03-07,22024,CHA,1252.9664943511625,1,2024-25
2025-03-08,22024,CHA,1252.5325289213256,1,2024-25
2025-03-10,22024,CHA,1259.0304617573995,0,2024-25
2025-03-12,22024,CHA,1270.1653603237223,0,2024-25
2025-03-14,22024,CHA,1266.03937498496,0,2024-25
2025-03-16,22024,CHA,1286.554585772275,0,2024-25
2025-03-18,22024,CHA,1281.07066413669,1,2024-25
2025-03-20,22024,CHA,1266.168348576585,1,2024-25
2025-03-21,22024,CHA,1296.515299059408,0,2024-25
2025-03-23,22024,CHA,1294.9220326417103,0,2024-25
2025-03-25,22024,CHA,1287.3963207386255,1,2024-25
2025-03-28,22024,CHA,1282.2646973470485,0,2024-25
2025-03-30,22024,CHA,1277.0294187573909,0,2024-25
2025-03-31,22024,CHA,1273.173615824296,1,2024-25
2025-04-02,22024,CHA,1278.9317532081996,0,2024-25
2025-04-04,22024,CHA,1276.560674888008,1,2024-25
2025-04-06,22024,CHA,1266.02483632413,1,2024-25
2025-04-08,22024,CHA,1260.7904488608042,1,2024-25
2025-04-09,22024,CHA,1254.234748335128,0,2024-25
2025-04-11,22024,CHA,1245.342168541502,0,2024-25
2025-04-13,22024,CHA,1243.1529894120292,0,2024-25
2025-10-22,22025,CHA,1345.46107927393,1,2025-26
2025-10-25,22025,CHA,1360.2051436896286,0,2025-26
2025-10-26,22025,CHA,1355.4713401341005,0,2025-26
2025-10-28,22025,CHA,1379.0256872086084,0,2025-26
2025-10-30,22025,CHA,1370.9171290567554,1,2025-26
2025-11-01,22025,CHA,1359.34351442284,1,2025-26
2025-11-02,22025,CHA,1351.7126636536143,1,2025-26
2025-11-04,22025,CHA,1368.9835452294933,0,2025-26
2025-11-07,22025,CHA,1363.3820306230218,0,2025-26
2025-11-10,22025,CHA,1357.4938427118263,1,2025-26
2025-11-12,22025,CHA,1351.99115135298,1,2025-26
2025-11-14,22025,CHA,1369.6034381058437,0,2025-26
2025-11-15,22025,CHA,1364.9016211040052,1,2025-26
2025-11-17,22025,CHA,1361.996138498122,0,2025-26
2025-11-19,22025,CHA,1360.131454250362,0,2025-26
2025-11-22,22025,CHA,1353.5290659396712,1,2025-26
2025-11-23,22025,CHA,1343.7742835637323,0,2025-26
2025-11-26,22025,CHA,1341.9015209592803,1,2025-26
2025-11-28,22025,CHA,1331.674345474552,1,2025-26
2025-11-29,22025,CHA,1343.3244899641422,1,2025-26
2025-12-01,22025,CHA,1357.269875491191,0,2025-26
2025-12-03,22025,CHA,1345.6206183792203,0,2025-26
2025-12-05,22025,CHA,1342.0269922267637,0,2025-26
2025-12-07,22025,CHA,1379.6946877018,1,2025-26
2025-12-12,22025,CHA,1375.5045530032796,1,2025-26
2025-12-14,22025,CHA,1369.523029629624,0,2025-26
2025-12-18,22025,CHA,1387.8275039500822,1,2025-26
2025-12-20,22025,CHA,1397.959013344032,0,2025-26
2025-12-22,22025,CHA,1392.2566505620443,0,2025-26
2025-12-23,22025,CHA,1388.208089390659,1,2025-26
2025-12-26,22025,CHA,1396.4449847866902,0,2025-26
2025-12-29,22025,CHA,1421.0318133628496,1,2025-26
2025-12-31,22025,CHA,1409.3341827959807,1,2025-26
2026-01-02,22025,CHA,1403.755727953508,0,2025-26
2026-01-03,22025,CHA,1400.920411719287,0,2025-26
2026-01-05,22025,CHA,1417.616409113551,0,2025-26
2026-01-07,22025,CHA,1468.3753130924838,1,2025-26
2026-01-08,22025,CHA,1464.0873318249091,1,2025-26
2026-01-10,22025,CHA,1455.6532987347932,0,2025-26
2026-01-12,22025,CHA,1488.9273434782356,0,2025-26
2026-01-15,22025,CHA,1482.838343052709,0,2025-26
2026-01-17,22025,CHA,1502.7046626527847,0,2025-26
2026-01-18,22025,CHA,1492.37315361899,0,2025-26
2026-01-21,22025,CHA,1520.2434743484437,1,2025-26
2026-01-22,22025,CHA,1511.0128142819565,0,2025-26
2026-01-24,22025,CHA,1533.8065872259583,1,2025-26
2026-01-26,22025,CHA,1535.495626284461,1,2025-26
2026-01-28,22025,CHA,1552.8751297961371,0,2025-26
2026-01-29,22025,CHA,1564.3772019852838,0,2025-26
2026-01-31,22025,CHA,1568.1207839301348,1,2025-26
2026-02-02,22025,CHA,1574.633522221871,1,2025-26
2026-02-05,22025,CHA,1577.2750887188392,0,2025-26
2026-02-07,22025,CHA,1589.9134403254134,0,2025-26
2026-02-09,22025,CHA,1597.154960046857,1,2025-26
2026-02-11,22025,CHA,1589.0275758347395,1,2025-26
2026-02-19,22025,CHA,1591.8994963057537,1,2025-26
2026-02-20,22025,CHA,1584.1403144852527,1,2025-26
2026-02-22,22025,CHA,1577.0036403208976,0,2025-26
2026-02-24,22025,CHA,1583.0551280751563,0,2025-26
2026-02-26,22025,CHA,1595.3596106466296,0,2025-26
2026-02-28,22025,CHA,1602.6783397213449,1,2025-26
2026-03-03,22025,CHA,1609.4892784670922,1,2025-26
2026-03-04,22025,CHA,1615.085693733792,0,2025-26
2026-03-06,22025,CHA,1644.5426049725777,1,2025-26
2026-03-08,22025,CHA,1630.1036687746573,0,2025-26
2026-03-10,22025,CHA,1615.410610822619,0,2025-26
2026-03-11,22025,CHA,1618.7040274432989,0,2025-26
2026-03-14,22025,CHA,1621.6247025605107,0,2025-26
2026-03-17,22025,CHA,1614.3122935528118,1,2025-26
2026-03-19,22025,CHA,1629.346547218117,1,2025-26
2026-03-21,22025,CHA,1638.4757902147658,1,2025-26
2026-03-24,22025,CHA,1642.516021431994,1,2025-26
2026-03-26,22025,CHA,1647.5662921599796,1,2025-26
2026-03-28,22025,CHA,1656.9711997589066,1,2025-26
2026-03-29,22025,CHA,1645.2763555042577,1,2025-26
2026-03-31,22025,CHA,1629.7277919227934,0,2025-26
2026-04-02,22025,CHA,1635.691294589707,1,2025-26
2026-04-03,22025,CHA,1644.169479179213,1,2025-26
2026-04-05,22025,CHA,1647.0337195522184,0,2025-26
2026-04-07,22025,CHA,1657.5535976309916,0,2025-26
2026-04-10,22025,CHA,1649.3095081703332,1,2025-26
2026-04-12,22025,CHA,1632.1472891113403,0,2025-26
2020-12-23,22020,CHI,1500.0,1,2020-21
2020-12-26,22020,CHI,1480.498501944514,1,2020-21
2020-12-27,22020,CHI,1463.5157504410545,1,2020-21
2020-12-29,22020,CHI,1458.6958836722768,0,2020-21
2020-12-31,22020,CHI,1470.0174261690245,0,2020-21
2021-01-01,22020,CHI,1476.4899129909,0,2020-21
2021-01-03,22020,CHI,1461.890670118252,1,2020-21
2021-01-05,22020,CHI,1472.2306159995571,0,2020-21
2021-01-06,22020,CHI,1479.314329999136,0,2020-21
2021-01-08,22020,CHI,1473.8844664935384,0,2020-21
2021-01-10,22020,CHI,1470.899508116369,0,2020-21
2021-01-15,22020,CHI,1466.9166816825175,0,2020-21
2021-01-17,22020,CHI,1462.9195695467322,0,2020-21
2021-01-18,22020,CHI,1484.1832528129255,1,2020-21
2021-01-22,22020,CHI,1489.761794702532,0,2020-21
2021-01-23,22020,CHI,1504.7670905593295,1,2020-21
2021-01-25,22020,CHI,1495.5407489069987,1,2020-21
2021-01-30,22020,CHI,1479.629952050188,1,2020-21
2021-02-01,22020,CHI,1474.8520086708093,1,2020-21
2021-02-03,22020,CHI,1482.68929621169,1,2020-21
2021-02-05,22020,CHI,1475.056933417936,0,2020-21
2021-02-06,22020,CHI,1468.1432213778744,0,2020-21
2021-02-08,22020,CHI,1487.067752596725,1,2020-21
2021-02-10,22020,CHI,1477.4752095226868,1,2020-21
2021-02-12,22020,CHI,1489.123557883967,1,2020-21
2021-02-15,22020,CHI,1475.9747704799609,0,2020-21
2021-02-17,22020,CHI,1488.5382648168124,1,2020-21
2021-02-19,22020,CHI,1492.5254286526713,0,2020-21
2021-02-20,22020,CHI,1487.0830861551294,1,2020-21
2021-02-22,22020,CHI,1492.5606257209786,0,2020-21
2021-02-24,22020,CHI,1509.4959273578766,1,2020-21
2021-02-26,22020,CHI,1513.0217640944509,1,2020-21
2021-03-01,22020,CHI,1504.1383475671596,1,2020-21
2021-03-03,22020,CHI,1496.6615188193969,0,2020-21
2021-03-11,22020,CHI,1504.37902053415,1,2020-21
2021-03-12,22020,CHI,1488.164755663404,1,2020-21
2021-03-14,22020,CHI,1476.0686039046166,1,2020-21
2021-03-16,22020,CHI,1491.950332328837,1,2020-21
2021-03-17,22020,CHI,1502.721764614788,1,2020-21
2021-03-19,22020,CHI,1492.6852329269286,0,2020-21
2021-03-21,22020,CHI,1489.5939702559283,0,2020-21
2021-03-22,22020,CHI,1502.535118406532,1,2020-21
2021-03-24,22020,CHI,1488.7598418162145,1,2020-21
2021-03-27,22020,CHI,1472.5100435982038,0,2020-21
2021-03-29,22020,CHI,1461.0020839348992,0,2020-21
2021-03-31,22020,CHI,1450.6931011338806,0,2020-21
2021-04-02,22020,CHI,1448.2416511118772,0,2020-21
2021-04-04,22020,CHI,1445.992110415882,1,2020-21
2021-04-06,22020,CHI,1458.9463614421918,0,2020-21
2021-04-08,22020,CHI,1478.0830556354308,0,2020-21
2021-04-09,22020,CHI,1488.76349461757,0,2020-21
2021-04-11,22020,CHI,1481.225320925177,0,2020-21
2021-04-12,22020,CHI,1472.7285626023674,0,2020-21
2021-04-14,22020,CHI,1466.3261461796058,1,2020-21
2021-04-16,22020,CHI,1449.7005738643804,1,2020-21
2021-04-17,22020,CHI,1440.8017107589162,1,2020-21
2021-04-19,22020,CHI,1447.8294632407224,0,2020-21
2021-04-21,22020,CHI,1460.6331997666596,0,2020-21
2021-04-22,22020,CHI,1445.0931861993795,1,2020-21
2021-04-24,22020,CHI,1458.9520636803811,0,2020-21
2021-04-26,22020,CHI,1454.2984526875705,0,2020-21
2021-04-28,22020,CHI,1467.345641034615,0,2020-21
2021-04-30,22020,CHI,1459.3967136990457,1,2020-21
2021-05-01,22020,CHI,1452.111481463408,0,2020-21
2021-05-03,22020,CHI,1445.4390664908335,1,2020-21
2021-05-06,22020,CHI,1438.4676071376557,0,2020-21
2021-05-07,22020,CHI,1461.263223136217,1,2020-21
2021-05-09,22020,CHI,1480.3918074232306,0,2020-21
2021-05-11,22020,CHI,1490.6251880638729,1,2020-21
2021-05-13,22020,CHI,1482.8661193774428,1,2020-21
2021-05-15,22020,CHI,1491.1038970439838,0,2020-21
2021-05-16,22020,CHI,1484.4422937677095,1,2020-21
2021-10-20,22021,CHI,1496.7230022895674,0,2021-22
2021-10-22,22021,CHI,1503.5560154635732,1,2021-22
2021-10-23,22021,CHI,1513.58158411529,1,2021-22
2021-10-25,22021,CHI,1520.503690210403,0,2021-22
2021-10-28,22021,CHI,1525.9514599707693,1,2021-22
2021-10-30,22021,CHI,1521.775507969831,1,2021-22
2021-11-01,22021,CHI,1532.6835850524574,0,2021-22
2021-11-03,22021,CHI,1544.9477405022,0,2021-22
2021-11-06,22021,CHI,1540.2340805567446,1,2021-22
2021-11-08,22021,CHI,1530.9780970167976,1,2021-22
2021-11-10,22021,CHI,1548.3083598140215,1,2021-22
2021-11-12,22021,CHI,1556.1560610619968,0,2021-22
2021-11-14,22021,CHI,1542.2853459412477,0,2021-22
2021-11-15,22021,CHI,1556.4118489367918,0,2021-22
2021-11-17,22021,CHI,1570.6047823370068,0,2021-22
2021-11-19,22021,CHI,1564.0969418879752,0,2021-22
2021-11-21,22021,CHI,1573.5261566207594,1,2021-22
2021-11-22,22021,CHI,1578.619775032618,1,2021-22
2021-11-24,22021,CHI,1543.5613439176805,0,2021-22
2021-11-26,22021,CHI,1531.0276466713103,0,2021-22
2021-11-27,22021,CHI,1544.4694965688,1,2021-22
2021-11-29,22021,CHI,1538.5387507411012,1,2021-22
2021-12-02,22021,CHI,1547.8547929801405,0,2021-22
2021-12-04,22021,CHI,1554.6763475012883,0,2021-22
2021-12-06,22021,CHI,1563.13916882913,1,2021-22
2021-12-08,22021,CHI,1571.848627612274,0,2021-22
2021-12-11,22021,CHI,1553.091761332367,0,2021-22
2021-12-19,22021,CHI,1535.177381741859,1,2021-22
2021-12-20,22021,CHI,1539.9853595112393,1,2021-22
2021-12-26,22021,CHI,1545.06864938264,1,2021-22
2021-12-27,22021,CHI,1551.3062843853568,0,2021-22
2021-12-29,22021,CHI,1562.7833457512606,1,2021-22
2021-12-31,22021,CHI,1570.382525991247,0,2021-22
2022-01-01,22021,CHI,1574.602768883447,0,2021-22
2022-01-03,22021,CHI,1577.9087015347036,1,2021-22
2022-01-07,22021,CHI,1579.3261609292288,1,2021-22
2022-01-09,22021,CHI,1583.7995265233144,0,2021-22
2022-01-11,22021,CHI,1572.432863568937,1,2021-22
2022-01-12,22021,CHI,1580.6251701408316,1,2021-22
2022-01-14,22021,CHI,1554.0573912912414,1,2021-22
2022-01-15,22021,CHI,1527.5234892899168,0,2021-22
2022-01-17,22021,CHI,1523.7224704548146,0,2021-22
2022-01-19,22021,CHI,1516.2837034538147,1,2021-22
2022-01-21,22021,CHI,1530.1351607087722,0,2021-22
2022-01-23,22021,CHI,1525.6268201976509,0,2021-22
2022-01-24,22021,CHI,1498.1932226488816,0,2021-22
2022-01-26,22021,CHI,1500.8482788851434,1,2021-22
2022-01-28,22021,CHI,1507.916094842416,0,2021-22
2022-01-30,22021,CHI,1498.1889217096707,1,2021-22
2022-02-01,22021,CHI,1506.872627079894,1,2021-22
2022-02-03,22021,CHI,1510.9733282089378,0,2021-22
2022-02-04,22021,CHI,1504.9507957990854,0,2021-22
2022-02-06,22021,CHI,1512.7253790013278,1,2021-22
2022-02-07,22021,CHI,1502.1788765397469,1,2021-22
2022-02-09,22021,CHI,1499.0275818015375,0,2021-22
2022-02-11,22021,CHI,1511.5573268042767,1,2021-22
2022-02-12,22021,CHI,1522.9563421906453,1,2021-22
2022-02-14,22021,CHI,1525.6107247755408,1,2021-22
2022-02-16,22021,CHI,1533.286753040078,1,2021-22
2022-02-24,22021,CHI,1536.7593825674537,1,2021-22
2022-02-26,22021,CHI,1541.5773934087415,1,2021-22
2022-02-28,22021,CHI,1534.7215821006166,0,2021-22
2022-03-03,22021,CHI,1527.7837070944452,0,2021-22
2022-03-04,22021,CHI,1521.3663744937105,1,2021-22
2022-03-07,22021,CHI,1513.1949500517449,0,2021-22
2022-03-09,22021,CHI,1505.4951955480228,0,2021-22
2022-03-12,22021,CHI,1510.5563844682938,1,2021-22
2022-03-14,22021,CHI,1519.5981739600038,0,2021-22
2022-03-16,22021,CHI,1505.9210975957044,0,2021-22
2022-03-18,22021,CHI,1497.9178357187984,0,2021-22
2022-03-21,22021,CHI,1491.2621013376709,1,2021-22
2022-03-22,22021,CHI,1505.1815821342304,0,2021-22
2022-03-24,22021,CHI,1493.0096771393858,0,2021-22
2022-03-26,22021,CHI,1482.5856892501797,0,2021-22
2022-03-28,22021,CHI,1490.4877270329553,0,2021-22
2022-03-29,22021,CHI,1485.3253685249165,0,2021-22
2022-03-31,22021,CHI,1495.7142530032215,1,2021-22
2022-04-02,22021,CHI,1500.5193096369142,1,2021-22
2022-04-05,22021,CHI,1486.942547320529,1,2021-22
2022-04-06,22021,CHI,1470.372028128796,1,2021-22
2022-04-08,22021,CHI,1461.7686857650378,1,2021-22
2022-04-10,22021,CHI,1448.2610844794556,0,2021-22
2022-10-19,22022,CHI,1475.391099829396,0,2022-23
2022-10-21,22022,CHI,1489.1649600841672,0,2022-23
2022-10-22,22022,CHI,1484.7034140761018,1,2022-23
2022-10-24,22022,CHI,1457.8612527101616,1,2022-23
2022-10-26,22022,CHI,1481.3401859311975,1,2022-23
2022-10-28,22022,CHI,1489.3316031813188,0,2022-23
2022-10-29,22022,CHI,1483.6351770157255,1,2022-23
2022-11-01,22022,CHI,1477.0850328299275,0,2022-23
2022-11-02,22022,CHI,1488.7217976347258,1,2022-23
2022-11-04,22022,CHI,1502.6621052323687,0,2022-23
2022-11-06,22022,CHI,1499.3894304634678,0,2022-23
2022-11-07,22022,CHI,1493.8469920026948,1,2022-23
2022-11-09,22022,CHI,1508.9446626964018,1,2022-23
2022-11-13,22022,CHI,1502.1138379188342,1,2022-23
2022-11-16,22022,CHI,1482.9535210320364,0,2022-23
2022-11-18,22022,CHI,1474.6965592051922,1,2022-23
2022-11-21,22022,CHI,1468.580475561087,1,2022-23
2022-11-23,22022,CHI,1489.201725023161,0,2022-23
2022-11-25,22022,CHI,1499.4713452312774,0,2022-23
2022-11-28,22022,CHI,1492.5121515217054,0,2022-23
2022-11-30,22022,CHI,1503.7099134191324,0,2022-23
2022-12-02,22022,CHI,1495.8702420253585,0,2022-23
2022-12-04,22022,CHI,1489.8006484972202,0,2022-23
2022-12-07,22022,CHI,1482.793126473904,1,2022-23
2022-12-10,22022,CHI,1487.428814790319,1,2022-23
2022-12-11,22022,CHI,1510.5329562397017,0,2022-23
2022-12-14,22022,CHI,1507.0773487676836,1,2022-23
2022-12-16,22022,CHI,1497.0882470556649,1,2022-23
2022-12-18,22022,CHI,1478.570725288406,0,2022-23
2022-12-20,22022,CHI,1463.3737215918875,0,2022-23
2022-12-21,22022,CHI,1477.7529652740022,0,2022-23
2022-12-23,22022,CHI,1483.8610329812984,0,2022-23
2022-12-26,22022,CHI,1490.0795215900132,1,2022-23
2022-12-28,22022,CHI,1466.7023651822578,1,2022-23
2022-12-30,22022,CHI,1475.649777754218,1,2022-23
2022-12-31,22022,CHI,1482.2039912259725,1,2022-23
2023-01-02,22022,CHI,1478.4761132061824,0,2022-23
2023-01-04,22022,CHI,1472.0382957652732,1,2022-23
2023-01-06,22022,CHI,1485.3381220032245,0,2022-23
2023-01-07,22022,CHI,1506.550366811553,1,2022-23
2023-01-09,22022,CHI,1513.9217826409035,0,2022-23
2023-01-11,22022,CHI,1509.0542176915574,0,2022-23
2023-01-13,22022,CHI,1503.758058107992,1,2022-23
2023-01-15,22022,CHI,1488.3585773969812,1,2022-23
2023-01-19,22022,CHI,1499.906868293505,0,2022-23
2023-01-23,22022,CHI,1510.7529041813218,1,2022-23
2023-01-24,22022,CHI,1519.6130592486109,0,2022-23
2023-01-26,22022,CHI,1511.2636125349716,0,2022-23
2023-01-28,22022,CHI,1493.5136870851206,0,2022-23
2023-01-31,22022,CHI,1509.2758245101272,1,2022-23
2023-02-02,22022,CHI,1500.8635685804654,1,2022-23
2023-02-04,22022,CHI,1508.379367893611,1,2022-23
2023-02-06,22022,CHI,1515.1484337708953,1,2022-23
2023-02-07,22022,CHI,1520.8054898121038,0,2022-23
2023-02-09,22022,CHI,1511.2356664921465,0,2022-23
2023-02-11,22022,CHI,1502.9628175236055,0,2022-23
2023-02-13,22022,CHI,1498.4015766751886,1,2022-23
2023-02-15,22022,CHI,1485.544256193977,0,2022-23
2023-02-16,22022,CHI,1478.3398441073057,1,2022-23
2023-02-24,22022,CHI,1469.8787298576317,1,2022-23
2023-02-26,22022,CHI,1500.3118714138227,1,2022-23
2023-02-28,22022,CHI,1514.9235981022289,0,2022-23
2023-03-01,22022,CHI,1508.537909220629,0,2022-23
2023-03-03,22022,CHI,1511.35540982196,1,2022-23
2023-03-05,22022,CHI,1493.0590051606505,1,2022-23
2023-03-08,22022,CHI,1484.5993266118433,0,2022-23
2023-03-11,22022,CHI,1515.277435482444,0,2022-23
2023-03-15,22022,CHI,1519.5898723861226,1,2022-23
2023-03-17,22022,CHI,1513.717223973228,1,2022-23
2023-03-18,22022,CHI,1521.4814806481068,1,2022-23
2023-03-20,22022,CHI,1532.129192805205,0,2022-23
2023-03-22,22022,CHI,1543.044992128785,1,2022-23
2023-03-24,22022,CHI,1527.785781815145,0,2022-23
2023-03-26,22022,CHI,1543.3737604144071,0,2022-23
2023-03-27,22022,CHI,1555.246834341199,0,2022-23
2023-03-29,22022,CHI,1544.083588840709,1,2022-23
2023-03-31,22022,CHI,1529.9023347080347,0,2022-23
2023-04-02,22022,CHI,1546.6099753634685,1,2022-23
2023-04-04,22022,CHI,1563.7246722891732,1,2022-23
2023-04-05,22022,CHI,1541.096789513458,0,2022-23
2023-04-07,22022,CHI,1533.9965653797174,0,2022-23
2023-04-09,22022,CHI,1539.3610576426408,1,2022-23
2023-10-25,22023,CHI,1526.0024096018917,1,2023-24
2023-10-27,22023,CHI,1505.3277608335352,1,2023-24
2023-10-28,22023,CHI,1509.1770114160956,0,2023-24
2023-10-30,22023,CHI,1490.789365217935,0,2023-24
2023-11-01,22023,CHI,1500.1914620223686,0,2023-24
2023-11-03,22023,CHI,1491.9732512468183,1,2023-24
2023-11-04,22023,CHI,1486.6093187838835,0,2023-24
2023-11-06,22023,CHI,1476.309871946235,1,2023-24
2023-11-08,22023,CHI,1486.3486705445114,1,2023-24
2023-11-12,22023,CHI,1482.143198479872,1,2023-24
2023-11-13,22023,CHI,1487.2963408863532,0,2023-24
2023-11-15,22023,CHI,1480.410231003323,1,2023-24
2023-11-17,22023,CHI,1474.629880152164,1,2023-24
2023-11-18,22023,CHI,1465.7288280456032,1,2023-24
2023-11-20,22023,CHI,1473.3259226979708,1,2023-24
2023-11-22,22023,CHI,1458.4344540574998,0,2023-24
2023-11-24,22023,CHI,1452.3186300112854,0,2023-24
2023-11-26,22023,CHI,1444.4269305311816,0,2023-24
2023-11-28,22023,CHI,1438.417516671965,0,2023-24
2023-11-30,22023,CHI,1432.2228797465211,1,2023-24
2023-12-02,22023,CHI,1444.046434796713,1,2023-24
2023-12-06,22023,CHI,1453.0728661417115,1,2023-24
2023-12-08,22023,CHI,1459.6034174512358,0,2023-24
2023-12-11,22023,CHI,1466.1428230819222,0,2023-24
2023-12-12,22023,CHI,1463.029688885573,1,2023-24
2023-12-14,22023,CHI,1455.196138362989,0,2023-24
2023-12-16,22023,CHI,1468.9645257910374,0,2023-24
2023-12-18,22023,CHI,1465.7830743880872,0,2023-24
2023-12-20,22023,CHI,1477.9389762026783,1,2023-24
2023-12-21,22023,CHI,1491.3841117148158,1,2023-24
2023-12-23,22023,CHI,1496.8892299389042,1,2023-24
2023-12-26,22023,CHI,1483.1118843979225,1,2023-24
2023-12-28,22023,CHI,1489.0174471221676,1,2023-24
2023-12-30,22023,CHI,1471.6083178283388,1,2023-24
2024-01-02,22023,CHI,1490.2161245153727,0,2023-24
2024-01-03,22023,CHI,1484.974450578339,0,2023-24
2024-01-05,22023,CHI,1476.2764479236905,1,2023-24
2024-01-08,22023,CHI,1481.5486935547028,0,2023-24
2024-01-10,22023,CHI,1487.0820620267823,1,2023-24
2024-01-12,22023,CHI,1492.7793367381803,1,2023-24
2024-01-13,22023,CHI,1480.482980396273,0,2023-24
2024-01-15,22023,CHI,1485.5595664936636,0,2023-24
2024-01-18,22023,CHI,1476.2162722249727,0,2023-24
2024-01-20,22023,CHI,1485.522932313257,1,2023-24
2024-01-22,22023,CHI,1501.196597653509,0,2023-24
2024-01-25,22023,CHI,1497.9954732455185,0,2023-24
2024-01-28,22023,CHI,1488.9178964178805,0,2023-24
2024-01-30,22023,CHI,1494.63672610125,1,2023-24
2024-01-31,22023,CHI,1478.9645759207654,0,2023-24
2024-02-03,22023,CHI,1483.225254262744,1,2023-24
2024-02-06,22023,CHI,1474.0781345748262,1,2023-24
2024-02-08,22023,CHI,1484.8437911049882,0,2023-24
2024-02-10,22023,CHI,1493.5779167265764,0,2023-24
2024-02-12,22023,CHI,1487.3915683976982,0,2023-24
2024-02-14,22023,CHI,1498.554131198237,0,2023-24
2024-02-22,22023,CHI,1496.415147120959,1,2023-24
2024-02-25,22023,CHI,1488.788032216391,0,2023-24
2024-02-27,22023,CHI,1503.3413357637987,1,2023-24
2024-02-28,22023,CHI,1481.5807218765738,1,2023-24
2024-03-01,22023,CHI,1495.5841645777384,1,2023-24
2024-03-04,22023,CHI,1482.9808681661311,0,2023-24
2024-03-06,22023,CHI,1491.852306992148,0,2023-24
2024-03-07,22023,CHI,1496.756744234132,0,2023-24
2024-03-09,22023,CHI,1505.7517927081028,0,2023-24
2024-03-11,22023,CHI,1500.2257995527502,1,2023-24
2024-03-13,22023,CHI,1473.3643373148773,0,2023-24
2024-03-14,22023,CHI,1481.8023681275386,1,2023-24
2024-03-16,22023,CHI,1470.724597628196,1,2023-24
2024-03-18,22023,CHI,1478.0251841617487,1,2023-24
2024-03-21,22023,CHI,1480.5093393398708,0,2023-24
2024-03-23,22023,CHI,1473.0334709208107,1,2023-24
2024-03-25,22023,CHI,1469.18570337514,1,2023-24
2024-03-27,22023,CHI,1459.8205668007602,1,2023-24
2024-03-29,22023,CHI,1484.6357077649986,0,2023-24
2024-03-31,22023,CHI,1469.641767102143,0,2023-24
2024-04-01,22023,CHI,1488.148092527526,1,2023-24
2024-04-05,22023,CHI,1473.9423172366965,1,2023-24
2024-04-07,22023,CHI,1484.7056565947023,0,2023-24
2024-04-09,22023,CHI,1475.6559925004256,1,2023-24
2024-04-11,22023,CHI,1466.5589495360646,0,2023-24
2024-04-12,22023,CHI,1476.3642608347386,0,2023-24
2024-04-14,22023,CHI,1478.869822845856,0,2023-24
2024-10-23,22024,CHI,1486.186936857927,0,2024-25
2024-10-25,22024,CHI,1479.0529170603809,0,2024-25
2024-10-26,22024,CHI,1494.455209692917,1,2024-25
2024-10-28,22024,CHI,1481.817542771223,0,2024-25
2024-10-30,22024,CHI,1486.9450689889566,1,2024-25
2024-11-01,22024,CHI,1492.420524371202,0,2024-25
2024-11-04,22024,CHI,1483.8012278196577,1,2024-25
2024-11-06,22024,CHI,1467.2548742445922,0,2024-25
2024-11-07,22024,CHI,1457.9558817503507,1,2024-25
2024-11-09,22024,CHI,1446.846795903822,0,2024-25
2024-11-11,22024,CHI,1461.0263935923128,1,2024-25
2024-11-13,22024,CHI,1455.636424665509,0,2024-25
2024-11-15,22024,CHI,1462.3119991608294,0,2024-25
2024-11-17,22024,CHI,1455.9851558326875,1,2024-25
2024-11-18,22024,CHI,1435.5548704618177,0,2024-25
2024-11-20,22024,CHI,1447.450510173101,0,2024-25
2024-11-22,22024,CHI,1437.216202294376,1,2024-25
2024-11-23,22024,CHI,1448.2504084599989,1,2024-25
2024-11-26,22024,CHI,1436.8291325763355,0,2024-25
2024-11-27,22024,CHI,1447.7749535685412,0,2024-25
2024-11-29,22024,CHI,1441.2793293864588,1,2024-25
2024-12-02,22024,CHI,1437.241015071791,1,2024-25
2024-12-05,22024,CHI,1454.15260494814,0,2024-25
2024-12-06,22024,CHI,1471.403370643761,1,2024-25
2024-12-08,22024,CHI,1458.553415490504,1,2024-25
2024-12-13,22024,CHI,1446.9928596120103,1,2024-25
2024-12-16,22024,CHI,1454.5265100680324,0,2024-25
2024-12-19,22024,CHI,1458.268281364586,0,2024-25
2024-12-21,22024,CHI,1479.247132384107,1,2024-25
2024-12-23,22024,CHI,1468.5801394384189,1,2024-25
2024-12-26,22024,CHI,1451.609444218146,0,2024-25
2024-12-28,22024,CHI,1445.0565908698604,1,2024-25
2024-12-30,22024,CHI,1452.797628243989,0,2024-25
2025-01-01,22024,CHI,1458.8619122401778,0,2024-25
2025-01-04,22024,CHI,1435.7714178183037,1,2024-25
2025-01-06,22024,CHI,1455.5604349639327,1,2024-25
2025-01-08,22024,CHI,1461.4226622559468,0,2024-25
2025-01-10,22024,CHI,1453.3649044129506,1,2024-25
2025-01-12,22024,CHI,1461.6899612969876,1,2024-25
2025-01-14,22024,CHI,1455.8156414850898,1,2024-25
2025-01-15,22024,CHI,1443.1547566260358,1,2024-25
2025-01-17,22024,CHI,1428.6079095049367,1,2024-25
2025-01-19,22024,CHI,1421.0122082635542,0,2024-25
2025-01-20,22024,CHI,1407.8015472699178,0,2024-25
2025-01-23,22024,CHI,1430.4844385124936,0,2024-25
2025-01-25,22024,CHI,1417.107600953597,1,2024-25
2025-01-27,22024,CHI,1403.829312279763,1,2024-25
2025-01-29,22024,CHI,1418.7530157054032,0,2024-25
2025-01-31,22024,CHI,1413.5666149763554,0,2024-25
2025-02-02,22024,CHI,1431.1837897540945,0,2024-25
2025-02-04,22024,CHI,1425.4096786084892,1,2024-25
2025-02-05,22024,CHI,1435.34635704761,0,2024-25
2025-02-08,22024,CHI,1428.9752453551469,1,2024-25
2025-02-11,22024,CHI,1411.1080829873647,1,2024-25
2025-02-12,22024,CHI,1387.8182351179885,1,2024-25
2025-02-20,22024,CHI,1376.9980050811898,0,2024-25
2025-02-22,22024,CHI,1375.7230215947116,1,2024-25
2025-02-24,22024,CHI,1370.303387409337,0,2024-25
2025-02-26,22024,CHI,1401.7095802536685,1,2024-25
2025-02-28,22024,CHI,1396.3179119232066,1,2024-25
2025-03-02,22024,CHI,1405.008391039467,0,2024-25
2025-03-04,22024,CHI,1399.73845223584,1,2024-25
2025-03-06,22024,CHI,1395.2219356514647,0,2024-25
2025-03-08,22024,CHI,1401.2692066254178,0,2024-25
2025-03-10,22024,CHI,1411.3799572368328,1,2024-25
2025-03-13,22024,CHI,1432.7075412628542,1,2024-25
2025-03-15,22024,CHI,1437.1258258234045,0,2024-25
2025-03-17,22024,CHI,1434.5935980192585,0,2024-25
2025-03-19,22024,CHI,1444.8927478988703,0,2024-25
2025-03-20,22024,CHI,1439.2521504585302,0,2024-25
2025-03-22,22024,CHI,1456.5470216759925,0,2024-25
2025-03-24,22024,CHI,1493.820982402602,0,2024-25
2025-03-27,22024,CHI,1510.640392896591,1,2024-25
2025-03-29,22024,CHI,1514.8953632969472,1,2024-25
2025-03-31,22024,CHI,1509.028903199947,0,2024-25
2025-04-01,22024,CHI,1504.8007810058214,1,2024-25
2025-04-04,22024,CHI,1513.912616336882,1,2024-25
2025-04-06,22024,CHI,1519.5076714620543,0,2024-25
2025-04-08,22024,CHI,1524.74205892538,0,2024-25
2025-04-09,22024,CHI,1517.8741410135026,1,2024-25
2025-04-11,22024,CHI,1524.8366474943286,1,2024-25
2025-04-13,22024,CHI,1529.0971312196616,0,2024-25
2025-10-22,22025,CHI,1521.9493709892993,1,2025-26
2025-10-25,22025,CHI,1527.3387339190072,0,2025-26
2025-10-27,22025,CHI,1540.3766899588932,1,2025-26
2025-10-29,22025,CHI,1544.6234418143606,1,2025-26
2025-10-31,22025,CHI,1552.3927122140708,1,2025-26
2025-11-02,22025,CHI,1560.59849309317,0,2025-26
2025-11-04,22025,CHI,1549.9481438111063,1,2025-26
2025-11-07,22025,CHI,1552.2082832278054,0,2025-26
2025-11-08,22025,CHI,1540.3302876992802,0,2025-26
2025-11-10,22025,CHI,1535.431301245862,1,2025-26
2025-11-12,22025,CHI,1527.2907239229346,0,2025-26
2025-11-16,22025,CHI,1519.6174713437963,0,2025-26
2025-11-17,22025,CHI,1512.0623525182186,0,2025-26
2025-11-19,22025,CHI,1521.6518081441404,0,2025-26
2025-11-21,22025,CHI,1525.9958927325663,1,2025-26
2025-11-22,22025,CHI,1497.744496120125,1,2025-26
2025-11-24,22025,CHI,1498.781502315287,0,2025-26
2025-11-28,22025,CHI,1480.054171126439,0,2025-26
2025-11-29,22025,CHI,1468.4040266368488,0,2025-26
2025-12-01,22025,CHI,1463.5028979021831,0,2025-26
2025-12-03,22025,CHI,1459.987674585392,1,2025-26
2025-12-05,22025,CHI,1442.1991577225822,1,2025-26
2025-12-07,22025,CHI,1424.0724705885077,1,2025-26
2025-12-12,22025,CHI,1406.7656808339482,0,2025-26
2025-12-14,22025,CHI,1412.7472042076038,1,2025-26
2025-12-17,22025,CHI,1396.922456345858,1,2025-26
2025-12-19,22025,CHI,1416.667555109515,0,2025-26
2025-12-21,22025,CHI,1434.9021948747943,0,2025-26
2025-12-23,22025,CHI,1441.2024100375322,0,2025-26
2025-12-26,22025,CHI,1448.209347844376,1,2025-26
2025-12-27,22025,CHI,1455.3631135991525,1,2025-26
2025-12-29,22025,CHI,1442.577166023469,1,2025-26
2025-12-31,22025,CHI,1425.2129244333426,1,2025-26
2026-01-02,22025,CHI,1433.9948231440098,1,2025-26
2026-01-03,22025,CHI,1443.864436102294,1,2025-26
2026-01-05,22025,CHI,1427.16843870803,0,2025-26
2026-01-07,22025,CHI,1423.184456840554,0,2025-26
2026-01-10,22025,CHI,1419.095066358367,1,2025-26
2026-01-13,22025,CHI,1431.813103343994,0,2025-26
2026-01-14,22025,CHI,1428.6602896945974,1,2025-26
2026-01-16,22025,CHI,1431.9837386752365,0,2025-26
2026-01-18,22025,CHI,1426.4030531644291,1,2025-26
2026-01-20,22025,CHI,1438.685653527949,1,2025-26
2026-01-22,22025,CHI,1464.9022811221253,0,2025-26
2026-01-24,22025,CHI,1476.9595693034023,1,2025-26
2026-01-26,22025,CHI,1484.9324354999894,1,2025-26
2026-01-28,22025,CHI,1472.7775637124716,0,2025-26
2026-01-29,22025,CHI,1465.9719581290951,1,2025-26
2026-01-31,22025,CHI,1460.2184377376543,0,2025-26
2026-02-01,22025,CHI,1472.0496056386075,0,2025-26
2026-02-03,22025,CHI,1451.30794344702,0,2025-26
2026-02-05,22025,CHI,1437.354448104149,0,2025-26
2026-02-07,22025,CHI,1428.596615354381,1,2025-26
2026-02-09,22025,CHI,1417.4684765831028,0,2025-26
2026-02-11,22025,CHI,1407.4507994611197,0,2025-26
2026-02-19,22025,CHI,1402.7966248348064,1,2025-26
2026-02-21,22025,CHI,1394.8826107688935,1,2025-26
2026-02-22,22025,CHI,1389.684121188685,1,2025-26
2026-02-24,22025,CHI,1385.895766291533,1,2025-26
2026-02-26,22025,CHI,1373.59128372006,1,2025-26
2026-03-01,22025,CHI,1365.6556073610082,1,2025-26
2026-03-03,22025,CHI,1386.7822004607126,1,2025-26
2026-03-05,22025,CHI,1383.7633933095567,0,2025-26
2026-03-08,22025,CHI,1392.1775293703586,0,2025-26
2026-03-10,22025,CHI,1375.7683862040788,0,2025-26
2026-03-12,22025,CHI,1388.6340844923188,0,2025-26
2026-03-13,22025,CHI,1384.333908202932,0,2025-26
2026-03-16,22025,CHI,1380.8134496095008,1,2025-26
2026-03-18,22025,CHI,1396.345807502541,1,2025-26
2026-03-19,22025,CHI,1380.2921797832953,1,2025-26
2026-03-23,22025,CHI,1377.0827309376623,1,2025-26
2026-03-25,22025,CHI,1391.0740522204117,0,2025-26
2026-03-27,22025,CHI,1382.2983073680466,0,2025-26
2026-03-28,22025,CHI,1379.8948946284097,0,2025-26
2026-03-30,22025,CHI,1376.145454821606,0,2025-26
2026-04-01,22025,CHI,1374.390027451245,1,2025-26
2026-04-03,22025,CHI,1351.217539455797,0,2025-26
2026-04-05,22025,CHI,1345.5583818437149,1,2025-26
2026-04-07,22025,CHI,1339.4309372686128,0,2025-26
2026-04-09,22025,CHI,1358.6268399748308,0,2025-26
2026-04-10,22025,CHI,1366.682207221231,1,2025-26
2026-04-12,22025,CHI,1354.844280418375,0,2025-26
2020-12-23,22020,CLE,1500.0,1,2020-21
2020-12-26,22020,CLE,1506.9330382936366,0,2020-21
2020-12-27,22020,CLE,1517.9344405772663,1,2020-21
2020-12-29,22020,CLE,1533.7114885753124,1,2020-21
2020-12-31,22020,CLE,1520.3040764428847,0,2020-21
2021-01-02,22020,CLE,1506.8107714335854,0,2020-21
2021-01-04,22020,CLE,1516.3843848583665,0,2020-21
2021-01-06,22020,CLE,1502.0517240523516,0,2020-21
2021-01-07,22020,CLE,1493.4738455755162,0,2020-21
2021-01-09,22020,CLE,1500.5026057458042,0,2020-21
2021-01-11,22020,CLE,1493.158831278164,1,2020-21
2021-01-12,22020,CLE,1480.0041708751326,1,2020-21
2021-01-15,22020,CLE,1457.7300707579266,1,2020-21
2021-01-20,22020,CLE,1462.3072944328342,1,2020-21
2021-01-22,22020,CLE,1475.141372558474,1,2020-21
2021-01-24,22020,CLE,1486.852567703461,0,2020-21
2021-01-25,22020,CLE,1465.638712055308,1,2020-21
2021-01-27,22020,CLE,1459.8874403332486,1,2020-21
2021-01-29,22020,CLE,1470.7804627046094,0,2020-21
2021-01-31,22020,CLE,1457.5713894142752,0,2020-21
2021-02-01,22020,CLE,1449.7945549823655,1,2020-21
2021-02-03,22020,CLE,1452.841310081957,1,2020-21
2021-02-05,22020,CLE,1440.4621693840124,1,2020-21
2021-02-06,22020,CLE,1429.7782001890475,1,2020-21
2021-02-08,22020,CLE,1417.5409661943404,0,2020-21
2021-02-10,22020,CLE,1413.6440599777325,0,2020-21
2021-02-12,22020,CLE,1401.4817167660983,0,2020-21
2021-02-14,22020,CLE,1393.3942147822245,0,2020-21
2021-02-15,22020,CLE,1388.8764506794498,0,2020-21
2021-02-19,22020,CLE,1378.196206390269,1,2020-21
2021-02-21,22020,CLE,1369.3480034743488,1,2020-21
2021-02-23,22020,CLE,1355.5573469494989,1,2020-21
2021-02-24,22020,CLE,1360.8172321721113,1,2020-21
2021-02-27,22020,CLE,1376.137158295448,0,2020-21
2021-03-01,22020,CLE,1387.1908223544654,0,2020-21
2021-03-03,22020,CLE,1400.201534312926,1,2020-21
2021-03-12,22020,CLE,1395.3805960366424,0,2020-21
2021-03-14,22020,CLE,1379.3040501712867,0,2020-21
2021-03-16,22020,CLE,1372.2456777207915,0,2020-21
2021-03-17,22020,CLE,1366.847891583227,1,2020-21
2021-03-19,22020,CLE,1378.2539846526838,1,2020-21
2021-03-21,22020,CLE,1372.7237283256388,1,2020-21
2021-03-22,22020,CLE,1385.5617546905885,1,2020-21
2021-03-24,22020,CLE,1371.8683228719833,0,2020-21
2021-03-26,22020,CLE,1388.118121089994,0,2020-21
2021-03-27,22020,CLE,1383.3134631101657,0,2020-21
2021-03-29,22020,CLE,1380.40609260927,0,2020-21
2021-04-01,22020,CLE,1375.294422996655,1,2020-21
2021-04-03,22020,CLE,1368.294926350035,0,2020-21
2021-04-05,22020,CLE,1362.592927314697,0,2020-21
2021-04-08,22020,CLE,1392.3256100632964,0,2020-21
2021-04-10,22020,CLE,1413.2437987955684,1,2020-21
2021-04-11,22020,CLE,1395.6453955876048,1,2020-21
2021-04-14,22020,CLE,1388.279802163622,0,2020-21
2021-04-15,22020,CLE,1408.8071412020747,1,2020-21
2021-04-17,22020,CLE,1394.398567427402,0,2020-21
2021-04-19,22020,CLE,1387.3708149455958,0,2020-21
2021-04-21,22020,CLE,1382.5801833456374,1,2020-21
2021-04-23,22020,CLE,1398.1201969129174,0,2020-21
2021-04-25,22020,CLE,1393.3724249173308,0,2020-21
2021-04-26,22020,CLE,1387.7296086735878,0,2020-21
2021-04-28,22020,CLE,1379.6893219519484,1,2020-21
2021-04-30,22020,CLE,1369.1957109402415,1,2020-21
2021-05-01,22020,CLE,1352.6732946614836,1,2020-21
2021-05-04,22020,CLE,1343.1432512723843,1,2020-21
2021-05-05,22020,CLE,1338.592688920028,1,2020-21
2021-05-07,22020,CLE,1326.156924749299,0,2020-21
2021-05-09,22020,CLE,1322.1088177473905,1,2020-21
2021-05-10,22020,CLE,1313.944776243327,1,2020-21
2021-05-12,22020,CLE,1307.412591798541,1,2020-21
2021-05-14,22020,CLE,1321.554360837838,0,2020-21
2021-05-16,22020,CLE,1316.9303259116748,0,2020-21
2021-10-20,22021,CLE,1388.6178067742326,0,2021-22
2021-10-22,22021,CLE,1383.803588975111,1,2021-22
2021-10-23,22021,CLE,1373.9107702579167,1,2021-22
2021-10-25,22021,CLE,1385.790231618974,0,2021-22
2021-10-27,22021,CLE,1409.3458617961262,0,2021-22
2021-10-29,22021,CLE,1431.9185153565911,0,2021-22
2021-10-30,22021,CLE,1425.022808161939,0,2021-22
2021-11-01,22021,CLE,1420.3918178894914,0,2021-22
2021-11-03,22021,CLE,1428.6855658281067,1,2021-22
2021-11-05,22021,CLE,1435.9429318544037,0,2021-22
2021-11-07,22021,CLE,1441.9478714663185,0,2021-22
2021-11-10,22021,CLE,1466.6779659188246,1,2021-22
2021-11-12,22021,CLE,1461.6393007454444,1,2021-22
2021-11-13,22021,CLE,1470.855394015251,1,2021-22
2021-11-15,22021,CLE,1475.5174619559875,1,2021-22
2021-11-17,22021,CLE,1467.2377702209317,0,2021-22
2021-11-18,22021,CLE,1461.653308881119,1,2021-22
2021-11-22,22021,CLE,1452.862498157122,1,2021-22
2021-11-24,22021,CLE,1447.479580672822,1,2021-22
2021-11-27,22021,CLE,1443.5430718988491,1,2021-22
2021-11-29,22021,CLE,1449.48396792994,0,2021-22
2021-12-01,22021,CLE,1472.520549707357,0,2021-22
2021-12-03,22021,CLE,1503.8405760956116,0,2021-22
2021-12-05,22021,CLE,1520.2149650542435,1,2021-22
2021-12-06,22021,CLE,1517.08255808328,0,2021-22
2021-12-08,22021,CLE,1511.5708418031822,1,2021-22
2021-12-10,22021,CLE,1530.3277080830892,0,2021-22
2021-12-11,22021,CLE,1544.3066471813695,1,2021-22
2021-12-13,22021,CLE,1550.7964282709556,1,2021-22
2021-12-15,22021,CLE,1559.7102847347842,1,2021-22
2021-12-18,22021,CLE,1568.457544219215,0,2021-22
2021-12-22,22021,CLE,1595.1261965011695,0,2021-22
2021-12-26,22021,CLE,1583.7016320936389,1,2021-22
2021-12-28,22021,CLE,1601.3589755072112,0,2021-22
2021-12-30,22021,CLE,1592.523109661695,0,2021-22
2021-12-31,22021,CLE,1572.767439617515,1,2021-22
2022-01-02,22021,CLE,1563.964212873697,1,2021-22
2022-01-04,22021,CLE,1567.5883052536951,1,2021-22
2022-01-07,22021,CLE,1560.3983718494496,0,2021-22
2022-01-09,22021,CLE,1568.9251262255852,0,2021-22
2022-01-10,22021,CLE,1561.0117100855236,0,2021-22
2022-01-12,22021,CLE,1563.28111207999,0,2021-22
2022-01-14,22021,CLE,1586.8716193766693,0,2021-22
2022-01-15,22021,CLE,1592.0852899338445,0,2021-22
2022-01-17,22021,CLE,1595.3983381617593,1,2021-22
2022-01-19,22021,CLE,1600.863462439244,0,2021-22
2022-01-22,22021,CLE,1587.0120051842864,1,2021-22
2022-01-24,22021,CLE,1589.1774076226602,1,2021-22
2022-01-26,22021,CLE,1591.7339891195352,1,2021-22
2022-01-30,22021,CLE,1602.4030397145896,0,2021-22
2022-01-31,22021,CLE,1582.740062232744,1,2021-22
2022-02-02,22021,CLE,1585.271233300832,0,2021-22
2022-02-04,22021,CLE,1564.184016518282,0,2021-22
2022-02-06,22021,CLE,1568.0008233179817,1,2021-22
2022-02-09,22021,CLE,1573.2900563799978,1,2021-22
2022-02-11,22021,CLE,1579.3712960232515,0,2021-22
2022-02-12,22021,CLE,1584.5483746268371,0,2021-22
2022-02-15,22021,CLE,1575.932743007217,0,2021-22
2022-02-24,22021,CLE,1565.8790243239675,0,2021-22
2022-02-26,22021,CLE,1555.6857591618195,1,2021-22
2022-02-28,22021,CLE,1559.1629282210813,1,2021-22
2022-03-02,22021,CLE,1549.810296027896,1,2021-22
2022-03-04,22021,CLE,1523.7545379593728,0,2021-22
2022-03-06,22021,CLE,1519.2511898899863,1,2021-22
2022-03-08,22021,CLE,1526.7289310207243,0,2021-22
2022-03-11,22021,CLE,1530.8699179714158,0,2021-22
2022-03-12,22021,CLE,1524.4510439365265,0,2021-22
2022-03-14,22021,CLE,1515.4092544448165,1,2021-22
2022-03-16,22021,CLE,1522.4403751376733,1,2021-22
2022-03-18,22021,CLE,1515.8079304535931,1,2021-22
2022-03-19,22021,CLE,1521.7219127858446,1,2021-22
2022-03-21,22021,CLE,1524.1177779792515,1,2021-22
2022-03-24,22021,CLE,1505.8734519513257,0,2021-22
2022-03-26,22021,CLE,1497.4678077386163,1,2021-22
2022-03-28,22021,CLE,1489.5657699558406,1,2021-22
2022-03-30,22021,CLE,1492.6829030527156,1,2021-22
2022-03-31,22021,CLE,1485.0059742905892,0,2021-22
2022-04-02,22021,CLE,1472.8735610928145,0,2021-22
2022-04-03,22021,CLE,1493.3212765614446,1,2021-22
2022-04-05,22021,CLE,1487.9206099841708,0,2021-22
2022-04-08,22021,CLE,1477.134383147485,0,2021-22
2022-04-10,22021,CLE,1469.771273548387,1,2021-22
2022-10-19,22022,CLE,1493.1947852192357,0,2022-23
2022-10-22,22022,CLE,1489.645478648115,0,2022-23
2022-10-23,22022,CLE,1516.4876400140552,1,2022-23
2022-10-26,22022,CLE,1523.3543268916922,1,2022-23
2022-10-28,22022,CLE,1528.137432688603,0,2022-23
2022-10-30,22022,CLE,1543.3962553535268,1,2022-23
2022-11-02,22022,CLE,1552.6459024114329,1,2022-23
2022-11-04,22022,CLE,1556.8236151263932,0,2022-23
2022-11-06,22022,CLE,1568.1502754204505,0,2022-23
2022-11-07,22022,CLE,1577.0601503896185,0,2022-23
2022-11-09,22022,CLE,1571.4099075688289,0,2022-23
2022-11-11,22022,CLE,1559.816715399785,0,2022-23
2022-11-13,22022,CLE,1552.7012626133017,1,2022-23
2022-11-16,22022,CLE,1542.4173783954502,0,2022-23
2022-11-18,22022,CLE,1531.5543173474505,1,2022-23
2022-11-20,22022,CLE,1537.1373800282654,1,2022-23
2022-11-21,22022,CLE,1552.4150721471992,1,2022-23
2022-11-23,22022,CLE,1561.892460304096,1,2022-23
2022-11-25,22022,CLE,1568.9787032410875,0,2022-23
2022-11-27,22022,CLE,1556.7962122904316,0,2022-23
2022-11-28,22022,CLE,1562.2016835059571,0,2022-23
2022-11-30,22022,CLE,1551.4463631033498,1,2022-23
2022-12-02,22022,CLE,1570.6969309078547,1,2022-23
2022-12-04,22022,CLE,1573.9735021073575,0,2022-23
2022-12-06,22022,CLE,1560.907211518898,1,2022-23
2022-12-09,22022,CLE,1568.405643166342,1,2022-23
2022-12-10,22022,CLE,1553.1902138718317,1,2022-23
2022-12-12,22022,CLE,1557.6840925783522,0,2022-23
2022-12-14,22022,CLE,1551.4228557822385,0,2022-23
2022-12-16,22022,CLE,1566.8998587441308,1,2022-23
2022-12-17,22022,CLE,1570.740953203005,1,2022-23
2022-12-19,22022,CLE,1573.622333366987,1,2022-23
2022-12-21,22022,CLE,1585.49942338423,1,2022-23
2022-12-23,22022,CLE,1593.1271410614434,1,2022-23
2022-12-26,22022,CLE,1575.4238696067353,1,2022-23
2022-12-29,22022,CLE,1565.0769352330396,0,2022-23
2022-12-31,22022,CLE,1553.7115869672853,0,2022-23
2023-01-02,22022,CLE,1557.439464987075,1,2022-23
2023-01-04,22022,CLE,1563.8772824279845,1,2022-23
2023-01-06,22022,CLE,1567.2213399557493,0,2022-23
2023-01-08,22022,CLE,1557.5132317839953,0,2022-23
2023-01-10,22022,CLE,1570.401958937899,0,2022-23
2023-01-12,22022,CLE,1565.0582429888136,0,2022-23
2023-01-14,22022,CLE,1570.7709854546592,0,2022-23
2023-01-16,22022,CLE,1560.4593701215006,1,2022-23
2023-01-18,22022,CLE,1569.3618718237117,0,2022-23
2023-01-20,22022,CLE,1566.9892024786836,1,2022-23
2023-01-21,22022,CLE,1555.8981400460736,1,2022-23
2023-01-24,22022,CLE,1564.1282449628582,0,2022-23
2023-01-26,22022,CLE,1559.4851303033702,0,2022-23
2023-01-27,22022,CLE,1565.8222745717424,0,2022-23
2023-01-29,22022,CLE,1555.0051196311751,1,2022-23
2023-01-31,22022,CLE,1567.917930327374,1,2022-23
2023-02-02,22022,CLE,1560.678877860791,1,2022-23
2023-02-05,22022,CLE,1572.4667674752404,0,2022-23
2023-02-06,22022,CLE,1583.7699400227436,0,2022-23
2023-02-08,22022,CLE,1600.0214113037382,1,2022-23
2023-02-10,22022,CLE,1604.9562420625127,0,2022-23
2023-02-11,22022,CLE,1613.9879810559066,1,2022-23
2023-02-13,22022,CLE,1618.5492219043235,1,2022-23
2023-02-15,22022,CLE,1619.935268266913,0,2022-23
2023-02-23,22022,CLE,1612.8061009029147,1,2022-23
2023-02-24,22022,CLE,1603.723342496269,0,2022-23
2023-02-26,22022,CLE,1585.7849374888,1,2022-23
2023-03-01,22022,CLE,1598.0561906992275,0,2022-23
2023-03-04,22022,CLE,1593.41201015287,1,2022-23
2023-03-06,22022,CLE,1597.5322735025916,1,2022-23
2023-03-08,22022,CLE,1602.92053949972,0,2022-23
2023-03-10,22022,CLE,1608.2861459842914,0,2022-23
2023-03-12,22022,CLE,1600.6689163605834,0,2022-23
2023-03-14,22022,CLE,1604.8135837731224,0,2022-23
2023-03-15,22022,CLE,1612.0564895759237,1,2022-23
2023-03-17,22022,CLE,1601.2490075848368,1,2022-23
2023-03-21,22022,CLE,1610.4100365951383,0,2022-23
2023-03-23,22022,CLE,1616.4840356166774,0,2022-23
2023-03-26,22022,CLE,1620.091012566542,1,2022-23
2023-03-28,22022,CLE,1622.436933105943,0,2022-23
2023-03-31,22022,CLE,1616.1068460491713,1,2022-23
2023-04-02,22022,CLE,1598.738111948363,1,2022-23
2023-04-04,22022,CLE,1602.134203487144,0,2022-23
2023-04-06,22022,CLE,1606.9779124191853,0,2022-23
2023-04-09,22022,CLE,1620.6679969178151,1,2022-23
2023-10-25,22023,CLE,1557.4997532810344,0,2023-24
2023-10-27,22023,CLE,1561.5065634088044,1,2023-24
2023-10-28,22023,CLE,1554.1167604004363,1,2023-24
2023-10-31,22023,CLE,1535.479732992546,1,2023-24
2023-11-01,22023,CLE,1517.6390305188029,0,2023-24
2023-11-03,22023,CLE,1528.1012133433746,0,2023-24
2023-11-05,22023,CLE,1520.3129226282797,1,2023-24
2023-11-08,22023,CLE,1532.2088312900755,0,2023-24
2023-11-11,22023,CLE,1524.1129997809755,0,2023-24
2023-11-13,22023,CLE,1536.9941582838096,0,2023-24
2023-11-15,22023,CLE,1525.6290557547666,0,2023-24
2023-11-17,22023,CLE,1534.4139977362572,1,2023-24
2023-11-19,22023,CLE,1537.5126311705123,1,2023-24
2023-11-21,22023,CLE,1548.68427516722,0,2023-24
2023-11-22,22023,CLE,1556.951540079646,1,2023-24
2023-11-25,22023,CLE,1527.8708274651578,1,2023-24
2023-11-26,22023,CLE,1518.4036054930002,1,2023-24
2023-11-28,22023,CLE,1523.0017172468188,1,2023-24
2023-11-30,22023,CLE,1537.9584468432502,1,2023-24
2023-12-02,22023,CLE,1520.785113253644,0,2023-24
2023-12-06,22023,CLE,1525.3897064247303,1,2023-24
2023-12-08,22023,CLE,1534.4824225121115,0,2023-24
2023-12-11,22023,CLE,1548.6838958451688,0,2023-24
2023-12-12,22023,CLE,1539.7311903948575,0,2023-24
2023-12-14,22023,CLE,1535.476954186544,0,2023-24
2023-12-16,22023,CLE,1530.7536945937732,1,2023-24
2023-12-18,22023,CLE,1537.3355930607545,1,2023-24
2023-12-20,22023,CLE,1542.4993707509952,1,2023-24
2023-12-21,22023,CLE,1546.5149022845746,1,2023-24
2023-12-23,22023,CLE,1527.8144152273464,0,2023-24
2023-12-27,22023,CLE,1541.5917607683282,0,2023-24
2023-12-29,22023,CLE,1547.3097859053105,1,2023-24
2024-01-01,22023,CLE,1539.2805697030922,0,2023-24
2024-01-03,22023,CLE,1533.0366137905742,1,2023-24
2024-01-05,22023,CLE,1542.0602799779435,1,2023-24
2024-01-07,22023,CLE,1547.8185058210065,1,2023-24
2024-01-11,22023,CLE,1548.9418741691034,1,2023-24
2024-01-15,22023,CLE,1554.04384674893,1,2023-24
2024-01-17,22023,CLE,1563.387141017621,1,2023-24
2024-01-20,22023,CLE,1590.6734330452878,0,2023-24
2024-01-22,22023,CLE,1601.999663828259,0,2023-24
2024-01-24,22023,CLE,1618.9667499007558,0,2023-24
2024-01-26,22023,CLE,1609.486723247206,0,2023-24
2024-01-29,22023,CLE,1623.0192585178536,1,2023-24
2024-01-31,22023,CLE,1633.293358357648,1,2023-24
2024-02-01,22023,CLE,1634.3535654785835,0,2023-24
2024-02-03,22023,CLE,1639.3012570439073,0,2023-24
2024-02-05,22023,CLE,1643.226168853915,1,2023-24
2024-02-07,22023,CLE,1653.5274417697449,0,2023-24
2024-02-08,22023,CLE,1655.8652002912454,0,2023-24
2024-02-10,22023,CLE,1665.441021060626,0,2023-24
2024-02-12,22023,CLE,1673.8141173775366,1,2023-24
2024-02-14,22023,CLE,1664.1098105088545,1,2023-24
2024-02-22,22023,CLE,1666.2487945861324,1,2023-24
2024-02-23,22023,CLE,1650.9468290002485,0,2023-24
2024-02-25,22023,CLE,1638.1052101703588,0,2023-24
2024-02-27,22023,CLE,1640.546762152764,1,2023-24
2024-02-28,22023,CLE,1643.0724794830892,0,2023-24
2024-03-01,22023,CLE,1629.0690367819243,0,2023-24
2024-03-03,22023,CLE,1632.017360557661,1,2023-24
2024-03-05,22023,CLE,1616.868560572272,1,2023-24
2024-03-06,22023,CLE,1622.1015972409132,0,2023-24
2024-03-08,22023,CLE,1605.7173175449352,1,2023-24
2024-03-10,22023,CLE,1615.208770539222,1,2023-24
2024-03-11,22023,CLE,1583.8986211317829,1,2023-24
2024-03-13,22023,CLE,1574.1566550854368,0,2023-24
2024-03-16,22023,CLE,1598.121072258781,0,2023-24
2024-03-18,22023,CLE,1582.327651659739,0,2023-24
2024-03-20,22023,CLE,1589.9024585616032,1,2023-24
2024-03-22,22023,CLE,1581.8887291454023,0,2023-24
2024-03-24,22023,CLE,1574.28254031855,0,2023-24
2024-03-25,22023,CLE,1548.4657878901844,1,2023-24
2024-03-27,22023,CLE,1552.7035367696049,0,2023-24
2024-03-29,22023,CLE,1536.9430922275326,1,2023-24
2024-03-31,22023,CLE,1540.2339607729868,0,2023-24
2024-04-02,22023,CLE,1527.9408098350675,0,2023-24
2024-04-03,22023,CLE,1537.1489662855424,0,2023-24
2024-04-06,22023,CLE,1526.1355347257468,0,2023-24
2024-04-07,22023,CLE,1514.9609011656391,0,2023-24
2024-04-10,22023,CLE,1511.5180406137604,1,2023-24
2024-04-12,22023,CLE,1515.7139393628254,1,2023-24
2024-04-14,22023,CLE,1526.2038755018946,1,2023-24
2024-10-23,22024,CLE,1502.4836708781745,0,2024-25
2024-10-25,22024,CLE,1519.0721797404826,1,2024-25
2024-10-26,22024,CLE,1524.042399858071,0,2024-25
2024-10-28,22024,CLE,1533.7416650418638,0,2024-25
2024-10-30,22024,CLE,1544.041102640816,1,2024-25
2024-11-01,22024,CLE,1560.3824143282532,1,2024-25
2024-11-02,22024,CLE,1568.2350469052972,0,2024-25
2024-11-04,22024,CLE,1571.6634513851575,1,2024-25
2024-11-06,22024,CLE,1574.2263234683612,0,2024-25
2024-11-08,22024,CLE,1582.406502119981,1,2024-25
2024-11-09,22024,CLE,1597.9408925972348,1,2024-25
2024-11-11,22024,CLE,1600.836370321515,0,2024-25
2024-11-13,22024,CLE,1606.226339248319,0,2024-25
2024-11-15,22024,CLE,1611.7515641824375,1,2024-25
2024-11-17,22024,CLE,1618.0784075105794,1,2024-25
2024-11-19,22024,CLE,1621.8510751647002,0,2024-25
2024-11-20,22024,CLE,1618.1161558172491,1,2024-25
2024-11-24,22024,CLE,1625.421122709054,1,2024-25
2024-11-27,22024,CLE,1628.4545932899528,1,2024-25
2024-11-29,22024,CLE,1606.2215801817283,0,2024-25
2024-12-01,22024,CLE,1586.3639204878637,1,2024-25
2024-12-03,22024,CLE,1594.1091927056275,1,2024-25
2024-12-05,22024,CLE,1597.7881753507047,1,2024-25
2024-12-07,22024,CLE,1606.3960536478548,0,2024-25
2024-12-08,22024,CLE,1611.932996844026,0,2024-25
2024-12-13,22024,CLE,1601.7327627441591,1,2024-25
2024-12-16,22024,CLE,1603.3769731437592,0,2024-25
2024-12-20,22024,CLE,1615.9172513877809,1,2024-25
2024-12-21,22024,CLE,1625.9202020304128,1,2024-25
2024-12-23,22024,CLE,1633.2735448854212,1,2024-25
2024-12-27,22024,CLE,1636.0335469010106,0,2024-25
2024-12-30,22024,CLE,1648.490609776156,0,2024-25
2024-12-31,22024,CLE,1660.0913442918652,0,2024-25
2025-01-03,22024,CLE,1668.032280279853,0,2024-25
2025-01-05,22024,CLE,1677.673760257599,1,2024-25
2025-01-08,22024,CLE,1678.9757758305248,1,2024-25
2025-01-09,22024,CLE,1687.8062214210663,1,2024-25
2025-01-12,22024,CLE,1688.8414049485798,1,2024-25
2025-01-14,22024,CLE,1665.712939486708,0,2024-25
2025-01-16,22024,CLE,1674.8964927276909,0,2024-25
2025-01-18,22024,CLE,1665.3800205044354,0,2024-25
2025-01-20,22024,CLE,1672.5739036169318,1,2024-25
2025-01-22,22024,CLE,1679.7019445374317,0,2024-25
2025-01-24,22024,CLE,1675.2025474898462,0,2024-25
2025-01-25,22024,CLE,1664.9555125036102,1,2024-25
2025-01-27,22024,CLE,1655.873920826668,1,2024-25
2025-01-29,22024,CLE,1661.9391075611327,0,2024-25
2025-01-30,22024,CLE,1671.600247490424,1,2024-25
2025-02-02,22024,CLE,1676.441433819872,1,2024-25
2025-02-04,22024,CLE,1688.1494310551925,1,2024-25
2025-02-05,22024,CLE,1676.686266393291,0,2024-25
2025-02-07,22024,CLE,1679.8476252047876,0,2024-25
2025-02-10,22024,CLE,1681.6695899850845,1,2024-25
2025-02-12,22024,CLE,1692.0564613672016,0,2024-25
2025-02-20,22024,CLE,1698.3952643898745,0,2024-25
2025-02-21,22024,CLE,1702.0366155656584,1,2024-25
2025-02-23,22024,CLE,1716.3092482693496,1,2024-25
2025-02-25,22024,CLE,1720.1363576349522,0,2024-25
2025-02-28,22024,CLE,1729.58810960123,0,2024-25
2025-03-02,22024,CLE,1737.7583722785164,1,2024-25
2025-03-04,22024,CLE,1739.3010353023033,0,2024-25
2025-03-05,22024,CLE,1743.8175518866783,1,2024-25
2025-03-07,22024,CLE,1745.2933583887873,0,2024-25
2025-03-09,22024,CLE,1745.7273238186242,0,2024-25
2025-03-11,22024,CLE,1752.15385998914,1,2024-25
2025-03-14,22024,CLE,1752.8645177039614,0,2024-25
2025-03-16,22024,CLE,1758.865386291555,1,2024-25
2025-03-18,22024,CLE,1740.4927770342756,0,2024-25
2025-03-19,22024,CLE,1721.75071996897,0,2024-25
2025-03-21,22024,CLE,1711.107099016319,0,2024-25
2025-03-23,22024,CLE,1692.0571853829374,0,2024-25
2025-03-25,22024,CLE,1696.7482671983028,0,2024-25
2025-03-27,22024,CLE,1703.017263114163,1,2024-25
2025-03-28,22024,CLE,1705.1857753853456,0,2024-25
2025-03-30,22024,CLE,1690.901938875844,1,2024-25
2025-04-02,22024,CLE,1694.9199941073014,1,2024-25
2025-04-04,22024,CLE,1702.3247691232718,0,2024-25
2025-04-06,22024,CLE,1703.7942464225694,1,2024-25
2025-04-08,22024,CLE,1685.4607534901625,1,2024-25
2025-04-10,22024,CLE,1692.3286714020398,0,2024-25
2025-04-11,22024,CLE,1686.6037799415726,0,2024-25
2025-04-13,22024,CLE,1692.4959961104114,1,2024-25
2025-10-22,22025,CLE,1606.497988731787,0,2025-26
2025-10-24,22025,CLE,1596.8314584110915,0,2025-26
2025-10-26,22025,CLE,1600.5944985566548,1,2025-26
2025-10-27,22025,CLE,1605.537905446114,0,2025-26
2025-10-29,22025,CLE,1621.578185000111,0,2025-26
2025-10-31,22025,CLE,1606.2929545958011,1,2025-26
2025-11-02,22025,CLE,1584.7738746953846,1,2025-26
2025-11-05,22025,CLE,1589.7581056977328,1,2025-26
2025-11-07,22025,CLE,1593.9240728239663,0,2025-26
2025-11-08,22025,CLE,1601.704173461167,1,2025-26
2025-11-10,22025,CLE,1606.6031599145854,0,2025-26
2025-11-12,22025,CLE,1601.4479371300313,0,2025-26
2025-11-13,22025,CLE,1613.950665616842,1,2025-26
2025-11-15,22025,CLE,1593.2354528059627,1,2025-26
2025-11-17,22025,CLE,1597.222157374743,1,2025-26
2025-11-19,22025,CLE,1604.0373785960646,1,2025-26
2025-11-21,22025,CLE,1592.129650877511,1,2025-26
2025-11-23,22025,CLE,1596.051769792676,1,2025-26
2025-11-24,22025,CLE,1603.118082293723,0,2025-26
2025-11-28,22025,CLE,1591.736163381191,0,2025-26
2025-11-30,22025,CLE,1582.1901256856893,1,2025-26
2025-12-01,22025,CLE,1576.204162023207,0,2025-26
2025-12-03,22025,CLE,1585.2962367849054,1,2025-26
2025-12-05,22025,CLE,1566.6103489633313,1,2025-26
2025-12-06,22025,CLE,1575.9558826988598,1,2025-26
2025-12-12,22025,CLE,1566.4431151751671,0,2025-26
2025-12-14,22025,CLE,1568.4101754974556,1,2025-26
2025-12-17,22025,CLE,1550.1057011769972,0,2025-26
2025-12-19,22025,CLE,1530.36060241334,1,2025-26
2025-12-22,22025,CLE,1512.1259626480607,1,2025-26
2025-12-23,22025,CLE,1516.174523819446,1,2025-26
2025-12-25,22025,CLE,1524.3068702539397,0,2025-26
2025-12-27,22025,CLE,1521.4251027334733,0,2025-26
2025-12-29,22025,CLE,1513.3716386823764,0,2025-26
2025-12-31,22025,CLE,1531.9069575593696,1,2025-26
2026-01-02,22025,CLE,1544.8712111626562,1,2025-26
2026-01-04,22025,CLE,1552.2921130903503,1,2025-26
2026-01-06,22025,CLE,1546.18733225745,0,2025-26
2026-01-08,22025,CLE,1549.320036086697,0,2025-26
2026-01-10,22025,CLE,1542.9344685078868,1,2025-26
2026-01-12,22025,CLE,1555.2797215378212,1,2025-26
2026-01-14,22025,CLE,1533.4338113741817,0,2025-26
2026-01-16,22025,CLE,1555.5850152237576,0,2025-26
2026-01-19,22025,CLE,1560.2134896165812,1,2025-26
2026-01-21,22025,CLE,1544.3226331589108,0,2025-26
2026-01-23,22025,CLE,1553.553293225398,1,2025-26
2026-01-24,22025,CLE,1556.0412394211212,0,2025-26
2026-01-26,22025,CLE,1567.3123526212453,1,2025-26
2026-01-28,22025,CLE,1574.5070417395818,1,2025-26
2026-01-30,22025,CLE,1588.756211495093,0,2025-26
2026-02-01,22025,CLE,1578.4720334468134,0,2025-26
2026-02-04,22025,CLE,1591.6327089681513,0,2025-26
2026-02-07,22025,CLE,1615.5780932724829,0,2025-26
2026-02-09,22025,CLE,1618.3832183794118,0,2025-26
2026-02-11,22025,CLE,1622.8858487117511,1,2025-26
2026-02-19,22025,CLE,1626.1310811573546,1,2025-26
2026-02-20,22025,CLE,1630.3157987877828,0,2025-26
2026-02-22,22025,CLE,1637.452472952138,0,2025-26
2026-02-24,22025,CLE,1630.7868640620582,1,2025-26
2026-02-25,22025,CLE,1640.95429742263,0,2025-26
2026-02-27,22025,CLE,1633.7946685204995,0,2025-26
2026-03-01,22025,CLE,1629.779546392399,0,2025-26
2026-03-03,22025,CLE,1631.6397822509384,1,2025-26
2026-03-08,22025,CLE,1637.8844254614985,1,2025-26
2026-03-09,22025,CLE,1624.7294729455189,1,2025-26
2026-03-11,22025,CLE,1630.3979249789068,0,2025-26
2026-03-13,22025,CLE,1621.615060612624,0,2025-26
2026-03-15,22025,CLE,1631.2079638282976,1,2025-26
2026-03-17,22025,CLE,1607.0569571861936,0,2025-26
2026-03-19,22025,CLE,1611.085093740667,0,2025-26
2026-03-21,22025,CLE,1614.2945425863,0,2025-26
2026-03-24,22025,CLE,1618.9434419050108,1,2025-26
2026-03-25,22025,CLE,1622.7552892223025,1,2025-26
2026-03-27,22025,CLE,1599.9029576399373,1,2025-26
2026-03-30,22025,CLE,1611.4464127734002,0,2025-26
2026-03-31,22025,CLE,1614.1100458387432,0,2025-26
2026-04-02,22025,CLE,1603.204750416406,0,2025-26
2026-04-05,22025,CLE,1608.7539777610714,1,2025-26
2026-04-06,22025,CLE,1610.734349109228,0,2025-26
2026-04-08,22025,CLE,1615.3073603955447,1,2025-26
2026-04-10,22025,CLE,1621.2918821048138,0,2025-26
2026-04-12,22025,CLE,1605.220100759091,1,2025-26
2020-12-23,22020,DAL,1500.0,0,2020-21
2020-12-25,22020,DAL,1494.7880285152028,0,2020-21
2020-12-27,22020,DAL,1479.6059095506062,0,2020-21
2020-12-30,22020,DAL,1523.9584257814392,1,2020-21
2021-01-01,22020,DAL,1503.1435365773227,1,2020-21
2021-01-03,22020,DAL,1510.905627545569,0,2020-21
2021-01-04,22020,DAL,1500.5656816642638,0,2020-21
2021-01-07,22020,DAL,1515.009405136052,0,2020-21
2021-01-09,22020,DAL,1524.467119246346,1,2020-21
2021-01-13,22020,DAL,1533.906624501354,0,2020-21
2021-01-15,22020,DAL,1546.4673100702453,0,2020-21
2021-01-17,22020,DAL,1542.2668785647295,1,2020-21
2021-01-18,22020,DAL,1521.0031952985362,0,2020-21
2021-01-20,22020,DAL,1504.0951984814903,0,2020-21
2021-01-22,22020,DAL,1519.1506983649424,0,2020-21
2021-01-23,22020,DAL,1527.1843326364387,1,2020-21
2021-01-25,22020,DAL,1499.6374399288948,1,2020-21
2021-01-27,22020,DAL,1493.3071638048827,0,2020-21
2021-01-29,22020,DAL,1487.272220528947,0,2020-21
2021-01-30,22020,DAL,1479.5378641438103,1,2020-21
2021-02-01,22020,DAL,1471.451288989647,1,2020-21
2021-02-03,22020,DAL,1467.4664547565492,0,2020-21
2021-02-04,22020,DAL,1478.453535662069,1,2020-21
2021-02-06,22020,DAL,1452.7065361684884,1,2020-21
2021-02-08,22020,DAL,1457.752513256026,1,2020-21
2021-02-10,22020,DAL,1462.0119049045477,1,2020-21
2021-02-12,22020,DAL,1466.0085135866404,1,2020-21
2021-02-14,22020,DAL,1477.6488608272375,1,2020-21
2021-02-22,22020,DAL,1471.8336285150303,1,2020-21
2021-02-23,22020,DAL,1480.6827498159173,1,2020-21
2021-02-25,22020,DAL,1485.6513705881878,0,2020-21
2021-02-27,22020,DAL,1477.9036157236533,0,2020-21
2021-03-01,22020,DAL,1502.350525295862,0,2020-21
2021-03-03,22020,DAL,1508.6245515572311,1,2020-21
2021-03-10,22020,DAL,1514.1460783937907,1,2020-21
2021-03-11,22020,DAL,1522.8341783452122,0,2020-21
2021-03-13,22020,DAL,1512.2369951378018,0,2020-21
2021-03-15,22020,DAL,1531.7340256571529,1,2020-21
2021-03-17,22020,DAL,1520.4511811307318,1,2020-21
2021-03-19,22020,DAL,1534.4716671563572,0,2020-21
2021-03-21,22020,DAL,1527.615218612008,0,2020-21
2021-03-24,22020,DAL,1559.295563517924,0,2020-21
2021-03-26,22020,DAL,1568.283799526126,1,2020-21
2021-03-27,22020,DAL,1549.2180771635046,0,2020-21
2021-03-29,22020,DAL,1539.3241430700305,0,2020-21
2021-03-31,22020,DAL,1551.341778600124,0,2020-21
2021-04-02,22020,DAL,1558.3125118205949,0,2020-21
2021-04-03,22020,DAL,1570.375758608308,0,2020-21
2021-04-05,22020,DAL,1581.2078351582354,1,2020-21
2021-04-07,22020,DAL,1592.3159550767066,0,2020-21
2021-04-08,22020,DAL,1573.5798089406564,1,2020-21
2021-04-11,22020,DAL,1585.8941627162724,1,2020-21
2021-04-12,22020,DAL,1576.979160690876,1,2020-21
2021-04-14,22020,DAL,1560.744217945613,0,2020-21
2021-04-16,22020,DAL,1565.533159187771,1,2020-21
2021-04-18,22020,DAL,1554.0989657836387,1,2020-21
2021-04-21,22020,DAL,1530.47386845214,1,2020-21
2021-04-22,22020,DAL,1535.515526961012,1,2020-21
2021-04-24,22020,DAL,1542.071108070393,1,2020-21
2021-04-26,22020,DAL,1553.9918963244202,0,2020-21
2021-04-27,22020,DAL,1542.2352809876302,0,2020-21
2021-04-29,22020,DAL,1566.5351486667803,0,2020-21
2021-05-01,22020,DAL,1573.3849174895026,1,2020-21
2021-05-02,22020,DAL,1575.8185406823557,1,2020-21
2021-05-04,22020,DAL,1554.0588587806133,0,2020-21
2021-05-06,22020,DAL,1568.104237214895,1,2020-21
2021-05-07,22020,DAL,1573.4889447809285,1,2020-21
2021-05-09,22020,DAL,1577.537051782837,0,2020-21
2021-05-11,22020,DAL,1585.7010932869002,0,2020-21
2021-05-12,22020,DAL,1563.8233064708731,1,2020-21
2021-05-14,22020,DAL,1573.2276989007655,1,2020-21
2021-05-16,22020,DAL,1576.0547336070724,0,2020-21
2021-10-21,22021,DAL,1533.8430920754845,0,2021-22
2021-10-23,22021,DAL,1518.2133097173426,0,2021-22
2021-10-26,22021,DAL,1527.4446331704903,1,2021-22
2021-10-28,22021,DAL,1531.758995109573,1,2021-22
2021-10-29,22021,DAL,1536.188283880342,0,2021-22
2021-10-31,22021,DAL,1519.119823600683,1,2021-22
2021-11-02,22021,DAL,1524.2918109868606,1,2021-22
2021-11-03,22021,DAL,1511.767745494253,0,2021-22
2021-11-06,22021,DAL,1515.9141869377409,1,2021-22
2021-11-08,22021,DAL,1520.1226508551129,1,2021-22
2021-11-10,22021,DAL,1527.5256141773666,0,2021-22
2021-11-12,22021,DAL,1519.6779129293916,0,2021-22
2021-11-15,22021,DAL,1532.9714076844846,1,2021-22
2021-11-17,22021,DAL,1544.002511531165,0,2021-22
2021-11-19,22021,DAL,1538.736878828644,0,2021-22
2021-11-21,22021,DAL,1533.3204942584014,0,2021-22
2021-11-23,22021,DAL,1527.2606034020223,0,2021-22
2021-11-27,22021,DAL,1538.9499788049857,1,2021-22
2021-11-29,22021,DAL,1528.8371369492734,1,2021-22
2021-12-01,22021,DAL,1505.8005551718563,0,2021-22
2021-12-03,22021,DAL,1528.1213446376044,1,2021-22
2021-12-04,22021,DAL,1505.5427102733522,1,2021-22
2021-12-07,22021,DAL,1494.849946378528,1,2021-22
2021-12-08,22021,DAL,1490.0207596451803,0,2021-22
2021-12-10,22021,DAL,1501.7009231192724,0,2021-22
2021-12-12,22021,DAL,1492.024867379744,0,2021-22
2021-12-13,22021,DAL,1501.435694522325,1,2021-22
2021-12-15,22021,DAL,1516.3514407579053,1,2021-22
2021-12-19,22021,DAL,1509.2722795925044,0,2021-22
2021-12-21,22021,DAL,1502.6174867937175,1,2021-22
2021-12-23,22021,DAL,1512.3056179994658,1,2021-22
2021-12-25,22021,DAL,1503.8941053828885,0,2021-22
2021-12-27,22021,DAL,1501.4506649695104,0,2021-22
2021-12-29,22021,DAL,1515.1594948570114,0,2021-22
2021-12-31,22021,DAL,1510.0941359614635,0,2021-22
2022-01-02,22021,DAL,1521.413987293527,0,2021-22
2022-01-03,22021,DAL,1527.6415329444887,1,2021-22
2022-01-05,22021,DAL,1538.3838541227583,1,2021-22
2022-01-07,22021,DAL,1557.5166059150602,0,2021-22
2022-01-09,22021,DAL,1566.2967190437066,1,2021-22
2022-01-12,22021,DAL,1577.663381998084,0,2021-22
2022-01-14,22021,DAL,1556.6135864461055,0,2021-22
2022-01-15,22021,DAL,1586.264422530101,1,2021-22
2022-01-17,22021,DAL,1589.284984532521,1,2021-22
2022-01-19,22021,DAL,1590.635457249011,1,2021-22
2022-01-20,22021,DAL,1594.6635739176152,1,2021-22
2022-01-23,22021,DAL,1586.2405472216758,1,2021-22
2022-01-25,22021,DAL,1596.7636376112823,0,2021-22
2022-01-26,22021,DAL,1577.2364203793102,0,2021-22
2022-01-29,22021,DAL,1589.4413317468122,1,2021-22
2022-01-30,22021,DAL,1597.8975528801582,0,2021-22
2022-02-02,22021,DAL,1588.728208096446,1,2021-22
2022-02-04,22021,DAL,1571.9984727395247,1,2021-22
2022-02-06,22021,DAL,1580.372248389213,1,2021-22
2022-02-08,22021,DAL,1586.5418004060095,1,2021-22
2022-02-10,22021,DAL,1591.6818994834598,1,2021-22
2022-02-12,22021,DAL,1595.5765453439335,1,2021-22
2022-02-15,22021,DAL,1587.1307297986225,0,2021-22
2022-02-17,22021,DAL,1599.0323985981054,0,2021-22
2022-02-25,22021,DAL,1605.4832743238906,0,2021-22
2022-02-27,22021,DAL,1599.46731531068,0,2021-22
2022-03-01,22021,DAL,1609.3205452107652,0,2021-22
2022-03-03,22021,DAL,1613.5009277460106,1,2021-22
2022-03-05,22021,DAL,1620.9600448208214,1,2021-22
2022-03-07,22021,DAL,1622.0400813632136,1,2021-22
2022-03-09,22021,DAL,1628.665761201739,1,2021-22
2022-03-11,22021,DAL,1586.754170745945,0,2021-22
2022-03-13,22021,DAL,1591.1237487627575,0,2021-22
2022-03-16,22021,DAL,1599.1827483603067,0,2021-22
2022-03-18,22021,DAL,1603.214557841083,0,2021-22
2022-03-19,22021,DAL,1593.3185933268355,0,2021-22
2022-03-21,22021,DAL,1574.6011214571995,1,2021-22
2022-03-23,22021,DAL,1579.1639096537172,1,2021-22
2022-03-25,22021,DAL,1582.4964445778369,0,2021-22
2022-03-27,22021,DAL,1569.3142591959838,1,2021-22
2022-03-29,22021,DAL,1580.3657474935956,1,2021-22
2022-03-30,22021,DAL,1586.3200429222431,0,2021-22
2022-04-01,22021,DAL,1593.9969716843696,0,2021-22
2022-04-03,22021,DAL,1557.139779902062,0,2021-22
2022-04-06,22021,DAL,1566.1924686243472,0,2021-22
2022-04-08,22021,DAL,1575.225524964496,1,2021-22
2022-04-10,22021,DAL,1580.7452563824197,1,2021-22
2022-10-19,22022,DAL,1551.8925373077038,0,2022-23
2022-10-22,22022,DAL,1548.515575777306,1,2022-23
2022-10-25,22022,DAL,1575.0240502184697,0,2022-23
2022-10-27,22022,DAL,1570.4428709467047,0,2022-23
2022-10-29,22022,DAL,1576.1396076796889,1,2022-23
2022-10-30,22022,DAL,1561.5914107756207,1,2022-23
2022-11-02,22022,DAL,1565.4309331380346,1,2022-23
2022-11-04,22022,DAL,1570.0192583834553,1,2022-23
2022-11-07,22022,DAL,1573.5926897864204,1,2022-23
2022-11-09,22022,DAL,1576.5745268514097,0,2022-23
2022-11-10,22022,DAL,1563.2163862497243,0,2022-23
2022-11-12,22022,DAL,1551.418556328938,1,2022-23
2022-11-15,22022,DAL,1555.060127328123,1,2022-23
2022-11-16,22022,DAL,1558.0849675573672,1,2022-23
2022-11-18,22022,DAL,1537.8559270547212,1,2022-23
2022-11-20,22022,DAL,1555.6421484714351,1,2022-23
2022-11-23,22022,DAL,1550.4057945023017,0,2022-23
2022-11-26,22022,DAL,1543.8749197985746,0,2022-23
2022-11-27,22022,DAL,1537.6694728058494,0,2022-23
2022-11-29,22022,DAL,1530.2825581458892,1,2022-23
2022-12-01,22022,DAL,1535.2701552464764,0,2022-23
2022-12-03,22022,DAL,1523.6673942939835,0,2022-23
2022-12-05,22022,DAL,1541.847989202537,1,2022-23
2022-12-06,22022,DAL,1559.7214192914494,0,2022-23
2022-12-09,22022,DAL,1564.1573870301831,1,2022-23
2022-12-10,22022,DAL,1559.6187726909975,0,2022-23
2022-12-12,22022,DAL,1536.5146312416148,1,2022-23
2022-12-14,22022,DAL,1540.930083883334,1,2022-23
2022-12-16,22022,DAL,1525.4530809214416,1,2022-23
2022-12-17,22022,DAL,1536.116759963619,0,2022-23
2022-12-19,22022,DAL,1533.2353797996366,0,2022-23
2022-12-21,22022,DAL,1523.3466237729597,0,2022-23
2022-12-23,22022,DAL,1531.2517012880303,0,2022-23
2022-12-25,22022,DAL,1535.9790483271124,1,2022-23
2022-12-27,22022,DAL,1541.5846369249148,1,2022-23
2022-12-29,22022,DAL,1547.6791762754465,1,2022-23
2022-12-31,22022,DAL,1552.6700062522707,0,2022-23
2023-01-02,22022,DAL,1555.0645623650996,0,2022-23
2023-01-05,22022,DAL,1558.8940106477935,1,2022-23
2023-01-07,22022,DAL,1535.647260458538,1,2022-23
2023-01-08,22022,DAL,1545.3703126890205,0,2022-23
2023-01-10,22022,DAL,1533.1644554891095,0,2022-23
2023-01-12,22022,DAL,1520.97447347891,0,2022-23
2023-01-14,22022,DAL,1527.7963802417664,0,2022-23
2023-01-15,22022,DAL,1510.6593524988575,0,2022-23
2023-01-18,22022,DAL,1495.4430264550774,1,2022-23
2023-01-20,22022,DAL,1484.494869085902,1,2022-23
2023-01-22,22022,DAL,1505.3181369905171,1,2022-23
2023-01-24,22022,DAL,1487.9101532069908,1,2022-23
2023-01-26,22022,DAL,1483.1487357382102,0,2022-23
2023-01-28,22022,DAL,1491.4290143390003,0,2022-23
2023-01-30,22022,DAL,1484.2395159791777,1,2022-23
2023-02-02,22022,DAL,1487.7959755798202,1,2022-23
2023-02-04,22022,DAL,1493.1837424436624,0,2022-23
2023-02-06,22022,DAL,1487.553456932384,0,2022-23
2023-02-08,22022,DAL,1502.8987800193097,0,2022-23
2023-02-10,22022,DAL,1513.099422215409,0,2022-23
2023-02-11,22022,DAL,1524.2197819144278,0,2022-23
2023-02-13,22022,DAL,1518.0962936187273,1,2022-23
2023-02-15,22022,DAL,1511.5713528369513,0,2022-23
2023-02-23,22022,DAL,1506.4194227038586,1,2022-23
2023-02-26,22022,DAL,1511.8579670489846,1,2022-23
2023-02-28,22022,DAL,1504.758655267305,1,2022-23
2023-03-02,22022,DAL,1497.3624413503155,1,2022-23
2023-03-05,22022,DAL,1507.701860685269,1,2022-23
2023-03-07,22022,DAL,1501.392839692326,1,2022-23
2023-03-08,22022,DAL,1505.4548390293207,0,2022-23
2023-03-11,22022,DAL,1497.1597818292455,0,2022-23
2023-03-13,22022,DAL,1493.4969618127411,1,2022-23
2023-03-15,22022,DAL,1481.3552401779734,0,2022-23
2023-03-17,22022,DAL,1487.1434420762175,0,2022-23
2023-03-20,22022,DAL,1492.42468493509,0,2022-23
2023-03-22,22022,DAL,1488.9894900977429,1,2022-23
2023-03-24,22022,DAL,1483.9044184812217,1,2022-23
2023-03-26,22022,DAL,1469.210469189696,0,2022-23
2023-03-27,22022,DAL,1460.7430520804285,0,2022-23
2023-03-29,22022,DAL,1479.408184250815,0,2022-23
2023-04-01,22022,DAL,1475.5963183515632,0,2022-23
2023-04-02,22022,DAL,1468.8863105914568,0,2022-23
2023-04-05,22022,DAL,1465.1934186166632,1,2022-23
2023-04-07,22022,DAL,1472.8996267202267,1,2022-23
2023-04-09,22022,DAL,1467.5351344573032,1,2022-23
2023-10-25,22023,DAL,1461.090979005473,0,2023-24
2023-10-27,22023,DAL,1469.0275729583325,1,2023-24
2023-10-30,22023,DAL,1475.6084602258638,0,2023-24
2023-11-01,22023,DAL,1494.1965129635928,1,2023-24
2023-11-03,22023,DAL,1502.414723739143,0,2023-24
2023-11-05,22023,DAL,1495.2255068402185,1,2023-24
2023-11-06,22023,DAL,1499.6311685521882,0,2023-24
2023-11-08,22023,DAL,1515.538175366945,1,2023-24
2023-11-10,22023,DAL,1502.849443860835,1,2023-24
2023-11-12,22023,DAL,1516.526800553292,0,2023-24
2023-11-14,22023,DAL,1528.9696179334037,0,2023-24
2023-11-15,22023,DAL,1511.6269566539695,0,2023-24
2023-11-18,22023,DAL,1522.2391746206597,0,2023-24
2023-11-19,22023,DAL,1516.369155791218,1,2023-24
2023-11-22,22023,DAL,1500.2503177077813,0,2023-24
2023-11-25,22023,DAL,1507.491478495078,0,2023-24
2023-11-28,22023,DAL,1494.5563906035725,1,2023-24
2023-12-01,22023,DAL,1500.8079340608688,1,2023-24
2023-12-02,22023,DAL,1482.2438598243791,1,2023-24
2023-12-06,22023,DAL,1475.9960790052844,1,2023-24
2023-12-08,22023,DAL,1495.3491645500735,0,2023-24
2023-12-11,22023,DAL,1504.7266927843286,0,2023-24
2023-12-12,22023,DAL,1512.9145261910262,1,2023-24
2023-12-14,22023,DAL,1517.496736759135,1,2023-24
2023-12-16,22023,DAL,1504.0042391769905,0,2023-24
2023-12-18,22023,DAL,1511.3852689208156,0,2023-24
2023-12-20,22023,DAL,1498.6773965991938,1,2023-24
2023-12-22,22023,DAL,1490.5681707088738,0,2023-24
2023-12-23,22023,DAL,1474.5423659394262,1,2023-24
2023-12-25,22023,DAL,1481.6253561105775,0,2023-24
2023-12-27,22023,DAL,1497.7575222712808,1,2023-24
2023-12-28,22023,DAL,1492.0394971342985,0,2023-24
2023-12-30,22023,DAL,1487.6827026664532,0,2023-24
2024-01-01,22023,DAL,1501.5371180496666,0,2023-24
2024-01-03,22023,DAL,1474.6120094595656,1,2023-24
2024-01-05,22023,DAL,1484.479530945432,1,2023-24
2024-01-07,22023,DAL,1494.9542082068708,1,2023-24
2024-01-09,22023,DAL,1505.5754121009668,1,2023-24
2024-01-11,22023,DAL,1484.7465591262692,1,2023-24
2024-01-13,22023,DAL,1492.862316842074,1,2023-24
2024-01-15,22023,DAL,1484.8727229800525,1,2023-24
2024-01-17,22023,DAL,1494.163449889077,0,2023-24
2024-01-22,22023,DAL,1480.889217534637,1,2023-24
2024-01-24,22023,DAL,1476.0718278690938,1,2023-24
2024-01-26,22023,DAL,1459.9278523704509,0,2023-24
2024-01-27,22023,DAL,1466.9677657907746,1,2023-24
2024-01-29,22023,DAL,1459.7561548826466,1,2023-24
2024-01-31,22023,DAL,1464.4241884166768,0,2023-24
2024-02-03,22023,DAL,1454.5327841170565,1,2023-24
2024-02-05,22023,DAL,1446.1826741948737,0,2023-24
2024-02-06,22023,DAL,1467.4026697799995,0,2023-24
2024-02-08,22023,DAL,1481.3731380861732,0,2023-24
2024-02-10,22023,DAL,1505.2760899441505,1,2023-24
2024-02-12,22023,DAL,1535.8131912426948,1,2023-24
2024-02-14,22023,DAL,1538.2785606294833,1,2023-24
2024-02-22,22023,DAL,1543.6728584877976,1,2023-24
2024-02-25,22023,DAL,1553.927960355455,0,2023-24
2024-02-27,22023,DAL,1537.7795532110897,0,2023-24
2024-02-28,22023,DAL,1535.2538358807644,0,2023-24
2024-03-01,22023,DAL,1544.1798090098075,0,2023-24
2024-03-03,22023,DAL,1536.6700696446158,1,2023-24
2024-03-05,22023,DAL,1527.3080673351335,1,2023-24
2024-03-07,22023,DAL,1508.576309970021,1,2023-24
2024-03-09,22023,DAL,1516.5049546709777,0,2023-24
2024-03-11,22023,DAL,1524.2586406168336,0,2023-24
2024-03-13,22023,DAL,1551.1201028547066,1,2023-24
2024-03-14,22023,DAL,1560.300852423895,0,2023-24
2024-03-17,22023,DAL,1554.6026258420477,1,2023-24
2024-03-19,22023,DAL,1559.9558368603273,0,2023-24
2024-03-21,22023,DAL,1564.2172308187369,1,2023-24
2024-03-25,22023,DAL,1570.1473259116085,0,2023-24
2024-03-26,22023,DAL,1576.5027141025948,0,2023-24
2024-03-29,22023,DAL,1604.926652135324,0,2023-24
2024-03-31,22023,DAL,1610.782495409112,0,2023-24
2024-04-02,22023,DAL,1625.4053301131837,0,2023-24
2024-04-04,22023,DAL,1619.301707736562,1,2023-24
2024-04-05,22023,DAL,1625.4378838039593,1,2023-24
2024-04-07,22023,DAL,1629.151139631445,1,2023-24
2024-04-09,22023,DAL,1634.1945209453238,0,2023-24
2024-04-10,22023,DAL,1639.4617982163934,0,2023-24
2024-04-12,22023,DAL,1653.6291227772997,1,2023-24
2024-04-14,22023,DAL,1610.4334016975947,0,2023-24
2024-10-24,22024,DAL,1551.1484536869764,1,2024-25
2024-10-26,22024,DAL,1556.737418133349,0,2024-25
2024-10-28,22024,DAL,1547.8044139187762,1,2024-25
2024-10-29,22024,DAL,1551.5217316377025,0,2024-25
2024-10-31,22024,DAL,1561.6344522230645,1,2024-25
2024-11-03,22024,DAL,1550.7831186015708,1,2024-25
2024-11-04,22024,DAL,1563.7656526187595,1,2024-25
2024-11-06,22024,DAL,1552.5527582184409,1,2024-25
2024-11-08,22024,DAL,1561.851750712682,1,2024-25
2024-11-10,22024,DAL,1557.6758749536095,0,2024-25
2024-11-12,22024,DAL,1554.1667666203457,0,2024-25
2024-11-14,22024,DAL,1550.805830371777,0,2024-25
2024-11-16,22024,DAL,1543.4312336464868,1,2024-25
2024-11-17,22024,DAL,1551.8828297715288,0,2024-25
2024-11-19,22024,DAL,1559.6948174429588,1,2024-25
2024-11-22,22024,DAL,1573.610532750072,0,2024-25
2024-11-24,22024,DAL,1580.287787491766,0,2024-25
2024-11-25,22024,DAL,1573.09055635939,0,2024-25
2024-11-27,22024,DAL,1580.4156391073764,1,2024-25
2024-11-30,22024,DAL,1592.0308211241586,0,2024-25
2024-12-01,22024,DAL,1597.4363587088123,0,2024-25
2024-12-03,22024,DAL,1601.7450704575087,1,2024-25
2024-12-05,22024,DAL,1606.0525546246363,0,2024-25
2024-12-07,22024,DAL,1612.6532926578568,0,2024-25
2024-12-10,22024,DAL,1616.761454555901,0,2024-25
2024-12-15,22024,DAL,1608.5174263588324,0,2024-25
2024-12-19,22024,DAL,1619.5132948142716,1,2024-25
2024-12-21,22024,DAL,1591.26416534181,1,2024-25
2024-12-23,22024,DAL,1601.2660507952012,1,2024-25
2024-12-25,22024,DAL,1605.6766229605912,1,2024-25
2024-12-27,22024,DAL,1594.4926622263422,0,2024-25
2024-12-28,22024,DAL,1602.9764367441555,0,2024-25
2024-12-30,22024,DAL,1591.3648701484422,0,2024-25
2025-01-01,22024,DAL,1578.08568569786,0,2024-25
2025-01-03,22024,DAL,1569.3654404144468,1,2024-25
2025-01-06,22024,DAL,1559.7239604367007,0,2024-25
2025-01-07,22024,DAL,1549.260732816245,1,2024-25
2025-01-09,22024,DAL,1561.556551167993,1,2024-25
2025-01-12,22024,DAL,1564.106405589994,1,2024-25
2025-01-14,22024,DAL,1552.2689553156213,1,2024-25
2025-01-15,22024,DAL,1536.6690475822452,0,2024-25
2025-01-17,22024,DAL,1528.2575936710691,1,2024-25
2025-01-20,22024,DAL,1544.1633790914957,0,2024-25
2025-01-22,22024,DAL,1532.8664739976011,1,2024-25
2025-01-23,22024,DAL,1528.5398242660629,0,2024-25
2025-01-25,22024,DAL,1544.9442472890516,1,2024-25
2025-01-27,22024,DAL,1533.0359098547124,1,2024-25
2025-01-29,22024,DAL,1536.355346698752,0,2024-25
2025-01-31,22024,DAL,1538.6800331000015,0,2024-25
2025-02-02,22024,DAL,1524.6680087629072,0,2024-25
2025-02-04,22024,DAL,1512.9600115275869,0,2024-25
2025-02-06,22024,DAL,1508.116831836427,0,2024-25
2025-02-08,22024,DAL,1523.283718582565,1,2024-25
2025-02-10,22024,DAL,1534.1247003807307,1,2024-25
2025-02-12,22024,DAL,1528.8452986124485,1,2024-25
2025-02-13,22024,DAL,1533.451384641397,1,2024-25
2025-02-21,22024,DAL,1537.5265160249585,1,2024-25
2025-02-23,22024,DAL,1540.5406438051534,0,2024-25
2025-02-25,22024,DAL,1524.4627461006023,0,2024-25
2025-02-27,22024,DAL,1518.7733626926415,1,2024-25
2025-03-01,22024,DAL,1520.9455989236085,1,2024-25
2025-03-03,22024,DAL,1505.28104179951,1,2024-25
2025-03-05,22024,DAL,1483.9763785196408,0,2024-25
2025-03-07,22024,DAL,1470.4067465854828,1,2024-25
2025-03-09,22024,DAL,1461.288579296483,1,2024-25
2025-03-10,22024,DAL,1448.8679147880948,0,2024-25
2025-03-12,22024,DAL,1455.8349171949044,0,2024-25
2025-03-14,22024,DAL,1445.953408296746,0,2024-25
2025-03-16,22024,DAL,1433.109094428837,1,2024-25
2025-03-19,22024,DAL,1422.6046663881527,0,2024-25
2025-03-21,22024,DAL,1419.721365819726,1,2024-25
2025-03-24,22024,DAL,1430.7169599191711,0,2024-25
2025-03-25,22024,DAL,1444.6808985806572,0,2024-25
2025-03-27,22024,DAL,1437.769387211561,0,2024-25
2025-03-29,22024,DAL,1450.3058317135915,0,2024-25
2025-03-31,22024,DAL,1456.1722918105916,1,2024-25
2025-04-02,22024,DAL,1444.8370215200378,1,2024-25
2025-04-04,22024,DAL,1449.222468512388,0,2024-25
2025-04-05,22024,DAL,1442.249275956034,0,2024-25
2025-04-09,22024,DAL,1434.208645460864,1,2024-25
2025-04-11,22024,DAL,1424.966103907672,1,2024-25
2025-04-13,22024,DAL,1438.9191085907585,0,2024-25
2025-10-22,22025,DAL,1455.2370093539002,1,2025-26
2025-10-24,22025,DAL,1427.1117626492735,1,2025-26
2025-10-26,22025,DAL,1411.101562754499,1,2025-26
2025-10-27,22025,DAL,1421.218270055612,1,2025-26
2025-10-29,22025,DAL,1417.6562702675642,1,2025-26
2025-11-01,22025,DAL,1423.5841834498156,0,2025-26
2025-11-03,22025,DAL,1417.7676087482355,0,2025-26
2025-11-05,22025,DAL,1414.3638799593743,1,2025-26
2025-11-07,22025,DAL,1407.485180973497,0,2025-26
2025-11-08,22025,DAL,1399.5094091531648,0,2025-26
2025-11-10,22025,DAL,1405.723560845977,1,2025-26
2025-11-12,22025,DAL,1402.4043966260472,1,2025-26
2025-11-14,22025,DAL,1394.0787983094026,1,2025-26
2025-11-16,22025,DAL,1387.9131952695773,1,2025-26
2025-11-17,22025,DAL,1397.1405625874415,0,2025-26
2025-11-19,22025,DAL,1390.753315737065,1,2025-26
2025-11-21,22025,DAL,1387.7771215811406,1,2025-26
2025-11-22,22025,DAL,1391.3247852739098,1,2025-26
2025-11-24,22025,DAL,1384.2314323966025,0,2025-26
2025-11-28,22025,DAL,1382.1345345624543,0,2025-26
2025-11-29,22025,DAL,1379.0476150294478,0,2025-26
2025-12-01,22025,DAL,1388.9368817767595,0,2025-26
2025-12-03,22025,DAL,1411.9473957231942,1,2025-26
2025-12-05,22025,DAL,1427.288048923199,0,2025-26
2025-12-06,22025,DAL,1424.6160948363508,1,2025-26
2025-12-12,22025,DAL,1445.2910785621884,1,2025-26
2025-12-15,22025,DAL,1450.1851243849112,0,2025-26
2025-12-18,22025,DAL,1441.7043488269014,1,2025-26
2025-12-20,22025,DAL,1449.0695366947075,0,2025-26
2025-12-22,22025,DAL,1442.5269896294692,0,2025-26
2025-12-23,22025,DAL,1434.27358529984,1,2025-26
2025-12-25,22025,DAL,1440.7548260459191,0,2025-26
2025-12-27,22025,DAL,1435.7858586516809,0,2025-26
2025-12-29,22025,DAL,1428.0298728258992,0,2025-26
2026-01-01,22025,DAL,1423.9402539530968,1,2025-26
2026-01-03,22025,DAL,1409.398875044615,1,2025-26
2026-01-06,22025,DAL,1422.5334418904524,0,2025-26
2026-01-08,22025,DAL,1426.9057249873206,0,2025-26
2026-01-10,22025,DAL,1422.350456730819,0,2025-26
2026-01-12,22025,DAL,1409.6324197451918,1,2025-26
2026-01-14,22025,DAL,1416.680560399166,1,2025-26
2026-01-15,22025,DAL,1410.311665344813,1,2025-26
2026-01-17,22025,DAL,1423.1632161770617,1,2025-26
2026-01-19,22025,DAL,1433.1569199026042,0,2025-26
2026-01-22,22025,DAL,1456.2125644548692,1,2025-26
2026-01-24,22025,DAL,1467.2174276355258,1,2025-26
2026-01-28,22025,DAL,1458.9598670279104,1,2025-26
2026-01-29,22025,DAL,1449.3743018759744,1,2025-26
2026-01-31,22025,DAL,1445.6307199311234,0,2025-26
2026-02-03,22025,DAL,1443.029331819909,1,2025-26
2026-02-05,22025,DAL,1436.971490951914,1,2025-26
2026-02-07,22025,DAL,1429.92658514816,0,2025-26
2026-02-10,22025,DAL,1425.699549036097,0,2025-26
2026-02-12,22025,DAL,1421.2334903100289,0,2025-26
2026-02-20,22025,DAL,1411.968358876339,0,2025-26
2026-02-22,22025,DAL,1407.835349943755,0,2025-26
2026-02-24,22025,DAL,1414.0353600642295,0,2025-26
2026-02-26,22025,DAL,1422.59715045467,1,2025-26
2026-02-27,22025,DAL,1406.1983901750195,1,2025-26
2026-03-01,22025,DAL,1386.6245738990256,1,2025-26
2026-03-03,22025,DAL,1382.4636777597289,0,2025-26
2026-03-05,22025,DAL,1376.8672624930289,0,2025-26
2026-03-06,22025,DAL,1374.8429752474804,0,2025-26
2026-03-08,22025,DAL,1371.0311268213295,0,2025-26
2026-03-10,22025,DAL,1361.5925487756836,0,2025-26
2026-03-12,22025,DAL,1357.1577181590749,0,2025-26
2026-03-13,22025,DAL,1369.220791193934,1,2025-26
2026-03-15,22025,DAL,1359.6278879782606,0,2025-26
2026-03-16,22025,DAL,1383.7788946203646,0,2025-26
2026-03-18,22025,DAL,1373.2505569515783,1,2025-26
2026-03-21,22025,DAL,1365.428782988915,1,2025-26
2026-03-23,22025,DAL,1360.2796296806684,1,2025-26
2026-03-25,22025,DAL,1353.6980485662202,0,2025-26
2026-03-27,22025,DAL,1351.5649928618252,0,2025-26
2026-03-30,22025,DAL,1366.7620079565097,1,2025-26
2026-03-31,22025,DAL,1354.0917826004545,0,2025-26
2026-04-03,22025,DAL,1337.697713332027,1,2025-26
2026-04-05,22025,DAL,1330.1587893441986,1,2025-26
2026-04-07,22025,DAL,1344.8994967294343,0,2025-26
2026-04-08,22025,DAL,1341.2209389140608,0,2025-26
2026-04-10,22025,DAL,1338.658916736764,0,2025-26
2026-04-12,22025,DAL,1337.1459146157038,1,2025-26
2020-12-23,22020,DEN,1500.0,1,2020-21
2020-12-25,22020,DEN,1494.2474326938964,1,2020-21
2020-12-28,22020,DEN,1480.4124416080144,1,2020-21
2020-12-29,22020,DEN,1491.1468414738324,0,2020-21
2021-01-01,22020,DEN,1482.6613141255211,1,2020-21
2021-01-03,22020,DEN,1477.331842320551,0,2020-21
2021-01-05,22020,DEN,1492.3440486314928,1,2020-21
2021-01-07,22020,DEN,1497.9651128158105,1,2020-21
2021-01-09,22020,DEN,1488.5073987055164,0,2020-21
2021-01-10,22020,DEN,1505.2574751494312,0,2020-21
2021-01-12,22020,DEN,1527.6006994722195,0,2020-21
2021-01-14,22020,DEN,1520.9023847545243,1,2020-21
2021-01-17,22020,DEN,1528.2180859144887,1,2020-21
2021-01-19,22020,DEN,1521.4901586295443,1,2020-21
2021-01-22,22020,DEN,1531.5742399679032,0,2020-21
2021-01-23,22020,DEN,1539.105086890983,0,2020-21
2021-01-25,22020,DEN,1549.3835376326062,0,2020-21
2021-01-27,22020,DEN,1555.7138137566185,0,2020-21
2021-01-29,22020,DEN,1572.039813072721,0,2020-21
2021-01-31,22020,DEN,1561.4609170740423,1,2020-21
2021-02-04,22020,DEN,1572.473196975878,0,2020-21
2021-02-06,22020,DEN,1560.2231856818298,0,2020-21
2021-02-08,22020,DEN,1551.6345985703292,1,2020-21
2021-02-10,22020,DEN,1539.386063194048,1,2020-21
2021-02-12,22020,DEN,1551.548406405682,1,2020-21
2021-02-14,22020,DEN,1553.957709456351,1,2020-21
2021-02-16,22020,DEN,1569.9507948436808,0,2020-21
2021-02-17,22020,DEN,1556.583524479565,0,2020-21
2021-02-19,22020,DEN,1550.0561732918163,0,2020-21
2021-02-21,22020,DEN,1558.9043762077367,0,2020-21
2021-02-23,22020,DEN,1548.5964905259111,1,2020-21
2021-02-25,22020,DEN,1553.5108383170673,1,2020-21
2021-02-27,22020,DEN,1545.524002613339,0,2020-21
2021-03-01,22020,DEN,1563.2021901468413,0,2020-21
2021-03-02,22020,DEN,1570.679018894604,0,2020-21
2021-03-04,22020,DEN,1598.4489795598322,0,2020-21
2021-03-12,22020,DEN,1606.8384332180815,0,2020-21
2021-03-13,22020,DEN,1610.4747156355263,1,2020-21
2021-03-15,22020,DEN,1590.9776851161755,1,2020-21
2021-03-17,22020,DEN,1598.4633870581038,1,2020-21
2021-03-19,22020,DEN,1609.364896873207,1,2020-21
2021-03-21,22020,DEN,1612.4561595442071,1,2020-21
2021-03-23,22020,DEN,1599.985137022103,0,2020-21
2021-03-24,22020,DEN,1605.1576724286283,0,2020-21
2021-03-26,22020,DEN,1577.5220550061383,0,2020-21
2021-03-28,22020,DEN,1583.8914351817418,1,2020-21
2021-03-30,22020,DEN,1596.7666636358692,1,2020-21
2021-04-01,22020,DEN,1605.84635732557,0,2020-21
2021-04-04,22020,DEN,1616.035304303768,1,2020-21
2021-04-06,22020,DEN,1618.9844505541894,1,2020-21
2021-04-07,22020,DEN,1623.2833067010383,1,2020-21
2021-04-09,22020,DEN,1626.7624744057694,1,2020-21
2021-04-11,22020,DEN,1628.323828356815,1,2020-21
2021-04-12,22020,DEN,1603.181188032127,0,2020-21
2021-04-14,22020,DEN,1589.148872128946,1,2020-21
2021-04-16,22020,DEN,1597.7301552014194,0,2020-21
2021-04-19,22020,DEN,1605.268767774927,1,2020-21
2021-04-21,22020,DEN,1608.8559785089956,0,2020-21
2021-04-23,22020,DEN,1611.9838906838684,0,2020-21
2021-04-24,22020,DEN,1590.8394017249675,1,2020-21
2021-04-26,22020,DEN,1593.2891788035888,1,2020-21
2021-04-28,22020,DEN,1607.8836691691572,1,2020-21
2021-04-29,22020,DEN,1610.3534122915469,1,2020-21
2021-05-01,22020,DEN,1614.8619016360446,0,2020-21
2021-05-03,22020,DEN,1624.3714504187174,0,2020-21
2021-05-05,22020,DEN,1616.6985213791943,1,2020-21
2021-05-07,22020,DEN,1627.7615302529389,0,2020-21
2021-05-08,22020,DEN,1621.7324042326302,1,2020-21
2021-05-11,22020,DEN,1610.9436391702302,0,2020-21
2021-05-13,22020,DEN,1615.4887509917314,0,2020-21
2021-05-14,22020,DEN,1621.7127134958057,0,2020-21
2021-05-16,22020,DEN,1626.7229418339996,0,2020-21
2021-10-20,22021,DEN,1568.0206636604266,0,2021-22
2021-10-22,22021,DEN,1582.3862714006725,1,2021-22
2021-10-25,22021,DEN,1586.6238643471377,1,2021-22
2021-10-26,22021,DEN,1563.0682341699855,0,2021-22
2021-10-29,22021,DEN,1555.0972379787424,1,2021-22
2021-10-30,22021,DEN,1572.165698258401,0,2021-22
2021-11-01,22021,DEN,1576.148975682632,0,2021-22
2021-11-03,22021,DEN,1565.8948541949194,0,2021-22
2021-11-06,22021,DEN,1561.1715181903458,1,2021-22
2021-11-08,22021,DEN,1562.4158458996892,1,2021-22
2021-11-10,22021,DEN,1575.67920932463,1,2021-22
2021-11-12,22021,DEN,1578.791160675164,1,2021-22
2021-11-14,22021,DEN,1584.5079749033528,1,2021-22
2021-11-15,22021,DEN,1599.8729770946836,0,2021-22
2021-11-18,22021,DEN,1588.8418732480031,1,2021-22
2021-11-19,22021,DEN,1571.410205296593,1,2021-22
2021-11-21,22021,DEN,1561.9809905638087,0,2021-22
2021-11-23,22021,DEN,1548.1827111481423,0,2021-22
2021-11-26,22021,DEN,1535.531456502266,1,2021-22
2021-11-29,22021,DEN,1523.1204812815213,0,2021-22
2021-12-01,22021,DEN,1537.102048927473,0,2021-22
2021-12-04,22021,DEN,1525.26913605086,0,2021-22
2021-12-06,22021,DEN,1539.9192183778227,0,2021-22
2021-12-08,22021,DEN,1531.2097595946786,0,2021-22
2021-12-09,22021,DEN,1537.716527874987,0,2021-22
2021-12-11,22021,DEN,1525.7608434577796,0,2021-22
2021-12-13,22021,DEN,1540.0513841572915,1,2021-22
2021-12-15,22021,DEN,1544.7645158744913,1,2021-22
2021-12-17,22021,DEN,1522.438795685314,0,2021-22
2021-12-22,22021,DEN,1541.5215883821747,0,2021-22
2021-12-23,22021,DEN,1519.9285888550794,1,2021-22
2021-12-26,22021,DEN,1507.4759179231403,0,2021-22
2021-12-28,22021,DEN,1514.0686103913474,0,2021-22
2022-01-01,22021,DEN,1524.134347758568,0,2021-22
2022-01-03,22021,DEN,1530.9507751311523,0,2021-22
2022-01-05,22021,DEN,1520.2084539528828,1,2021-22
2022-01-07,22021,DEN,1515.2588929592969,1,2021-22
2022-01-09,22021,DEN,1520.075639918546,0,2021-22
2022-01-11,22021,DEN,1523.709011844685,0,2021-22
2022-01-13,22021,DEN,1518.9135223738435,1,2021-22
2022-01-15,22021,DEN,1531.8069306166208,1,2021-22
2022-01-16,22021,DEN,1548.2117151640523,1,2021-22
2022-01-19,22021,DEN,1530.3651108835688,1,2021-22
2022-01-21,22021,DEN,1533.3385054056316,1,2021-22
2022-01-23,22021,DEN,1527.176183533598,1,2021-22
2022-01-25,22021,DEN,1529.9928545145665,0,2021-22
2022-01-26,22021,DEN,1534.0744922386746,0,2021-22
2022-01-28,22021,DEN,1543.0002931724175,0,2021-22
2022-01-30,22021,DEN,1553.083830835582,0,2021-22
2022-02-01,22021,DEN,1584.403659645356,0,2021-22
2022-02-02,22021,DEN,1571.5288156209162,0,2021-22
2022-02-04,22021,DEN,1565.955528647666,1,2021-22
2022-02-06,22021,DEN,1551.086883025986,1,2021-22
2022-02-08,22021,DEN,1561.1108302970076,1,2021-22
2022-02-11,22021,DEN,1568.790537415092,0,2021-22
2022-02-12,22021,DEN,1563.481405106988,0,2021-22
2022-02-14,22021,DEN,1568.6409369330947,1,2021-22
2022-02-16,22021,DEN,1571.4794220791018,0,2021-22
2022-02-24,22021,DEN,1576.927615706158,0,2021-22
2022-02-26,22021,DEN,1585.079409092708,1,2021-22
2022-02-27,22021,DEN,1587.1641250173238,0,2021-22
2022-03-02,22021,DEN,1600.9981730110749,1,2021-22
2022-03-04,22021,DEN,1574.4712510920256,1,2021-22
2022-03-06,22021,DEN,1576.9457086553125,1,2021-22
2022-03-07,22021,DEN,1583.973001966402,1,2021-22
2022-03-09,22021,DEN,1590.6582092162355,0,2021-22
2022-03-10,22021,DEN,1594.4168228707938,1,2021-22
2022-03-12,22021,DEN,1580.5117824534282,1,2021-22
2022-03-14,22021,DEN,1564.7164107475012,0,2021-22
2022-03-16,22021,DEN,1572.300573107883,0,2021-22
2022-03-18,22021,DEN,1581.345710526777,0,2021-22
2022-03-20,22021,DEN,1575.4317281945257,1,2021-22
2022-03-22,22021,DEN,1561.6672196752786,1,2021-22
2022-03-24,22021,DEN,1567.8269701067832,1,2021-22
2022-03-26,22021,DEN,1560.6353032349004,1,2021-22
2022-03-28,22021,DEN,1562.637866101812,0,2021-22
2022-03-30,22021,DEN,1569.599617359097,0,2021-22
2022-04-01,22021,DEN,1574.4689443469497,1,2021-22
2022-04-03,22021,DEN,1565.5386280655712,0,2021-22
2022-04-05,22021,DEN,1572.5032788585568,1,2021-22
2022-04-07,22021,DEN,1547.5379018666818,1,2021-22
2022-04-10,22021,DEN,1562.821141231807,1,2021-22
2022-10-19,22022,DEN,1529.8256069228585,0,2022-23
2022-10-21,22022,DEN,1516.7161056761054,0,2022-23
2022-10-22,22022,DEN,1526.303974612251,1,2022-23
2022-10-24,22022,DEN,1529.447666957373,0,2022-23
2022-10-26,22022,DEN,1502.7528055259252,1,2022-23
2022-10-28,22022,DEN,1509.295873018545,1,2022-23
2022-10-30,22022,DEN,1523.5079823131086,0,2022-23
2022-11-03,22022,DEN,1510.0687230642006,0,2022-23
2022-11-05,22022,DEN,1520.462316370014,1,2022-23
2022-11-07,22022,DEN,1533.2316073389138,0,2022-23
2022-11-09,22022,DEN,1540.248841915693,0,2022-23
2022-11-11,22022,DEN,1544.8223001689594,0,2022-23
2022-11-13,22022,DEN,1535.8866590440575,0,2022-23
2022-11-16,22022,DEN,1555.0469759308553,1,2022-23
2022-11-18,22022,DEN,1547.0514257382376,0,2022-23
2022-11-20,22022,DEN,1529.2652043215237,0,2022-23
2022-11-22,22022,DEN,1534.5015582906572,1,2022-23
2022-11-23,22022,DEN,1525.1607641734693,0,2022-23
2022-11-25,22022,DEN,1531.0417217102083,0,2022-23
2022-11-28,22022,DEN,1542.120378280162,1,2022-23
2022-11-30,22022,DEN,1547.518446081534,1,2022-23
2022-12-02,22022,DEN,1553.4663807844995,0,2022-23
2022-12-04,22022,DEN,1545.2242538264566,0,2022-23
2022-12-06,22022,DEN,1535.713462471511,1,2022-23
2022-12-08,22022,DEN,1531.2774947327775,0,2022-23
2022-12-10,22022,DEN,1534.6554151387973,1,2022-23
2022-12-14,22022,DEN,1539.9864560325418,1,2022-23
2022-12-16,22022,DEN,1545.9623456474717,0,2022-23
2022-12-18,22022,DEN,1528.8534263458855,1,2022-23
2022-12-20,22022,DEN,1531.4490531249785,1,2022-23
2022-12-23,22022,DEN,1545.629404595985,1,2022-23
2022-12-25,22022,DEN,1552.607857644544,1,2022-23
2022-12-27,22022,DEN,1557.2396749152567,0,2022-23
2022-12-28,22022,DEN,1565.404097873388,0,2022-23
2022-12-30,22022,DEN,1560.9925700674432,1,2022-23
2023-01-01,22022,DEN,1565.542152613839,1,2022-23
2023-01-02,22022,DEN,1577.9977267218958,0,2022-23
2023-01-05,22022,DEN,1562.528083796029,1,2022-23
2023-01-06,22022,DEN,1576.8283616289095,1,2022-23
2023-01-09,22022,DEN,1586.5364698006636,1,2022-23
2023-01-11,22022,DEN,1593.416761648241,1,2022-23
2023-01-13,22022,DEN,1605.6128702493586,0,2022-23
2023-01-15,22022,DEN,1614.3279065000083,1,2022-23
2023-01-17,22022,DEN,1616.0988787797055,1,2022-23
2023-01-18,22022,DEN,1620.1167363728698,1,2022-23
2023-01-20,22022,DEN,1623.0159341718763,1,2022-23
2023-01-22,22022,DEN,1630.0292254959013,1,2022-23
2023-01-24,22022,DEN,1622.4550448781097,0,2022-23
2023-01-25,22022,DEN,1625.6868767636247,0,2022-23
2023-01-28,22022,DEN,1614.7387096180537,0,2022-23
2023-01-31,22022,DEN,1607.2840230029033,1,2022-23
2023-02-02,22022,DEN,1611.6760114896226,1,2022-23
2023-02-04,22022,DEN,1620.1877461095448,1,2022-23
2023-02-05,22022,DEN,1629.2493796293047,0,2022-23
2023-02-07,22022,DEN,1600.8303650551932,1,2022-23
2023-02-09,22022,DEN,1615.3887949887849,0,2022-23
2023-02-11,22022,DEN,1599.6352660438831,0,2022-23
2023-02-13,22022,DEN,1605.572570572141,0,2022-23
2023-02-15,22022,DEN,1611.7254677453636,1,2022-23
2023-02-23,22022,DEN,1616.8773978784563,0,2022-23
2023-02-25,22022,DEN,1625.960156285102,0,2022-23
2023-02-26,22022,DEN,1610.4013390496168,1,2022-23
2023-02-28,22022,DEN,1616.4201034301834,0,2022-23
2023-03-03,22022,DEN,1620.8863411790542,1,2022-23
2023-03-06,22022,DEN,1631.3357374153322,1,2022-23
2023-03-08,22022,DEN,1634.8963858733086,1,2022-23
2023-03-10,22022,DEN,1604.218277002708,0,2022-23
2023-03-12,22022,DEN,1584.5065367599805,1,2022-23
2023-03-14,22022,DEN,1577.434178536018,0,2022-23
2023-03-16,22022,DEN,1562.6768159611236,0,2022-23
2023-03-18,22022,DEN,1569.253883805981,0,2022-23
2023-03-19,22022,DEN,1563.4334816601158,0,2022-23
2023-03-22,22022,DEN,1570.9628460383158,0,2022-23
2023-03-25,22022,DEN,1581.1824474062084,1,2022-23
2023-03-27,22022,DEN,1600.4817853232532,1,2022-23
2023-03-30,22022,DEN,1607.081894586784,1,2022-23
2023-03-31,22022,DEN,1581.8342353010205,0,2022-23
2023-04-02,22022,DEN,1574.406129694435,1,2022-23
2023-04-04,22022,DEN,1577.950209413384,0,2022-23
2023-04-06,22022,DEN,1544.2585395465676,0,2022-23
2023-04-08,22022,DEN,1539.8682990298246,0,2022-23
2023-04-09,22022,DEN,1531.6642897793076,1,2022-23
2023-10-24,22023,DEN,1525.6472381129613,1,2023-24
2023-10-27,22023,DEN,1535.8358851902228,0,2023-24
2023-10-29,22023,DEN,1543.472317335107,0,2023-24
2023-10-30,22023,DEN,1570.694926803813,1,2023-24
2023-11-01,22023,DEN,1574.700419520163,0,2023-24
2023-11-03,22023,DEN,1557.0750826156536,1,2023-24
2023-11-04,22023,DEN,1564.2642995145784,1,2023-24
2023-11-06,22023,DEN,1574.5637463522269,1,2023-24
2023-11-08,22023,DEN,1584.126785978498,1,2023-24
2023-11-12,22023,DEN,1588.7578915990198,0,2023-24
2023-11-14,22023,DEN,1581.5322664691616,1,2023-24
2023-11-17,22023,DEN,1584.795053256931,0,2023-24
2023-11-19,22023,DEN,1576.5603990278812,0,2023-24
2023-11-20,22023,DEN,1565.3887550311736,0,2023-24
2023-11-22,22023,DEN,1568.28897526334,0,2023-24
2023-11-24,22023,DEN,1561.3247008565074,0,2023-24
2023-11-26,22023,DEN,1543.143455862211,1,2023-24
2023-11-27,22023,DEN,1546.4826225359425,0,2023-24
2023-11-29,22023,DEN,1557.154402799357,1,2023-24
2023-12-01,22023,DEN,1563.374715927489,0,2023-24
2023-12-02,22023,DEN,1573.9932244355605,0,2023-24
2023-12-06,22023,DEN,1566.0999657022087,0,2023-24
2023-12-08,22023,DEN,1556.6765545933365,1,2023-24
2023-12-11,22023,DEN,1543.1358012314554,0,2023-24
2023-12-12,22023,DEN,1551.607279264762,0,2023-24
2023-12-14,22023,DEN,1559.4408297873465,1,2023-24
2023-12-16,22023,DEN,1573.6468994332256,1,2023-24
2023-12-18,22023,DEN,1568.9441194193112,1,2023-24
2023-12-20,22023,DEN,1581.651991740933,0,2023-24
2023-12-22,22023,DEN,1589.367613385023,0,2023-24
2023-12-23,22023,DEN,1595.2486611479603,0,2023-24
2023-12-25,22023,DEN,1598.5744015044916,1,2023-24
2023-12-28,22023,DEN,1603.5845806281147,1,2023-24
2023-12-29,22023,DEN,1614.3123661739885,1,2023-24
2024-01-01,22023,DEN,1590.7920037205452,1,2023-24
2024-01-04,22023,DEN,1594.084328439446,0,2023-24
2024-01-05,22023,DEN,1599.123717135196,1,2023-24
2024-01-07,22023,DEN,1591.613445261901,1,2023-24
2024-01-10,22023,DEN,1593.7131170747305,0,2023-24
2024-01-12,22023,DEN,1579.5931342810595,1,2023-24
2024-01-14,22023,DEN,1590.8486025170355,1,2023-24
2024-01-16,22023,DEN,1597.6494295158448,0,2023-24
2024-01-19,22023,DEN,1591.5884194758396,0,2023-24
2024-01-21,22023,DEN,1599.4483700562382,0,2023-24
2024-01-23,22023,DEN,1603.0318411112094,0,2023-24
2024-01-25,22023,DEN,1609.579856465669,0,2023-24
2024-01-27,22023,DEN,1588.913299856707,1,2023-24
2024-01-29,22023,DEN,1595.4709739586858,1,2023-24
2024-01-31,22023,DEN,1602.0687044872964,0,2023-24
2024-02-02,22023,DEN,1596.671731726737,1,2023-24
2024-02-04,22023,DEN,1599.8513631058142,1,2023-24
2024-02-08,22023,DEN,1602.4203676864895,0,2023-24
2024-02-09,22023,DEN,1609.7053141535473,0,2023-24
2024-02-12,22023,DEN,1583.6258363855036,0,2023-24
2024-02-14,22023,DEN,1570.2541214678847,1,2023-24
2024-02-22,22023,DEN,1561.321452231212,1,2023-24
2024-02-23,22023,DEN,1565.100250097602,0,2023-24
2024-02-25,22023,DEN,1571.2632273250676,0,2023-24
2024-02-28,22023,DEN,1588.7565857924942,1,2023-24
2024-02-29,22023,DEN,1599.9069634250147,1,2023-24
2024-03-02,22023,DEN,1605.4143175574318,0,2023-24
2024-03-05,22023,DEN,1614.614119622002,1,2023-24
2024-03-07,22023,DEN,1599.7730271080522,1,2023-24
2024-03-09,22023,DEN,1610.1554605824754,1,2023-24
2024-03-11,22023,DEN,1616.5209764915924,1,2023-24
2024-03-13,22023,DEN,1618.63618417077,0,2023-24
2024-03-15,22023,DEN,1629.1107806793427,0,2023-24
2024-03-17,22023,DEN,1633.313950932495,0,2023-24
2024-03-19,22023,DEN,1627.9607399142153,0,2023-24
2024-03-21,22023,DEN,1635.2189157463995,1,2023-24
2024-03-23,22023,DEN,1643.033003375415,0,2023-24
2024-03-25,22023,DEN,1644.6947259033027,1,2023-24
2024-03-27,22023,DEN,1648.1111711175222,1,2023-24
2024-03-29,22023,DEN,1635.7429197410952,1,2023-24
2024-03-31,22023,DEN,1622.323062132788,1,2023-24
2024-04-02,22023,DEN,1634.616213070707,1,2023-24
2024-04-04,22023,DEN,1636.2468844392508,0,2023-24
2024-04-06,22023,DEN,1630.494578987638,1,2023-24
2024-04-09,22023,DEN,1640.5301356693094,0,2023-24
2024-04-10,22023,DEN,1645.375021524647,1,2023-24
2024-04-12,22023,DEN,1653.981649329358,0,2023-24
2024-04-14,22023,DEN,1646.3284049441506,0,2023-24
2024-10-24,22024,DEN,1590.1317414366354,1,2024-25
2024-10-26,22024,DEN,1573.8636986466531,1,2024-25
2024-10-28,22024,DEN,1563.764870548515,0,2024-25
2024-10-29,22024,DEN,1566.4561065618611,0,2024-25
2024-11-01,22024,DEN,1571.8537571345046,0,2024-25
2024-11-02,22024,DEN,1567.2272993909137,1,2024-25
2024-11-04,22024,DEN,1573.4827922639558,1,2024-25
2024-11-06,22024,DEN,1575.0003509723338,1,2024-25
2024-11-08,22024,DEN,1580.2970926462633,1,2024-25
2024-11-10,22024,DEN,1587.978977995817,1,2024-25
2024-11-15,22024,DEN,1591.4880863290814,0,2024-25
2024-11-17,22024,DEN,1579.889967786325,0,2024-25
2024-11-19,22024,DEN,1563.7678563138736,0,2024-25
2024-11-22,22024,DEN,1574.5822798611532,1,2024-25
2024-11-23,22024,DEN,1567.9050251194592,0,2024-25
2024-11-25,22024,DEN,1588.8450833738116,1,2024-25
2024-11-27,22024,DEN,1562.8732429584277,0,2024-25
2024-12-01,22024,DEN,1571.6895808778456,0,2024-25
2024-12-03,22024,DEN,1566.127463513403,1,2024-25
2024-12-05,22024,DEN,1571.8025147016854,0,2024-25
2024-12-07,22024,DEN,1563.1946364045352,0,2024-25
2024-12-08,22024,DEN,1543.5665879421829,0,2024-25
2024-12-13,22024,DEN,1566.2864745684674,1,2024-25
2024-12-16,22024,DEN,1578.6501596204976,0,2024-25
2024-12-19,22024,DEN,1582.8260768952491,0,2024-25
2024-12-22,22024,DEN,1574.3712281234982,0,2024-25
2024-12-23,22024,DEN,1577.0507719963666,1,2024-25
2024-12-25,22024,DEN,1589.494898507115,0,2024-25
2024-12-27,22024,DEN,1577.420342770011,1,2024-25
2024-12-28,22024,DEN,1564.9632798948658,1,2024-25
2024-12-30,22024,DEN,1570.5513494072325,0,2024-25
2025-01-01,22024,DEN,1576.5380674713797,1,2024-25
2025-01-03,22024,DEN,1586.573744021132,1,2024-25
2025-01-04,22024,DEN,1577.6263688770398,0,2024-25
2025-01-07,22024,DEN,1587.3560972784378,1,2024-25
2025-01-08,22024,DEN,1577.08883243667,1,2024-25
2025-01-10,22024,DEN,1589.798057102946,1,2024-25
2025-01-12,22024,DEN,1594.02067339401,0,2024-25
2025-01-14,22024,DEN,1605.8581236683829,0,2024-25
2025-01-15,22024,DEN,1621.458031401759,1,2024-25
2025-01-17,22024,DEN,1600.587127780984,0,2024-25
2025-01-19,22024,DEN,1614.3306280299548,0,2024-25
2025-01-21,22024,DEN,1623.3993276303652,1,2024-25
2025-01-23,22024,DEN,1631.3922057380094,1,2024-25
2025-01-25,22024,DEN,1637.45335915764,0,2024-25
2025-01-27,22024,DEN,1614.596157796827,0,2024-25
2025-01-29,22024,DEN,1599.6724543711866,0,2024-25
2025-01-31,22024,DEN,1591.9822268925411,0,2024-25
2025-02-01,22024,DEN,1596.225131360563,0,2024-25
2025-02-03,22024,DEN,1598.3932395415677,1,2024-25
2025-02-05,22024,DEN,1601.2501410028706,1,2024-25
2025-02-06,22024,DEN,1605.810582666047,1,2024-25
2025-02-08,22024,DEN,1612.0704016121003,0,2024-25
2025-02-10,22024,DEN,1623.4714023647462,1,2024-25
2025-02-12,22024,DEN,1632.2627003017883,1,2024-25
2025-02-20,22024,DEN,1636.4099865046403,1,2024-25
2025-02-22,22024,DEN,1638.4556959031977,1,2024-25
2025-02-24,22024,DEN,1611.2755953660385,0,2024-25
2025-02-27,22024,DEN,1621.6514448337884,0,2024-25
2025-02-28,22024,DEN,1609.84822141819,0,2024-25
2025-03-02,22024,DEN,1624.4136425121817,0,2024-25
2025-03-05,22024,DEN,1618.531960303617,1,2024-25
2025-03-07,22024,DEN,1623.0305544338505,1,2024-25
2025-03-09,22024,DEN,1626.2528472619326,0,2024-25
2025-03-10,22024,DEN,1618.094579104752,0,2024-25
2025-03-12,22024,DEN,1640.5273281795894,1,2024-25
2025-03-14,22024,DEN,1619.720546832824,1,2024-25
2025-03-15,22024,DEN,1624.7503468389266,1,2024-25
2025-03-17,22024,DEN,1610.074420879588,0,2024-25
2025-03-19,22024,DEN,1621.1618812938204,0,2024-25
2025-03-21,22024,DEN,1610.3653791474076,0,2024-25
2025-03-23,22024,DEN,1590.9046749271135,0,2024-25
2025-03-24,22024,DEN,1599.1131445892308,1,2024-25
2025-03-26,22024,DEN,1582.293734095242,1,2024-25
2025-03-28,22024,DEN,1590.8777417254787,1,2024-25
2025-04-01,22024,DEN,1595.8069675919664,1,2024-25
2025-04-02,22024,DEN,1591.567372382512,1,2024-25
2025-04-04,22024,DEN,1575.24593293845,0,2024-25
2025-04-06,22024,DEN,1565.6998763439449,1,2024-25
2025-04-09,22024,DEN,1557.84414857437,0,2024-25
2025-04-11,22024,DEN,1566.6975034611514,1,2024-25
2025-04-13,22024,DEN,1573.297114026293,0,2024-25
2025-10-23,22025,DEN,1554.510135080798,0,2025-26
2025-10-25,22025,DEN,1548.6935374269813,1,2025-26
2025-10-27,22025,DEN,1558.230453563218,0,2025-26
2025-10-29,22025,DEN,1574.0675726563184,1,2025-26
2025-10-31,22025,DEN,1581.292828187755,0,2025-26
2025-11-03,22025,DEN,1576.4969565140786,1,2025-26
2025-11-05,22025,DEN,1580.7287098245056,1,2025-26
2025-11-07,22025,DEN,1587.7442206258304,1,2025-26
2025-11-08,22025,DEN,1602.182566144071,1,2025-26
2025-11-11,22025,DEN,1609.2271762512687,0,2025-26
2025-11-12,22025,DEN,1617.7626285929334,0,2025-26
2025-11-15,22025,DEN,1628.138272437027,0,2025-26
2025-11-17,22025,DEN,1639.859197604922,1,2025-26
2025-11-19,22025,DEN,1630.2697419790002,0,2025-26
2025-11-21,22025,DEN,1632.9455544067746,0,2025-26
2025-11-22,22025,DEN,1639.4708147690333,1,2025-26
2025-11-24,22025,DEN,1623.857427672889,0,2025-26
2025-11-28,22025,DEN,1630.6976051453628,1,2025-26
2025-11-29,22025,DEN,1621.8770295698712,0,2025-26
2025-12-01,22025,DEN,1634.9937234302572,1,2025-26
2025-12-03,22025,DEN,1611.9832094838223,0,2025-26
2025-12-05,22025,DEN,1619.0583259821951,0,2025-26
2025-12-07,22025,DEN,1622.0661361822,0,2025-26
2025-12-11,22025,DEN,1626.2562708807206,0,2025-26
2025-12-15,22025,DEN,1636.9891852429894,1,2025-26
2025-12-18,22025,DEN,1641.41264148014,1,2025-26
2025-12-20,22025,DEN,1647.9131906956436,1,2025-26
2025-12-22,22025,DEN,1630.6041868954023,1,2025-26
2025-12-23,22025,DEN,1635.446473284584,0,2025-26
2025-12-25,22025,DEN,1628.9652325385048,1,2025-26
2025-12-27,22025,DEN,1633.8201219312,0,2025-26
2025-12-29,22025,DEN,1628.8824563383762,0,2025-26
2025-12-31,22025,DEN,1605.3233691469604,0,2025-26
2026-01-02,22025,DEN,1609.5208505068404,0,2025-26
2026-01-04,22025,DEN,1602.099948579146,0,2025-26
2026-01-05,22025,DEN,1583.162499522925,0,2025-26
2026-01-07,22025,DEN,1586.524014280934,0,2025-26
2026-01-09,22025,DEN,1595.3348688888796,1,2025-26
2026-01-11,22025,DEN,1563.9054483456382,1,2025-26
2026-01-13,22025,DEN,1567.2300525223675,0,2025-26
2026-01-14,22025,DEN,1570.855265193637,0,2025-26
2026-01-17,22025,DEN,1577.22416024799,1,2025-26
2026-01-18,22025,DEN,1578.9318795644676,1,2025-26
2026-01-20,22025,DEN,1551.061558835014,1,2025-26
2026-01-22,22025,DEN,1538.1221200012462,0,2025-26
2026-01-23,22025,DEN,1542.806993593092,0,2025-26
2026-01-27,22025,DEN,1546.6918707909404,1,2025-26
2026-01-29,22025,DEN,1542.4818660284493,1,2025-26
2026-01-30,22025,DEN,1544.5027409680408,1,2025-26
2026-02-01,22025,DEN,1554.907633413002,1,2025-26
2026-02-03,22025,DEN,1547.3720383482516,0,2025-26
2026-02-04,22025,DEN,1544.2469095614824,0,2025-26
2026-02-07,22025,DEN,1538.437127125172,0,2025-26
2026-02-09,22025,DEN,1549.5652658964502,1,2025-26
2026-02-11,22025,DEN,1545.062635564111,1,2025-26
2026-02-19,22025,DEN,1548.8630588770077,0,2025-26
2026-02-20,22025,DEN,1545.5582016579906,0,2025-26
2026-02-22,22025,DEN,1579.3478322406472,0,2025-26
2026-02-25,22025,DEN,1567.966707317492,1,2025-26
2026-02-27,22025,DEN,1586.306830814853,0,2025-26
2026-03-01,22025,DEN,1581.897957642726,1,2025-26
2026-03-02,22025,DEN,1569.6602514312096,0,2025-26
2026-03-05,22025,DEN,1571.9363668288825,1,2025-26
2026-03-06,22025,DEN,1577.9203411283115,1,2025-26
2026-03-09,22025,DEN,1552.6774054816156,0,2025-26
2026-03-11,22025,DEN,1550.222320357343,1,2025-26
2026-03-12,22025,DEN,1574.0025495472603,0,2025-26
2026-03-14,22025,DEN,1586.2691309343684,0,2025-26
2026-03-17,22025,DEN,1581.939064898046,1,2025-26
2026-03-18,22025,DEN,1593.364431942843,0,2025-26
2026-03-20,22025,DEN,1578.7756403052142,1,2025-26
2026-03-22,22025,DEN,1584.1933995952745,1,2025-26
2026-03-24,22025,DEN,1591.8535359373836,0,2025-26
2026-03-25,22025,DEN,1596.3805635628937,1,2025-26
2026-03-27,22025,DEN,1598.5136192672887,1,2025-26
2026-03-29,22025,DEN,1599.8614721978872,1,2025-26
2026-04-01,22025,DEN,1607.871955878829,0,2025-26
2026-04-04,22025,DEN,1611.2415640956267,1,2025-26
2026-04-06,22025,DEN,1617.7570543986087,1,2025-26
2026-04-08,22025,DEN,1621.4429075709668,1,2025-26
2026-04-10,22025,DEN,1623.9587164471948,1,2025-26
2026-04-12,22025,DEN,1646.0691391259288,0,2025-26
2020-12-23,22020,DET,1500.0,0,2020-21
2020-12-26,22020,DET,1491.447791489585,1,2020-21
2020-12-28,22020,DET,1480.446389205955,0,2020-21
2020-12-29,22020,DET,1474.3966478601783,1,2020-21
2021-01-01,22020,DET,1461.773719249446,1,2020-21
2021-01-03,22020,DET,1467.1191840749934,1,2020-21
2021-01-04,22020,DET,1461.8763005112917,0,2020-21
2021-01-06,22020,DET,1455.805108449861,0,2020-21
2021-01-08,22020,DET,1448.362274124691,1,2020-21
2021-01-10,22020,DET,1456.6920421539453,1,2020-21
2021-01-13,22020,DET,1446.6246348153736,1,2020-21
2021-01-16,22020,DET,1439.070719313479,0,2020-21
2021-01-18,22020,DET,1461.044462188036,0,2020-21
2021-01-20,22020,DET,1454.5102980847894,0,2020-21
2021-01-22,22020,DET,1448.5785680608228,1,2020-21
2021-01-23,22020,DET,1443.970572274657,1,2020-21
2021-01-25,22020,DET,1438.7673434406247,1,2020-21
2021-01-27,22020,DET,1455.3717560332425,0,2020-21
2021-01-28,22020,DET,1444.4787336618815,1,2020-21
2021-01-30,22020,DET,1464.132797763924,0,2020-21
2021-02-02,22020,DET,1448.5108197649863,0,2020-21
2021-02-05,22020,DET,1443.7384138956295,0,2020-21
2021-02-06,22020,DET,1434.6876182909846,0,2020-21
2021-02-09,22020,DET,1431.9631542129398,1,2020-21
2021-02-11,22020,DET,1444.9255379835067,1,2020-21
2021-02-12,22020,DET,1430.9853571287765,0,2020-21
2021-02-14,22020,DET,1443.1046408045734,1,2020-21
2021-02-17,22020,DET,1454.015741838279,0,2020-21
2021-02-19,22020,DET,1450.02857800242,0,2020-21
2021-02-21,22020,DET,1441.1948527968302,0,2020-21
2021-02-23,22020,DET,1432.3913107962558,0,2020-21
2021-02-24,22020,DET,1445.979677302177,0,2020-21
2021-02-26,22020,DET,1439.0255126635873,1,2020-21
2021-02-28,22020,DET,1431.3162004706314,1,2020-21
2021-03-03,22020,DET,1416.70869502254,0,2020-21
2021-03-04,22020,DET,1448.6890948423647,0,2020-21
2021-03-11,22020,DET,1441.7922623576965,0,2020-21
2021-03-13,22020,DET,1438.1562144168315,0,2020-21
2021-03-15,22020,DET,1435.3443431395765,1,2020-21
2021-03-17,22020,DET,1425.218331520578,1,2020-21
2021-03-19,22020,DET,1431.568131192818,0,2020-21
2021-03-21,22020,DET,1441.27141233647,1,2020-21
2021-03-24,22020,DET,1428.3302641858668,0,2020-21
2021-03-26,22020,DET,1424.232522368893,1,2020-21
2021-03-27,22020,DET,1421.1917418242597,0,2020-21
2021-03-29,22020,DET,1410.0941211543363,1,2020-21
2021-03-31,22020,DET,1422.439321484368,1,2020-21
2021-04-01,22020,DET,1406.5752119249817,1,2020-21
2021-04-03,22020,DET,1425.3096827205625,1,2020-21
2021-04-05,22020,DET,1398.054810057556,0,2020-21
2021-04-06,22020,DET,1418.8828884554496,0,2020-21
2021-04-08,22020,DET,1414.5840323086006,0,2020-21
2021-04-10,22020,DET,1429.442158803767,0,2020-21
2021-04-11,22020,DET,1421.5928357206333,0,2020-21
2021-04-14,22020,DET,1419.0544415355266,1,2020-21
2021-04-16,22020,DET,1416.7726564362586,1,2020-21
2021-04-17,22020,DET,1420.609033495023,0,2020-21
2021-04-19,22020,DET,1407.7563960334885,1,2020-21
2021-04-21,22020,DET,1412.547027633447,0,2020-21
2021-04-22,22020,DET,1407.505369124575,0,2020-21
2021-04-24,22020,DET,1399.4183524300545,0,2020-21
2021-04-26,22020,DET,1394.8527641765131,1,2020-21
2021-04-29,22020,DET,1414.3287766131848,1,2020-21
2021-05-01,22020,DET,1407.4790077904624,0,2020-21
2021-05-03,22020,DET,1399.9518358336643,1,2020-21
2021-05-04,22020,DET,1387.169667512455,1,2020-21
2021-05-06,22020,DET,1382.2779802859463,1,2020-21
2021-05-08,22020,DET,1400.094941459042,0,2020-21
2021-05-09,22020,DET,1396.6483404251849,1,2020-21
2021-05-11,22020,DET,1386.4149597845428,1,2020-21
2021-05-14,22020,DET,1369.161276708763,1,2020-21
2021-05-16,22020,DET,1364.151048370569,1,2020-21
2021-10-20,22021,DET,1414.1932078716543,1,2021-22
2021-10-23,22021,DET,1407.3601946976487,0,2021-22
2021-10-25,22021,DET,1400.4380886025358,0,2021-22
2021-10-28,22021,DET,1394.0215487906569,0,2021-22
2021-10-30,22021,DET,1390.6801211340403,1,2021-22
2021-10-31,22021,DET,1396.547769938538,0,2021-22
2021-11-02,22021,DET,1387.9750520202342,1,2021-22
2021-11-04,22021,DET,1373.7026288171571,1,2021-22
2021-11-05,22021,DET,1368.531498433037,1,2021-22
2021-11-10,22021,DET,1364.1316065284525,0,2021-22
2021-11-12,22021,DET,1374.4254733399916,0,2021-22
2021-11-13,22021,DET,1365.209380070185,0,2021-22
2021-11-15,22021,DET,1378.431587837464,1,2021-22
2021-11-17,22021,DET,1362.697932816875,1,2021-22
2021-11-19,22021,DET,1374.977477598457,1,2021-22
2021-11-21,22021,DET,1372.662975924526,1,2021-22
2021-11-23,22021,DET,1366.453440095749,1,2021-22
2021-11-24,22021,DET,1362.1101873286648,0,2021-22
2021-11-26,22021,DET,1356.2128735505871,0,2021-22
2021-11-28,22021,DET,1352.3795882559168,0,2021-22
2021-11-30,22021,DET,1349.1782418164878,0,2021-22
2021-12-02,22021,DET,1344.0976388163826,0,2021-22
2021-12-06,22021,DET,1342.33010603077,1,2021-22
2021-12-08,22021,DET,1327.6182938690115,1,2021-22
2021-12-10,22021,DET,1323.884896731626,0,2021-22
2021-12-12,22021,DET,1316.6482765405517,1,2021-22
2021-12-16,22021,DET,1312.1545333826364,0,2021-22
2021-12-18,22021,DET,1309.0073554762296,1,2021-22
2021-12-19,22021,DET,1299.3889032247698,1,2021-22
2021-12-21,22021,DET,1318.2039147976263,0,2021-22
2021-12-23,22021,DET,1313.1536692933423,0,2021-22
2021-12-26,22021,DET,1311.6725815268544,0,2021-22
2021-12-29,22021,DET,1304.197542346858,1,2021-22
2022-01-01,22021,DET,1298.8520561209525,1,2021-22
2022-01-03,22021,DET,1305.5622248284556,0,2021-22
2022-01-05,22021,DET,1328.9953655448646,0,2021-22
2022-01-06,22021,DET,1320.3889142489093,0,2021-22
2022-01-08,22021,DET,1315.5762804899427,1,2021-22
2022-01-10,22021,DET,1321.1842025027463,1,2021-22
2022-01-11,22021,DET,1343.3080551298233,0,2021-22
2022-01-14,22021,DET,1335.1157485579286,1,2021-22
2022-01-16,22021,DET,1358.2541810551866,1,2021-22
2022-01-18,22021,DET,1351.5252684670277,0,2021-22
2022-01-19,22021,DET,1348.4973920069383,0,2021-22
2022-01-21,22021,DET,1354.8378300435618,0,2021-22
2022-01-23,22021,DET,1352.1190024417697,0,2021-22
2022-01-25,22021,DET,1349.3023314608013,1,2021-22
2022-01-28,22021,DET,1345.2206937366932,0,2021-22
2022-01-30,22021,DET,1332.108172965971,1,2021-22
2022-02-01,22021,DET,1351.7711504478166,1,2021-22
2022-02-03,22021,DET,1343.085715001792,1,2021-22
2022-02-04,22021,DET,1337.6908498466992,1,2021-22
2022-02-06,22021,DET,1333.4947235225004,0,2021-22
2022-02-08,22021,DET,1330.1859126758063,0,2021-22
2022-02-10,22021,DET,1325.045813598356,1,2021-22
2022-02-11,22021,DET,1318.9403047309654,1,2021-22
2022-02-14,22021,DET,1306.644584247994,0,2021-22
2022-02-16,22021,DET,1301.59903527745,0,2021-22
2022-02-24,22021,DET,1312.4806779803805,1,2021-22
2022-02-26,22021,DET,1322.6739431425283,1,2021-22
2022-02-27,22021,DET,1320.055090777666,0,2021-22
2022-03-01,22021,DET,1327.5993880516037,0,2021-22
2022-03-03,22021,DET,1324.5089148832433,0,2021-22
2022-03-04,22021,DET,1334.688563473294,1,2021-22
2022-03-07,22021,DET,1342.5887119449112,1,2021-22
2022-03-09,22021,DET,1351.392572067495,1,2021-22
2022-03-11,22021,DET,1346.331383147224,0,2021-22
2022-03-13,22021,DET,1344.3641745348511,1,2021-22
2022-03-15,22021,DET,1339.8626690135234,0,2021-22
2022-03-17,22021,DET,1338.0798605786003,0,2021-22
2022-03-19,22021,DET,1354.2435538450811,0,2021-22
2022-03-21,22021,DET,1351.8476886516742,1,2021-22
2022-03-23,22021,DET,1344.2365607646072,1,2021-22
2022-03-25,22021,DET,1371.0416897630887,1,2021-22
2022-03-27,22021,DET,1364.3946803551507,1,2021-22
2022-03-29,22021,DET,1361.1859993607366,0,2021-22
2022-03-31,22021,DET,1357.7696780287204,1,2021-22
2022-04-01,22021,DET,1373.2677862097205,0,2021-22
2022-04-03,22021,DET,1382.817282786423,0,2021-22
2022-04-06,22021,DET,1390.3341357026777,1,2021-22
2022-04-08,22021,DET,1381.301079362529,1,2021-22
2022-04-10,22021,DET,1369.0889971330653,0,2021-22
2022-10-19,22022,DET,1419.486133865738,1,2022-23
2022-10-21,22022,DET,1424.3116260015638,0,2022-23
2022-10-22,22022,DET,1413.7112548947505,0,2022-23
2022-10-25,22022,DET,1405.353521630516,0,2022-23
2022-10-26,22022,DET,1394.1875011438815,1,2022-23
2022-10-28,22022,DET,1389.119465243941,1,2022-23
2022-10-30,22022,DET,1376.2849990870473,1,2022-23
2022-10-31,22022,DET,1394.9717397600295,0,2022-23
2022-11-02,22022,DET,1393.2342895898375,0,2022-23
2022-11-04,22022,DET,1386.4643146622875,1,2022-23
2022-11-07,22022,DET,1375.1376543682304,1,2022-23
2022-11-09,22022,DET,1384.5171570352547,0,2022-23
2022-11-11,22022,DET,1380.9581220294042,0,2022-23
2022-11-12,22022,DET,1376.0933722791078,1,2022-23
2022-11-14,22022,DET,1372.3369960870873,1,2022-23
2022-11-17,22022,DET,1368.3906679642678,0,2022-23
2022-11-18,22022,DET,1364.9999638980617,0,2022-23
2022-11-20,22022,DET,1359.3170549234044,0,2022-23
2022-11-22,22022,DET,1355.1447579963367,0,2022-23
2022-11-23,22022,DET,1364.4855521135246,0,2022-23
2022-11-25,22022,DET,1383.9440642744112,0,2022-23
2022-11-27,22022,DET,1381.768596946261,1,2022-23
2022-11-29,22022,DET,1376.3631257307354,1,2022-23
2022-12-01,22022,DET,1358.8212746498607,1,2022-23
2022-12-04,22022,DET,1370.4240356023536,1,2022-23
2022-12-06,22022,DET,1364.7950016906282,0,2022-23
2022-12-07,22022,DET,1395.0887500744225,0,2022-23
2022-12-09,22022,DET,1392.5703703412842,0,2022-23
2022-12-11,22022,DET,1388.9102988407417,1,2022-23
2022-12-14,22022,DET,1381.1103105784312,0,2022-23
2022-12-16,22022,DET,1391.8001989288628,1,2022-23
2022-12-18,22022,DET,1384.601162992638,1,2022-23
2022-12-20,22022,DET,1381.2274600995029,1,2022-23
2022-12-21,22022,DET,1371.3269927269555,0,2022-23
2022-12-23,22022,DET,1366.2253228466475,0,2022-23
2022-12-26,22022,DET,1357.1827331586064,1,2022-23
2022-12-28,22022,DET,1349.7051984872987,1,2022-23
2022-12-30,22022,DET,1367.580629854781,0,2022-23
2022-12-31,22022,DET,1361.026416383026,0,2022-23
2023-01-02,22022,DET,1380.5213013366076,0,2022-23
2023-01-04,22022,DET,1367.8617343600351,0,2022-23
2023-01-06,22022,DET,1378.5122899480202,0,2022-23
2023-01-08,22022,DET,1368.4167059945482,1,2022-23
2023-01-10,22022,DET,1362.4792911230518,0,2022-23
2023-01-11,22022,DET,1356.0418501830857,1,2022-23
2023-01-13,22022,DET,1375.972555196081,1,2022-23
2023-01-15,22022,DET,1371.681944682466,1,2022-23
2023-01-19,22022,DET,1365.0388768313271,1,2022-23
2023-01-23,22022,DET,1354.1928409435109,1,2022-23
2023-01-26,22022,DET,1343.610848822153,0,2022-23
2023-01-28,22022,DET,1363.1404358178704,1,2022-23
2023-01-30,22022,DET,1355.15237716693,0,2022-23
2023-02-03,22022,DET,1351.5959175662874,1,2022-23
2023-02-04,22022,DET,1359.1504204751172,1,2022-23
2023-02-06,22022,DET,1349.793843423858,1,2022-23
2023-02-08,22022,DET,1345.333380374923,0,2022-23
2023-02-10,22022,DET,1340.3985496161486,1,2022-23
2023-02-12,22022,DET,1346.1534707904318,0,2022-23
2023-02-15,22022,DET,1344.5846039672435,0,2022-23
2023-02-23,22022,DET,1341.5017639776624,0,2022-23
2023-02-25,22022,DET,1339.2851814003357,1,2022-23
2023-02-27,22022,DET,1335.669519331713,0,2022-23
2023-03-01,22022,DET,1329.0031817770157,1,2022-23
2023-03-04,22022,DET,1326.1856811756843,0,2022-23
2023-03-06,22022,DET,1322.0654178259629,1,2022-23
2023-03-07,22022,DET,1315.751236292582,1,2022-23
2023-03-09,22022,DET,1313.0690972644788,1,2022-23
2023-03-11,22022,DET,1304.192126230235,1,2022-23
2023-03-13,22022,DET,1298.2963947229666,1,2022-23
2023-03-14,22022,DET,1319.7980617372773,0,2022-23
2023-03-16,22022,DET,1313.5478960383257,1,2022-23
2023-03-19,22022,DET,1306.970828193468,1,2022-23
2023-03-21,22022,DET,1300.9525431237355,0,2022-23
2023-03-24,22022,DET,1294.9288152099875,0,2022-23
2023-03-27,22022,DET,1290.3185578197697,1,2022-23
2023-03-29,22022,DET,1287.8115339134745,0,2022-23
2023-03-31,22022,DET,1286.6447912745132,0,2022-23
2023-04-02,22022,DET,1280.2837724603598,0,2022-23
2023-04-04,22022,DET,1273.9074490395562,1,2022-23
2023-04-05,22022,DET,1267.9101792612412,1,2022-23
2023-04-07,22022,DET,1262.191733475231,0,2022-23
2023-04-09,22022,DET,1276.7879975205742,0,2022-23
2023-10-25,22023,DET,1363.6870234960377,0,2023-24
2023-10-27,22023,DET,1362.054059564428,0,2023-24
2023-10-28,22023,DET,1379.719893634198,1,2023-24
2023-10-30,22023,DET,1398.1075398323587,0,2023-24
2023-11-01,22023,DET,1392.2517616203943,1,2023-24
2023-11-02,22023,DET,1380.6653298361937,0,2023-24
2023-11-05,22023,DET,1376.5197623782003,1,2023-24
2023-11-06,22023,DET,1367.5606482331723,1,2023-24
2023-11-08,22023,DET,1362.0639025451565,0,2023-24
2023-11-10,22023,DET,1360.33912067241,1,2023-24
2023-11-12,22023,DET,1356.5787411649967,0,2023-24
2023-11-14,22023,DET,1351.4255987585157,1,2023-24
2023-11-17,22023,DET,1346.9004547970696,0,2023-24
2023-11-19,22023,DET,1343.8018213628145,0,2023-24
2023-11-20,22023,DET,1335.709582561878,1,2023-24
2023-11-24,22023,DET,1332.8093623297118,0,2023-24
2023-11-27,22023,DET,1325.385946606582,1,2023-24
2023-11-29,22023,DET,1309.3950120824516,1,2023-24
2023-11-30,22023,DET,1299.0703670059895,0,2023-24
2023-12-02,22023,DET,1297.411437547811,1,2023-24
2023-12-06,22023,DET,1292.8068443767245,1,2023-24
2023-12-08,22023,DET,1284.5809552156268,0,2023-24
2023-12-11,22023,DET,1278.9075896112506,1,2023-24
2023-12-13,22023,DET,1275.0648845118974,1,2023-24
2023-12-15,22023,DET,1271.3096504301298,0,2023-24
2023-12-16,22023,DET,1268.248417798666,0,2023-24
2023-12-18,22023,DET,1264.5894402454771,0,2023-24
2023-12-21,22023,DET,1262.4746154840027,1,2023-24
2023-12-23,22023,DET,1256.124857871423,0,2023-24
2023-12-26,22023,DET,1253.1452362999196,1,2023-24
2023-12-28,22023,DET,1249.721883764972,0,2023-24
2023-12-30,22023,DET,1249.1517141495767,1,2023-24
2024-01-01,22023,DET,1257.2234190865202,0,2023-24
2024-01-03,22023,DET,1252.2242937014498,0,2023-24
2024-01-05,22023,DET,1249.8980948954872,0,2023-24
2024-01-07,22023,DET,1248.4549811561917,0,2023-24
2024-01-09,22023,DET,1246.3553093433625,1,2023-24
2024-01-10,22023,DET,1239.5936329906317,1,2023-24
2024-01-12,22023,DET,1222.002987967583,1,2023-24
2024-01-15,22023,DET,1220.0518058240375,0,2023-24
2024-01-17,22023,DET,1240.429782211342,1,2023-24
2024-01-20,22023,DET,1238.7136128164125,1,2023-24
2024-01-22,22023,DET,1236.83102430321,1,2023-24
2024-01-24,22023,DET,1234.510171221653,1,2023-24
2024-01-27,22023,DET,1243.4883877812308,1,2023-24
2024-01-28,22023,DET,1231.5023894339215,1,2023-24
2024-01-31,22023,DET,1268.1132225657316,0,2023-24
2024-02-02,22023,DET,1267.0530154447958,1,2023-24
2024-02-04,22023,DET,1264.9920219489225,1,2023-24
2024-02-07,22023,DET,1260.053996451521,0,2023-24
2024-02-08,22023,DET,1288.4849609747037,0,2023-24
2024-02-10,22023,DET,1299.990652132059,0,2023-24
2024-02-13,22023,DET,1298.971004763101,0,2023-24
2024-02-14,22023,DET,1295.0353973448653,0,2023-24
2024-02-22,22023,DET,1292.3415346774943,0,2023-24
2024-02-24,22023,DET,1288.8384212914498,1,2023-24
2024-02-26,22023,DET,1286.4073146795158,0,2023-24
2024-02-27,22023,DET,1285.4603113113287,0,2023-24
2024-03-01,22023,DET,1307.2209251985537,1,2023-24
2024-03-03,22023,DET,1304.2726014228172,0,2023-24
2024-03-05,22023,DET,1299.4193874262253,0,2023-24
2024-03-07,22023,DET,1297.3735409443427,1,2023-24
2024-03-09,22023,DET,1308.2308141791796,1,2023-24
2024-03-11,22023,DET,1300.4771282333236,1,2023-24
2024-03-13,22023,DET,1313.1730616789605,1,2023-24
2024-03-15,22023,DET,1323.7229242078463,1,2023-24
2024-03-17,22023,DET,1317.436200492938,1,2023-24
2024-03-18,22023,DET,1314.7372526367233,0,2023-24
2024-03-20,22023,DET,1313.1406124959822,1,2023-24
2024-03-22,22023,DET,1305.9761535088153,1,2023-24
2024-03-24,22023,DET,1303.140199585794,1,2023-24
2024-03-25,22023,DET,1299.6530899479071,0,2023-24
2024-03-27,22023,DET,1295.5405024990098,0,2023-24
2024-03-29,22023,DET,1293.822737078264,0,2023-24
2024-04-01,22023,DET,1305.4132191561987,1,2023-24
2024-04-03,22023,DET,1299.992922104076,0,2023-24
2024-04-05,22023,DET,1297.009374210244,0,2023-24
2024-04-06,22023,DET,1287.0535601276551,0,2023-24
2024-04-09,22023,DET,1282.6985617116657,0,2023-24
2024-04-11,22023,DET,1278.3347038665354,1,2023-24
2024-04-12,22023,DET,1268.5293925678614,0,2023-24
2024-04-14,22023,DET,1311.725113647566,0,2023-24
2024-10-23,22024,DET,1379.7714623007837,1,2024-25
2024-10-25,22024,DET,1375.1516043106517,0,2024-25
2024-10-26,22024,DET,1370.1813841930634,1,2024-25
2024-10-28,22024,DET,1367.4881671704377,0,2024-25
2024-10-30,22024,DET,1363.7734084636272,0,2024-25
2024-11-01,22024,DET,1381.79837383665,1,2024-25
2024-11-03,22024,DET,1369.5015739627108,0,2024-25
2024-11-04,22024,DET,1389.8188730790737,1,2024-25
2024-11-06,22024,DET,1406.3988505135292,0,2024-25
2024-11-08,22024,DET,1402.7571593108023,1,2024-25
2024-11-10,22024,DET,1406.8784679565224,1,2024-25
2024-11-12,22024,DET,1403.2526441403324,1,2024-25
2024-11-13,22024,DET,1409.2296057431367,0,2024-25
2024-11-15,22024,DET,1403.920395781582,0,2024-25
2024-11-17,22024,DET,1410.1282314703128,0,2024-25
2024-11-18,22024,DET,1424.2206657108084,1,2024-25
2024-11-21,22024,DET,1412.325025999525,0,2024-25
2024-11-23,22024,DET,1408.0658897009844,0,2024-25
2024-11-25,22024,DET,1403.2113604507465,1,2024-25
2024-11-27,22024,DET,1406.6267235742168,0,2024-25
2024-11-29,22024,DET,1398.1038794908684,0,2024-25
2024-11-30,22024,DET,1427.8336271126689,1,2024-25
2024-12-03,22024,DET,1410.5291506778026,1,2024-25
2024-12-04,22024,DET,1396.6217563715218,0,2024-25
2024-12-07,22024,DET,1394.6788529718904,0,2024-25
2024-12-12,22024,DET,1414.8189696065149,0,2024-25
2024-12-16,22024,DET,1410.7331859500543,1,2024-25
2024-12-19,22024,DET,1416.3962802793396,1,2024-25
2024-12-21,22024,DET,1404.516611123344,0,2024-25
2024-12-23,22024,DET,1419.776476640247,0,2024-25
2024-12-26,22024,DET,1428.4894383459591,0,2024-25
2024-12-28,22024,DET,1434.1737807687805,0,2024-25
2025-01-01,22024,DET,1428.5857112564136,1,2024-25
2025-01-03,22024,DET,1440.7105391403377,1,2024-25
2025-01-04,22024,DET,1443.6636118093038,1,2024-25
2025-01-06,22024,DET,1459.4708650485654,1,2024-25
2025-01-08,22024,DET,1462.3204763741185,0,2024-25
2025-01-09,22024,DET,1473.671917135808,1,2024-25
2025-01-11,22024,DET,1467.4795549450778,1,2024-25
2025-01-13,22024,DET,1471.814326194302,0,2024-25
2025-01-16,22024,DET,1484.137734323001,1,2024-25
2025-01-18,22024,DET,1474.699707671515,1,2024-25
2025-01-20,22024,DET,1467.5198743662463,0,2024-25
2025-01-22,22024,DET,1487.5366951178162,0,2024-25
2025-01-25,22024,DET,1500.5520418976598,0,2024-25
2025-01-27,22024,DET,1490.8638750321577,0,2024-25
2025-01-29,22024,DET,1484.7986882976927,0,2024-25
2025-01-31,22024,DET,1477.6972878772128,1,2024-25
2025-02-02,22024,DET,1491.7093122143071,1,2024-25
2025-02-03,22024,DET,1497.4834233599124,1,2024-25
2025-02-05,22024,DET,1490.5498213653034,1,2024-25
2025-02-07,22024,DET,1487.388462553807,1,2024-25
2025-02-09,22024,DET,1496.2944294588233,1,2024-25
2025-02-11,22024,DET,1499.9479526952114,0,2024-25
2025-02-12,22024,DET,1523.2378005645878,0,2024-25
2025-02-21,22024,DET,1534.0580306013862,0,2024-25
2025-02-23,22024,DET,1546.967682063551,0,2024-25
2025-02-24,22024,DET,1552.861163572873,1,2024-25
2025-02-26,22024,DET,1560.052732017173,1,2024-25
2025-02-28,22024,DET,1581.7332831517735,1,2024-25
2025-03-01,22024,DET,1567.1678620577818,1,2024-25
2025-03-03,22024,DET,1572.3926634248453,0,2024-25
2025-03-05,22024,DET,1583.33374945726,0,2024-25
2025-03-08,22024,DET,1573.5065533922907,0,2024-25
2025-03-09,22024,DET,1567.5790919781227,0,2024-25
2025-03-11,22024,DET,1575.208854998098,1,2024-25
2025-03-13,22024,DET,1578.1783593367682,1,2024-25
2025-03-15,22024,DET,1562.444383222813,1,2024-25
2025-03-17,22024,DET,1558.2633362579584,0,2024-25
2025-03-19,22024,DET,1573.6775724790025,0,2024-25
2025-03-21,22024,DET,1577.159359240543,0,2024-25
2025-03-23,22024,DET,1566.1637651410977,1,2024-25
2025-03-25,22024,DET,1568.382551000599,1,2024-25
2025-03-28,22024,DET,1578.3926277319863,1,2024-25
2025-03-30,22024,DET,1592.6764642414878,0,2024-25
2025-04-02,22024,DET,1581.1019104736629,0,2024-25
2025-04-04,22024,DET,1576.9447579172313,0,2024-25
2025-04-05,22024,DET,1583.9735284530936,1,2024-25
2025-04-07,22024,DET,1573.137210257198,1,2024-25
2025-04-10,22024,DET,1557.0600983522097,1,2024-25
2025-04-11,22024,DET,1565.720786728628,1,2024-25
2025-04-13,22024,DET,1556.702234739846,0,2024-25
2025-10-22,22025,DET,1530.2594585548172,0,2025-26
2025-10-24,22025,DET,1524.8700956251091,0,2025-26
2025-10-26,22025,DET,1532.9897822009812,1,2025-26
2025-10-27,22025,DET,1540.8046891846195,1,2025-26
2025-10-29,22025,DET,1524.7644096306226,1,2025-26
2025-11-01,22025,DET,1535.6446918650904,1,2025-26
2025-11-03,22025,DET,1541.4612665666702,0,2025-26
2025-11-05,22025,DET,1550.6107523793862,1,2025-26
2025-11-07,22025,DET,1554.762894253768,0,2025-26
2025-11-09,22025,DET,1562.1437897997262,0,2025-26
2025-11-10,22025,DET,1566.161160871067,1,2025-26
2025-11-12,22025,DET,1567.16163565279,1,2025-26
2025-11-14,22025,DET,1574.8348882319283,1,2025-26
2025-11-17,22025,DET,1579.0132314881778,1,2025-26
2025-11-18,22025,DET,1584.1064931640271,0,2025-26
2025-11-22,22025,DET,1593.5582386269073,0,2025-26
2025-11-24,22025,DET,1603.7890454909843,0,2025-26
2025-11-26,22025,DET,1607.6071902030092,0,2025-26
2025-11-28,22025,DET,1602.266436028627,1,2025-26
2025-11-29,22025,DET,1594.8523509678614,0,2025-26
2025-12-01,22025,DET,1601.2321830042215,1,2025-26
2025-12-03,22025,DET,1603.6062909786256,0,2025-26
2025-12-05,22025,DET,1595.0346236920795,1,2025-26
2025-12-06,22025,DET,1599.2729685786228,1,2025-26
2025-12-12,22025,DET,1604.1743405280026,1,2025-26
2025-12-15,22025,DET,1614.584207124533,0,2025-26
2025-12-18,22025,DET,1623.8888176622766,0,2025-26
2025-12-20,22025,DET,1616.5236297944705,1,2025-26
2025-12-22,22025,DET,1622.225992576458,0,2025-26
2025-12-23,22025,DET,1628.2802877958195,0,2025-26
2025-12-26,22025,DET,1632.5407149939467,0,2025-26
2025-12-28,22025,DET,1623.857744483886,0,2025-26
2025-12-30,22025,DET,1608.2763462269954,0,2025-26
2026-01-01,22025,DET,1623.8507748180157,1,2025-26
2026-01-04,22025,DET,1611.8053744055642,0,2025-26
2026-01-05,22025,DET,1617.9101552384648,1,2025-26
2026-01-07,22025,DET,1632.6372707249257,1,2025-26
2026-01-10,22025,DET,1636.7266612071128,1,2025-26
2026-01-15,22025,DET,1623.9784577317073,1,2025-26
2026-01-17,22025,DET,1627.7138531334967,1,2025-26
2026-01-19,22025,DET,1634.4484760718176,1,2025-26
2026-01-21,22025,DET,1637.7667981169768,0,2025-26
2026-01-23,22025,DET,1640.6202686616962,1,2025-26
2026-01-25,22025,DET,1628.5916708912116,1,2025-26
2026-01-27,22025,DET,1632.7932081984857,0,2025-26
2026-01-29,22025,DET,1637.0032129609767,0,2025-26
2026-01-30,22025,DET,1620.6874263859218,0,2025-26
2026-02-01,22025,DET,1628.955750523347,1,2025-26
2026-02-03,22025,DET,1635.9707728913602,1,2025-26
2026-02-05,22025,DET,1639.0959016781294,1,2025-26
2026-02-06,22025,DET,1613.8440090338213,1,2025-26
2026-02-09,22025,DET,1633.426319026864,0,2025-26
2026-02-11,22025,DET,1641.5537032389816,0,2025-26
2026-02-19,22025,DET,1652.9120664759157,0,2025-26
2026-02-21,22025,DET,1667.0416104029734,0,2025-26
2026-02-23,22025,DET,1672.240099983182,1,2025-26
2026-02-25,22025,DET,1658.5861942548718,1,2025-26
2026-02-27,22025,DET,1666.695330647578,1,2025-26
2026-03-01,22025,DET,1670.7104527756785,0,2025-26
2026-03-03,22025,DET,1678.2030673085171,0,2025-26
2026-03-05,22025,DET,1671.9584240979573,0,2025-26
2026-03-07,22025,DET,1661.145403090875,1,2025-26
2026-03-08,22025,DET,1648.0525948096767,0,2025-26
2026-03-10,22025,DET,1635.4977066348167,0,2025-26
2026-03-12,22025,DET,1643.5343384725893,1,2025-26
2026-03-13,22025,DET,1650.5623614898857,1,2025-26
2026-03-15,22025,DET,1653.6097039312492,0,2025-26
2026-03-17,22025,DET,1638.531251926289,0,2025-26
2026-03-19,22025,DET,1641.1193816671291,0,2025-26
2026-03-20,22025,DET,1644.711721370903,1,2025-26
2026-03-23,22025,DET,1649.27970865696,1,2025-26
2026-03-25,22025,DET,1653.078008731349,1,2025-26
2026-03-26,22025,DET,1646.7861072642374,1,2025-26
2026-03-28,22025,DET,1652.4512723928742,0,2025-26
2026-03-30,22025,DET,1667.487477482421,0,2025-26
2026-03-31,22025,DET,1663.285014576147,1,2025-26
2026-04-02,22025,DET,1668.6772979872408,1,2025-26
2026-04-04,22025,DET,1672.2584482624072,0,2025-26
2026-04-06,22025,DET,1684.1928428502729,0,2025-26
2026-04-08,22025,DET,1662.34218448763,1,2025-26
2026-04-10,22025,DET,1665.6735911397268,0,2025-26
2026-04-12,22025,DET,1682.8358101987196,0,2025-26
2020-12-22,22020,GSW,1500.0,0,2020-21
2020-12-25,22020,GSW,1483.7504253520035,0,2020-21
2020-12-27,22020,GSW,1463.0261503019858,0,2020-21
2020-12-29,22020,GSW,1467.8460170707633,0,2020-21
2021-01-01,22020,GSW,1480.4689456814956,1,2020-21
2021-01-03,22020,GSW,1457.7697659670014,1,2020-21
2021-01-04,22020,GSW,1471.0885250346298,1,2020-21
2021-01-06,22020,GSW,1490.9065592490956,1,2020-21
2021-01-08,22020,GSW,1481.3831958449832,1,2020-21
2021-01-10,22020,GSW,1491.160572295357,1,2020-21
2021-01-12,22020,GSW,1494.404701225007,1,2020-21
2021-01-14,22020,GSW,1483.695031837453,0,2020-21
2021-01-18,22020,GSW,1476.3793306774887,0,2020-21
2021-01-20,22020,GSW,1484.574175367855,1,2020-21
2021-01-21,22020,GSW,1501.3709313893523,1,2020-21
2021-01-23,22020,GSW,1484.8060876987065,0,2020-21
2021-01-25,22020,GSW,1476.3376904975323,1,2020-21
2021-01-27,22020,GSW,1487.165684181314,1,2020-21
2021-01-28,22020,GSW,1493.6768629558824,0,2020-21
2021-01-30,22020,GSW,1480.2785575165612,1,2020-21
2021-02-02,22020,GSW,1495.900535515499,1,2020-21
2021-02-04,22020,GSW,1488.8954412170744,0,2020-21
2021-02-06,22020,GSW,1514.6424407106551,0,2020-21
2021-02-08,22020,GSW,1509.5964636231174,0,2020-21
2021-02-09,22020,GSW,1503.485787819887,0,2020-21
2021-02-11,22020,GSW,1524.939448733773,1,2020-21
2021-02-13,22020,GSW,1528.279461411296,1,2020-21
2021-02-15,22020,GSW,1510.582310533184,1,2020-21
2021-02-17,22020,GSW,1521.2625548223648,1,2020-21
2021-02-19,22020,GSW,1526.857956360663,0,2020-21
2021-02-20,22020,GSW,1518.90137099716,0,2020-21
2021-02-23,22020,GSW,1514.3652418002814,0,2020-21
2021-02-24,22020,GSW,1524.6319518863852,0,2020-21
2021-02-26,22020,GSW,1531.9760964005466,1,2020-21
2021-02-28,22020,GSW,1538.7959738871714,0,2020-21
2021-03-03,22020,GSW,1525.0011819280182,0,2020-21
2021-03-04,22020,GSW,1520.7321413428892,0,2020-21
2021-03-11,22020,GSW,1511.190075469536,0,2020-21
2021-03-14,22020,GSW,1498.3443608580485,1,2020-21
2021-03-15,22020,GSW,1515.0477430384417,1,2020-21
2021-03-17,22020,GSW,1493.4747112478633,0,2020-21
2021-03-19,22020,GSW,1501.5428911812853,0,2020-21
2021-03-20,22020,GSW,1516.6344306149483,0,2020-21
2021-03-23,22020,GSW,1508.5389255971193,1,2020-21
2021-03-25,22020,GSW,1500.415559090371,0,2020-21
2021-03-26,22020,GSW,1482.0778712023475,1,2020-21
2021-03-29,22020,GSW,1467.8048570151757,1,2020-21
2021-04-01,22020,GSW,1478.1138398161945,0,2020-21
2021-04-02,22020,GSW,1471.7388041659403,0,2020-21
2021-04-04,22020,GSW,1438.9451162964094,0,2020-21
2021-04-06,22020,GSW,1435.0875877435035,1,2020-21
2021-04-09,22020,GSW,1441.057605622315,1,2020-21
2021-04-10,22020,GSW,1433.6190688923757,1,2020-21
2021-04-12,22020,GSW,1440.9694891977094,1,2020-21
2021-04-14,22020,GSW,1455.0018051008906,0,2020-21
2021-04-15,22020,GSW,1473.660231994202,0,2020-21
2021-04-17,22020,GSW,1488.0688057688749,0,2020-21
2021-04-19,22020,GSW,1483.7637833558545,0,2020-21
2021-04-21,22020,GSW,1503.7795281891558,0,2020-21
2021-04-23,22020,GSW,1497.5579605591038,1,2020-21
2021-04-25,22020,GSW,1518.7024495180044,1,2020-21
2021-04-27,22020,GSW,1521.8488997303757,1,2020-21
2021-04-29,22020,GSW,1497.5490320512254,0,2020-21
2021-05-01,22020,GSW,1483.43864121167,0,2020-21
2021-05-03,22020,GSW,1495.4487037970468,0,2020-21
2021-05-04,22020,GSW,1512.2402351031055,0,2020-21
2021-05-06,22020,GSW,1505.977655280203,1,2020-21
2021-05-08,22020,GSW,1510.13187513107,1,2020-21
2021-05-10,22020,GSW,1516.339369329395,1,2020-21
2021-05-11,22020,GSW,1524.1620263914538,1,2020-21
2021-05-14,22020,GSW,1533.1025339634948,1,2020-21
2021-05-16,22020,GSW,1536.8996903014224,1,2020-21
2021-10-19,22021,GSW,1528.3699355360088,0,2021-22
2021-10-21,22021,GSW,1538.4921127677578,1,2021-22
2021-10-24,22021,GSW,1542.857555107939,0,2021-22
2021-10-26,22021,GSW,1553.2827972794698,0,2021-22
2021-10-28,22021,GSW,1557.4421485681737,1,2021-22
2021-10-30,22021,GSW,1550.0572578907063,1,2021-22
2021-11-03,22021,GSW,1555.0220875640557,1,2021-22
2021-11-05,22021,GSW,1565.6622798496212,1,2021-22
2021-11-07,22021,GSW,1577.98932005019,1,2021-22
2021-11-08,22021,GSW,1581.4113615475148,1,2021-22
2021-11-10,22021,GSW,1589.3617006618472,1,2021-22
2021-11-12,22021,GSW,1593.8524655467452,1,2021-22
2021-11-14,22021,GSW,1607.7231806674945,0,2021-22
2021-11-16,22021,GSW,1599.2484109600323,0,2021-22
2021-11-18,22021,GSW,1616.2972600797818,0,2021-22
2021-11-19,22021,GSW,1625.088070803779,0,2021-22
2021-11-21,22021,GSW,1627.4025724777098,1,2021-22
2021-11-24,22021,GSW,1633.2344317768318,1,2021-22
2021-11-26,22021,GSW,1643.2716460273778,1,2021-22
2021-11-28,22021,GSW,1650.9679998814304,0,2021-22
2021-11-30,22021,GSW,1661.7423615248986,0,2021-22
2021-12-03,22021,GSW,1654.2134799049325,1,2021-22
2021-12-04,22021,GSW,1669.5544900355371,1,2021-22
2021-12-06,22021,GSW,1655.725807904931,1,2021-22
2021-12-08,22021,GSW,1659.1837013845256,1,2021-22
2021-12-11,22021,GSW,1662.734711120054,0,2021-22
2021-12-13,22021,GSW,1650.631019159223,0,2021-22
2021-12-14,22021,GSW,1654.1620559289877,0,2021-22
2021-12-17,22021,GSW,1659.9936436895453,0,2021-22
2021-12-18,22021,GSW,1664.5003990076727,0,2021-22
2021-12-20,22021,GSW,1640.6413164969188,1,2021-22
2021-12-23,22021,GSW,1644.6036277182927,1,2021-22
2021-12-25,22021,GSW,1649.5828711304569,0,2021-22
2021-12-28,22021,GSW,1662.0677922299485,1,2021-22
2022-01-01,22021,GSW,1652.0020548627278,0,2021-22
2022-01-03,22021,GSW,1663.1334807630108,1,2021-22
2022-01-05,22021,GSW,1667.4159542024452,0,2021-22
2022-01-06,22021,GSW,1648.2832024101433,0,2021-22
2022-01-09,22021,GSW,1636.7617820439418,1,2021-22
2022-01-11,22021,GSW,1644.6751981840034,0,2021-22
2022-01-13,22021,GSW,1636.128397125583,0,2021-22
2022-01-14,22021,GSW,1618.676299963034,0,2021-22
2022-01-16,22021,GSW,1645.2102019643585,0,2021-22
2022-01-18,22021,GSW,1623.5578995720095,1,2021-22
2022-01-20,22021,GSW,1626.585776032099,1,2021-22
2022-01-21,22021,GSW,1614.5923320044094,1,2021-22
2022-01-23,22021,GSW,1615.6333412828103,1,2021-22
2022-01-25,22021,GSW,1619.2784516367888,1,2021-22
2022-01-27,22021,GSW,1638.8056688687611,1,2021-22
2022-01-29,22021,GSW,1643.991773447796,1,2021-22
2022-01-31,22021,GSW,1646.914453342119,0,2021-22
2022-02-01,22021,GSW,1650.3479394716903,0,2021-22
2022-02-03,22021,GSW,1653.951854451508,1,2021-22
2022-02-07,22021,GSW,1656.1487491868395,0,2021-22
2022-02-09,22021,GSW,1660.1553730973342,0,2021-22
2022-02-10,22021,GSW,1637.9317572923896,1,2021-22
2022-02-12,22021,GSW,1628.441789754137,1,2021-22
2022-02-14,22021,GSW,1630.1923008005908,0,2021-22
2022-02-16,22021,GSW,1610.8105914366756,1,2021-22
2022-02-24,22021,GSW,1605.362397809619,0,2021-22
2022-02-27,22021,GSW,1620.5445095229563,1,2021-22
2022-03-01,22021,GSW,1610.691279622871,0,2021-22
2022-03-03,22021,GSW,1595.8714914352036,0,2021-22
2022-03-05,22021,GSW,1588.4123743603927,0,2021-22
2022-03-07,22021,GSW,1575.0778415179343,0,2021-22
2022-03-08,22021,GSW,1568.392634268101,1,2021-22
2022-03-10,22021,GSW,1576.195759527962,0,2021-22
2022-03-12,22021,GSW,1590.1007999453277,1,2021-22
2022-03-14,22021,GSW,1600.3134137350316,1,2021-22
2022-03-16,22021,GSW,1604.4341589936332,1,2021-22
2022-03-20,22021,GSW,1586.3286374811505,1,2021-22
2022-03-22,22021,GSW,1577.296976459141,0,2021-22
2022-03-23,22021,GSW,1566.2993490835024,0,2021-22
2022-03-25,22021,GSW,1583.87727666849,0,2021-22
2022-03-27,22021,GSW,1572.0224801437091,0,2021-22
2022-03-28,22021,GSW,1557.7386219208831,0,2021-22
2022-03-30,22021,GSW,1546.215676028325,1,2021-22
2022-04-02,22021,GSW,1542.448015170659,1,2021-22
2022-04-03,22021,GSW,1548.1218244546085,0,2021-22
2022-04-07,22021,GSW,1558.0667481498967,1,2021-22
2022-04-09,22021,GSW,1563.501496762818,0,2021-22
2022-04-10,22021,GSW,1570.7784206273943,0,2021-22
2022-10-18,22022,GSW,1552.960662410428,1,2022-23
2022-10-21,22022,GSW,1559.6090953477365,1,2022-23
2022-10-23,22022,GSW,1550.0212264115908,1,2022-23
2022-10-25,22022,GSW,1553.121010057186,0,2022-23
2022-10-27,22022,GSW,1538.733018839144,1,2022-23
2022-10-29,22022,GSW,1548.9612968455983,0,2022-23
2022-10-30,22022,GSW,1541.2361852041968,0,2022-23
2022-11-01,22022,GSW,1522.5494445312145,0,2022-23
2022-11-03,22022,GSW,1515.5872570077297,0,2022-23
2022-11-04,22022,GSW,1510.38661095211,0,2022-23
2022-11-07,22022,GSW,1503.4860664534965,1,2022-23
2022-11-11,22022,GSW,1506.807615711244,1,2022-23
2022-11-13,22022,GSW,1513.9230684977272,0,2022-23
2022-11-14,22022,GSW,1504.9007187684276,1,2022-23
2022-11-16,22022,GSW,1522.8557125842235,0,2022-23
2022-11-18,22022,GSW,1516.1149321979276,1,2022-23
2022-11-20,22022,GSW,1524.23901556389,0,2022-23
2022-11-21,22022,GSW,1529.4365117544223,0,2022-23
2022-11-23,22022,GSW,1506.3940053639726,1,2022-23
2022-11-25,22022,GSW,1518.7156242896235,1,2022-23
2022-11-27,22022,GSW,1528.5886940941025,0,2022-23
2022-11-29,22022,GSW,1550.1933361738188,0,2022-23
2022-12-02,22022,GSW,1545.2057390732316,1,2022-23
2022-12-03,22022,GSW,1551.27533260137,1,2022-23
2022-12-05,22022,GSW,1557.0002011982074,1,2022-23
2022-12-07,22022,GSW,1541.7699466205502,0,2022-23
2022-12-10,22022,GSW,1538.198701107403,1,2022-23
2022-12-13,22022,GSW,1558.2854763417947,0,2022-23
2022-12-14,22022,GSW,1546.9947883818857,0,2022-23
2022-12-16,22022,GSW,1537.705097843972,0,2022-23
2022-12-18,22022,GSW,1529.124958573358,0,2022-23
2022-12-20,22022,GSW,1544.0284372299343,0,2022-23
2022-12-21,22022,GSW,1524.2340949026743,0,2022-23
2022-12-25,22022,GSW,1508.727667277146,1,2022-23
2022-12-27,22022,GSW,1524.4072968781757,1,2022-23
2022-12-28,22022,GSW,1527.4466298337916,1,2022-23
2022-12-30,22022,GSW,1532.94061621197,1,2022-23
2023-01-02,22022,GSW,1537.6085105449497,1,2022-23
2023-01-04,22022,GSW,1540.590616802885,1,2022-23
2023-01-07,22022,GSW,1529.9400612149,1,2022-23
2023-01-10,22022,GSW,1507.6856034023936,1,2022-23
2023-01-13,22022,GSW,1493.257491704919,0,2022-23
2023-01-15,22022,GSW,1509.914772688474,0,2022-23
2023-01-16,22022,GSW,1498.3664817919498,0,2022-23
2023-01-19,22022,GSW,1509.008086332476,0,2022-23
2023-01-20,22022,GSW,1506.550118430857,0,2022-23
2023-01-22,22022,GSW,1517.641180863467,1,2022-23
2023-01-25,22022,GSW,1511.4390468859117,1,2022-23
2023-01-27,22022,GSW,1517.1341970245808,1,2022-23
2023-01-30,22022,GSW,1526.412841148241,0,2022-23
2023-02-01,22022,GSW,1537.9309868668015,0,2022-23
2023-02-02,22022,GSW,1531.3985774279106,0,2022-23
2023-02-04,22022,GSW,1522.8868428079884,1,2022-23
2023-02-06,22022,GSW,1528.5171283192667,1,2022-23
2023-02-08,22022,GSW,1545.2302664774936,0,2022-23
2023-02-11,22022,GSW,1538.981185519361,1,2022-23
2023-02-13,22022,GSW,1527.423742487436,1,2022-23
2023-02-14,22022,GSW,1534.685671937909,0,2022-23
2023-02-23,22022,GSW,1525.3750629506108,0,2022-23
2023-02-24,22022,GSW,1513.3217208167962,1,2022-23
2023-02-26,22022,GSW,1517.1274235365297,1,2022-23
2023-02-28,22022,GSW,1522.6082548714414,1,2022-23
2023-03-02,22022,GSW,1531.618611034029,1,2022-23
2023-03-03,22022,GSW,1545.8183963495185,1,2022-23
2023-03-05,22022,GSW,1551.6823014776107,0,2022-23
2023-03-07,22022,GSW,1542.2487362683762,0,2022-23
2023-03-09,22022,GSW,1533.0976665382143,0,2022-23
2023-03-11,22022,GSW,1520.9255869644833,1,2022-23
2023-03-13,22022,GSW,1533.835799089599,1,2022-23
2023-03-15,22022,GSW,1544.1806724085998,0,2022-23
2023-03-17,22022,GSW,1536.0946623384932,0,2022-23
2023-03-18,22022,GSW,1527.2369380294508,0,2022-23
2023-03-20,22022,GSW,1518.715689868932,0,2022-23
2023-03-22,22022,GSW,1524.897104007301,0,2022-23
2023-03-24,22022,GSW,1529.9821756238225,1,2022-23
2023-03-26,22022,GSW,1542.1282351931427,1,2022-23
2023-03-28,22022,GSW,1534.976729685026,1,2022-23
2023-03-31,22022,GSW,1543.3607320121378,1,2022-23
2023-04-02,22022,GSW,1546.4226218935062,0,2022-23
2023-04-04,22022,GSW,1542.8785421745572,1,2022-23
2023-04-07,22022,GSW,1550.1408622829788,0,2022-23
2023-04-09,22022,GSW,1571.9877886524987,0,2022-23
2023-10-24,22023,GSW,1552.5936890451735,1,2023-24
2023-10-27,22023,GSW,1544.7632223331932,0,2023-24
2023-10-29,22023,GSW,1555.12310232124,0,2023-24
2023-10-30,22023,GSW,1561.8179998086234,0,2023-24
2023-11-01,22023,GSW,1584.879827298908,1,2023-24
2023-11-03,22023,GSW,1587.4912857189092,0,2023-24
2023-11-05,22023,GSW,1591.798254658627,0,2023-24
2023-11-06,22023,GSW,1579.9023459968312,0,2023-24
2023-11-08,22023,GSW,1585.399091684847,0,2023-24
2023-11-11,22023,GSW,1580.7679860643252,1,2023-24
2023-11-12,22023,GSW,1567.8868275614911,1,2023-24
2023-11-14,22023,GSW,1558.672974742473,1,2023-24
2023-11-16,22023,GSW,1552.4122972679477,1,2023-24
2023-11-18,22023,GSW,1532.6111613420642,1,2023-24
2023-11-20,22023,GSW,1523.375769558386,1,2023-24
2023-11-22,22023,GSW,1527.8335860310503,0,2023-24
2023-11-24,22023,GSW,1520.6622468680494,1,2023-24
2023-11-28,22023,GSW,1523.1993071618542,0,2023-24
2023-11-30,22023,GSW,1519.981692276145,1,2023-24
2023-12-02,22023,GSW,1526.563874997444,0,2023-24
2023-12-06,22023,GSW,1523.1631163715815,1,2023-24
2023-12-08,22023,GSW,1525.8765582892704,0,2023-24
2023-12-12,22023,GSW,1522.726273095026,0,2023-24
2023-12-14,22023,GSW,1518.341357327227,0,2023-24
2023-12-16,22023,GSW,1512.0221400504702,1,2023-24
2023-12-17,22023,GSW,1517.704863432784,0,2023-24
2023-12-19,22023,GSW,1521.5612671358838,1,2023-24
2023-12-22,22023,GSW,1532.3508750108558,1,2023-24
2023-12-23,22023,GSW,1536.5880503245423,1,2023-24
2023-12-25,22023,GSW,1542.2016527135906,0,2023-24
2023-12-28,22023,GSW,1537.1914735899677,1,2023-24
2023-12-30,22023,GSW,1523.840850089282,1,2023-24
2024-01-02,22023,GSW,1509.9864347060686,1,2023-24
2024-01-04,22023,GSW,1516.6453333814466,1,2023-24
2024-01-05,22023,GSW,1511.6059446856966,1,2023-24
2024-01-07,22023,GSW,1513.0490584249922,1,2023-24
2024-01-10,22023,GSW,1494.5384979101823,1,2023-24
2024-01-12,22023,GSW,1474.4407314629286,0,2023-24
2024-01-13,22023,GSW,1486.7370878048362,0,2023-24
2024-01-15,22023,GSW,1481.4917166982232,0,2023-24
2024-01-24,22023,GSW,1472.5582786511943,1,2023-24
2024-01-25,22023,GSW,1484.1827977269606,1,2023-24
2024-01-27,22023,GSW,1479.7098494217605,1,2023-24
2024-01-30,22023,GSW,1474.8337777945496,1,2023-24
2024-02-02,22023,GSW,1487.6660073556318,0,2023-24
2024-02-03,22023,GSW,1504.9023794084562,0,2023-24
2024-02-05,22023,GSW,1495.870241309869,0,2023-24
2024-02-07,22023,GSW,1508.4052868634028,0,2023-24
2024-02-08,22023,GSW,1529.5735077173636,0,2023-24
2024-02-10,22023,GSW,1550.990983161618,1,2023-24
2024-02-12,22023,GSW,1554.8300814209713,0,2023-24
2024-02-14,22023,GSW,1573.355516565371,1,2023-24
2024-02-15,22023,GSW,1566.656214129993,0,2023-24
2024-02-22,22023,GSW,1571.6258039059398,1,2023-24
2024-02-23,22023,GSW,1582.0307887109368,1,2023-24
2024-02-25,22023,GSW,1584.8552269613242,1,2023-24
2024-02-27,22023,GSW,1567.3618684938976,0,2023-24
2024-02-29,22023,GSW,1571.346171658691,0,2023-24
2024-03-01,22023,GSW,1583.735125042687,0,2023-24
2024-03-03,22023,GSW,1592.2614523195182,0,2023-24
2024-03-06,22023,GSW,1577.651634127824,1,2023-24
2024-03-07,22023,GSW,1599.230817007079,1,2023-24
2024-03-09,22023,GSW,1590.235768533108,1,2023-24
2024-03-11,22023,GSW,1563.137704350367,0,2023-24
2024-03-13,22023,GSW,1568.8866482781857,0,2023-24
2024-03-16,22023,GSW,1559.7058987089968,0,2023-24
2024-03-18,22023,GSW,1568.5974577296663,1,2023-24
2024-03-20,22023,GSW,1558.4686538944495,1,2023-24
2024-03-22,22023,GSW,1563.312464457826,1,2023-24
2024-03-24,22023,GSW,1548.955385343079,0,2023-24
2024-03-26,22023,GSW,1545.70682117683,0,2023-24
2024-03-27,22023,GSW,1565.9539391154028,0,2023-24
2024-03-29,22023,GSW,1576.0498818543365,0,2023-24
2024-03-31,22023,GSW,1581.6620652112165,0,2023-24
2024-04-02,22023,GSW,1584.9691836487395,1,2023-24
2024-04-04,22023,GSW,1591.0728060253612,0,2023-24
2024-04-05,22023,GSW,1608.4882591948249,0,2023-24
2024-04-07,22023,GSW,1604.7750033673392,1,2023-24
2024-04-09,22023,GSW,1607.0146453543227,0,2023-24
2024-04-11,22023,GSW,1620.236181544601,0,2023-24
2024-04-12,22023,GSW,1623.0613422337171,1,2023-24
2024-04-14,22023,GSW,1614.104929470458,1,2023-24
2024-10-23,22024,GSW,1569.7053393919869,0,2024-25
2024-10-25,22024,GSW,1583.587582102642,0,2024-25
2024-10-27,22024,GSW,1600.2469974691655,1,2024-25
2024-10-29,22024,GSW,1586.6067333061465,1,2024-25
2024-10-30,22024,GSW,1596.7520187633506,1,2024-25
2024-11-02,22024,GSW,1604.9380993622565,0,2024-25
2024-11-04,22024,GSW,1611.695764844918,0,2024-25
2024-11-06,22024,GSW,1616.675497992483,0,2024-25
2024-11-08,22024,GSW,1627.682918447114,0,2024-25
2024-11-10,22024,GSW,1612.1485279698602,0,2024-25
2024-11-12,22024,GSW,1627.07819793807,1,2024-25
2024-11-15,22024,GSW,1630.4391341866387,1,2024-25
2024-11-18,22024,GSW,1633.3633034762474,0,2024-25
2024-11-20,22024,GSW,1626.4189881109987,1,2024-25
2024-11-22,22024,GSW,1633.0870631016592,0,2024-25
2024-11-23,22024,GSW,1636.368544682338,0,2024-25
2024-11-25,22024,GSW,1621.2386255126316,1,2024-25
2024-11-27,22024,GSW,1603.412503157743,1,2024-25
2024-11-30,22024,GSW,1597.041083908625,0,2024-25
2024-12-03,22024,GSW,1587.5257302230757,0,2024-25
2024-12-05,22024,GSW,1581.850679034793,1,2024-25
2024-12-06,22024,GSW,1588.2353072687802,1,2024-25
2024-12-08,22024,GSW,1569.6811488595083,1,2024-25
2024-12-11,22024,GSW,1577.7178122016703,0,2024-25
2024-12-15,22024,GSW,1574.5184741799503,1,2024-25
2024-12-19,22024,GSW,1563.522605724511,0,2024-25
2024-12-21,22024,GSW,1535.7628432264005,0,2024-25
2024-12-23,22024,GSW,1549.538906303998,1,2024-25
2024-12-25,22024,GSW,1538.9851446513244,1,2024-25
2024-12-27,22024,GSW,1532.5076299531088,0,2024-25
2024-12-28,22024,GSW,1524.7130142378708,1,2024-25
2024-12-30,22024,GSW,1529.416570265964,1,2024-25
2025-01-02,22024,GSW,1517.8158357502546,1,2024-25
2025-01-04,22024,GSW,1534.28787733827,1,2024-25
2025-01-05,22024,GSW,1543.3250849322403,1,2024-25
2025-01-07,22024,GSW,1513.2321511953642,1,2024-25
2025-01-09,22024,GSW,1495.0291439609375,0,2024-25
2025-01-10,22024,GSW,1501.221506151668,0,2024-25
2025-01-13,22024,GSW,1493.5168975938286,0,2024-25
2025-01-15,22024,GSW,1485.3710764868613,0,2024-25
2025-01-18,22024,GSW,1491.4124898997372,1,2024-25
2025-01-20,22024,GSW,1493.7801993391702,1,2024-25
2025-01-22,22024,GSW,1474.4104816262986,0,2024-25
2025-01-23,22024,GSW,1470.0643631220537,1,2024-25
2025-01-25,22024,GSW,1483.4412006809505,1,2024-25
2025-01-28,22024,GSW,1472.2986112304711,1,2024-25
2025-01-29,22024,GSW,1478.27050427294,1,2024-25
2025-01-31,22024,GSW,1493.845553279412,1,2024-25
2025-02-03,22024,GSW,1471.565111838967,1,2024-25
2025-02-05,22024,GSW,1475.8940137754694,0,2024-25
2025-02-06,22024,GSW,1469.1882397111062,0,2024-25
2025-02-08,22024,GSW,1464.388945428318,0,2024-25
2025-02-10,22024,GSW,1482.2561077961002,0,2024-25
2025-02-12,22024,GSW,1499.205266530531,0,2024-25
2025-02-13,22024,GSW,1494.5991805015824,0,2024-25
2025-02-21,22024,GSW,1507.0785099576217,0,2024-25
2025-02-23,22024,GSW,1528.9479428426723,1,2024-25
2025-02-25,22024,GSW,1545.0258405472234,1,2024-25
2025-02-27,22024,GSW,1550.7873994796505,0,2024-25
2025-03-01,22024,GSW,1556.5822864633662,0,2024-25
2025-03-03,22024,GSW,1544.0096527699743,0,2024-25
2025-03-04,22024,GSW,1549.3468441619868,0,2024-25
2025-03-06,22024,GSW,1565.7599034682642,0,2024-25
2025-03-08,22024,GSW,1568.1053479103289,1,2024-25
2025-03-10,22024,GSW,1574.0328093244968,1,2024-25
2025-03-13,22024,GSW,1579.7971673480242,1,2024-25
2025-03-15,22024,GSW,1592.1610452563416,1,2024-25
2025-03-17,22024,GSW,1596.8760000600205,1,2024-25
2025-03-18,22024,GSW,1585.7885396457878,1,2024-25
2025-03-20,22024,GSW,1593.9615761046164,1,2024-25
2025-03-22,22024,GSW,1595.8306368250564,0,2024-25
2025-03-25,22024,GSW,1582.514077427368,0,2024-25
2025-03-28,22024,GSW,1553.1526033772843,0,2024-25
2025-03-30,22024,GSW,1560.641952165382,0,2024-25
2025-04-01,22024,GSW,1582.153374091559,0,2024-25
2025-04-03,22024,GSW,1592.024321338845,0,2024-25
2025-04-04,22024,GSW,1600.4503166051834,1,2024-25
2025-04-06,22024,GSW,1609.9963731996888,1,2024-25
2025-04-08,22024,GSW,1598.1882093515117,0,2024-25
2025-04-09,22024,GSW,1615.4704058868826,1,2024-25
2025-04-11,22024,GSW,1604.2023390573715,0,2024-25
2025-04-13,22024,GSW,1615.6710487636658,1,2024-25
2025-10-21,22025,GSW,1564.858161714173,0,2025-26
2025-10-23,22025,GSW,1576.5552836853444,1,2025-26
2025-10-24,22025,GSW,1582.3718813391613,0,2025-26
2025-10-27,22025,GSW,1563.9224980060246,1,2025-26
2025-10-28,22025,GSW,1572.2542267345457,1,2025-26
2025-10-30,22025,GSW,1585.6724485767702,0,2025-26
2025-11-01,22025,GSW,1576.4204816728106,0,2025-26
2025-11-04,22025,GSW,1568.6324213865064,1,2025-26
2025-11-05,22025,GSW,1574.222849702296,0,2025-26
2025-11-07,22025,GSW,1565.9804793362914,0,2025-26
2025-11-09,22025,GSW,1551.5421338180508,1,2025-26
2025-11-11,22025,GSW,1564.7904170802751,0,2025-26
2025-11-12,22025,GSW,1556.5876143977764,0,2025-26
2025-11-14,22025,GSW,1563.956466155107,0,2025-26
2025-11-16,22025,GSW,1567.9678381714805,0,2025-26
2025-11-18,22025,GSW,1574.9874556890052,0,2025-26
2025-11-19,22025,GSW,1565.743785089384,0,2025-26
2025-11-21,22025,GSW,1553.5112560949729,1,2025-26
2025-11-24,22025,GSW,1544.2903278674607,1,2025-26
2025-11-26,22025,GSW,1549.7747649973016,1,2025-26
2025-11-29,22025,GSW,1544.2696477224936,1,2025-26
2025-12-02,22025,GSW,1546.945656548492,1,2025-26
2025-12-04,22025,GSW,1540.810511700192,0,2025-26
2025-12-06,22025,GSW,1535.684255454399,0,2025-26
2025-12-07,22025,GSW,1545.1970229780914,0,2025-26
2025-12-12,22025,GSW,1562.5038127326509,1,2025-26
2025-12-14,22025,GSW,1553.3471733797887,0,2025-26
2025-12-18,22025,GSW,1545.0206547907758,0,2025-26
2025-12-20,22025,GSW,1541.4448074201132,1,2025-26
2025-12-22,22025,GSW,1545.8558576497908,1,2025-26
2025-12-25,22025,GSW,1561.654887062158,1,2025-26
2025-12-28,22025,GSW,1566.6238544563964,0,2025-26
2025-12-29,22025,GSW,1551.1422905352592,0,2025-26
2025-12-31,22025,GSW,1560.5064945026602,0,2025-26
2026-01-02,22025,GSW,1566.0849493451328,1,2025-26
2026-01-03,22025,GSW,1549.5276197381932,1,2025-26
2026-01-05,22025,GSW,1553.734075977008,0,2025-26
2026-01-07,22025,GSW,1549.9020427966332,1,2025-26
2026-01-09,22025,GSW,1554.5257808735746,1,2025-26
2026-01-11,22025,GSW,1561.673547055806,1,2025-26
2026-01-13,22025,GSW,1543.6943321398635,1,2025-26
2026-01-15,22025,GSW,1555.3507698182077,1,2025-26
2026-01-17,22025,GSW,1565.0646184529674,1,2025-26
2026-01-19,22025,GSW,1575.396127486762,1,2025-26
2026-01-20,22025,GSW,1586.342653296822,1,2025-26
2026-01-22,22025,GSW,1561.677627927043,0,2025-26
2026-01-25,22025,GSW,1550.6727647463863,0,2025-26
2026-01-26,22025,GSW,1576.4659718981902,0,2025-26
2026-01-28,22025,GSW,1559.2165830672477,0,2025-26
2026-01-30,22025,GSW,1566.0019199465246,1,2025-26
2026-02-03,22025,GSW,1557.7335958090994,1,2025-26
2026-02-05,22025,GSW,1535.9558160153583,0,2025-26
2026-02-07,22025,GSW,1544.451608602078,0,2025-26
2026-02-09,22025,GSW,1537.5548082070254,1,2025-26
2026-02-11,22025,GSW,1539.635483350099,1,2025-26
2026-02-19,22025,GSW,1529.4344169668573,1,2025-26
2026-02-22,22025,GSW,1520.283086177506,1,2025-26
2026-02-24,22025,GSW,1531.6642111006613,0,2025-26
2026-02-25,22025,GSW,1522.9320418120467,0,2025-26
2026-02-28,22025,GSW,1536.0242937276807,1,2025-26
2026-03-02,22025,GSW,1508.160658208925,1,2025-26
2026-03-05,22025,GSW,1495.118577960891,0,2025-26
2026-03-07,22025,GSW,1502.7818166083157,0,2025-26
2026-03-09,22025,GSW,1499.878314768844,0,2025-26
2026-03-10,22025,GSW,1491.322647405278,1,2025-26
2026-03-13,22025,GSW,1478.456949117038,1,2025-26
2026-03-15,22025,GSW,1468.1203102984175,0,2025-26
2026-03-16,22025,GSW,1466.1171966773882,0,2025-26
2026-03-18,22025,GSW,1470.9669086454612,0,2025-26
2026-03-20,22025,GSW,1464.8031241861584,0,2025-26
2026-03-21,22025,GSW,1460.2351369001017,0,2025-26
2026-03-23,22025,GSW,1452.2706771828516,0,2025-26
2026-03-25,22025,GSW,1458.8522582972998,1,2025-26
2026-03-27,22025,GSW,1460.915329410701,1,2025-26
2026-03-29,22025,GSW,1463.3795351701126,0,2025-26
2026-04-01,22025,GSW,1455.3690514891707,1,2025-26
2026-04-02,22025,GSW,1450.8486973880742,1,2025-26
2026-04-05,22025,GSW,1445.2994700434087,1,2025-26
2026-04-07,22025,GSW,1442.5589739681725,1,2025-26
2026-04-09,22025,GSW,1445.9841814462054,1,2025-26
2026-04-10,22025,GSW,1435.5770766274386,0,2025-26
2026-04-12,22025,GSW,1425.942717095715,0,2025-26
2020-12-26,22020,HOU,1500.0,0,2020-21
2020-12-28,22020,HOU,1495.69620637302,0,2020-21
2020-12-31,22020,HOU,1484.961806507202,1,2020-21
2021-01-02,22020,HOU,1489.8849962577683,1,2020-21
2021-01-04,22020,HOU,1497.5738275646622,1,2020-21
2021-01-06,22020,HOU,1483.130104092874,0,2020-21
2021-01-08,22020,HOU,1477.468413739065,1,2020-21
2021-01-10,22020,HOU,1505.167827054824,1,2020-21
2021-01-12,22020,HOU,1489.295736739192,1,2020-21
2021-01-14,22020,HOU,1475.7283350629934,0,2020-21
2021-01-16,22020,HOU,1483.9120158049775,0,2020-21
2021-01-18,22020,HOU,1474.6933498869082,0,2020-21
2021-01-20,22020,HOU,1469.1148079973016,1,2020-21
2021-01-22,22020,HOU,1461.5215112197604,0,2020-21
2021-01-23,22020,HOU,1466.1295070059266,0,2020-21
2021-01-26,22020,HOU,1493.6763997134706,1,2020-21
2021-01-28,22020,HOU,1505.5195561910475,1,2020-21
2021-01-30,22020,HOU,1509.770436971455,0,2020-21
2021-02-01,22020,HOU,1524.06310919913,0,2020-21
2021-02-03,22020,HOU,1544.0438721393436,0,2020-21
2021-02-04,22020,HOU,1525.8016519632108,0,2020-21
2021-02-06,22020,HOU,1540.181652917515,1,2020-21
2021-02-08,22020,HOU,1530.2883043299794,0,2020-21
2021-02-09,22020,HOU,1511.773599688568,0,2020-21
2021-02-11,22020,HOU,1492.9829986382442,1,2020-21
2021-02-13,22020,HOU,1481.55299108963,0,2020-21
2021-02-15,22020,HOU,1467.8423356819794,0,2020-21
2021-02-17,22020,HOU,1455.6203600785288,0,2020-21
2021-02-22,22020,HOU,1451.7069842481685,1,2020-21
2021-02-24,22020,HOU,1434.7716826112703,0,2020-21
2021-02-26,22020,HOU,1419.4517564879338,0,2020-21
2021-02-28,22020,HOU,1414.1625646537846,1,2020-21
2021-03-01,22020,HOU,1384.9032779054155,1,2020-21
2021-03-03,22020,HOU,1371.892565946955,1,2020-21
2021-03-11,22020,HOU,1364.1609556079918,0,2020-21
2021-03-12,22020,HOU,1352.6242909088826,0,2020-21
2021-03-14,22020,HOU,1350.2052924839682,1,2020-21
2021-03-16,22020,HOU,1336.769621989544,1,2020-21
2021-03-17,22020,HOU,1329.9089054285346,1,2020-21
2021-03-19,22020,HOU,1321.8407254951126,1,2020-21
2021-03-21,22020,HOU,1312.1374443514603,1,2020-21
2021-03-22,22020,HOU,1308.1363762462038,1,2020-21
2021-03-24,22020,HOU,1329.045666399281,1,2020-21
2021-03-26,22020,HOU,1316.9339368272863,0,2020-21
2021-03-27,22020,HOU,1311.5678743091316,0,2020-21
2021-03-29,22020,HOU,1336.0443836937577,1,2020-21
2021-03-31,22020,HOU,1329.868169211545,0,2020-21
2021-04-02,22020,HOU,1327.216726810006,0,2020-21
2021-04-04,22020,HOU,1321.8106523222875,1,2020-21
2021-04-05,22020,HOU,1316.465434884178,1,2020-21
2021-04-07,22020,HOU,1314.921183996831,1,2020-21
2021-04-09,22020,HOU,1333.657330132881,0,2020-21
2021-04-10,22020,HOU,1330.900288864441,0,2020-21
2021-04-12,22020,HOU,1323.5498685591072,0,2020-21
2021-04-14,22020,HOU,1322.30748820804,1,2020-21
2021-04-16,22020,HOU,1316.854438670365,1,2020-21
2021-04-18,22020,HOU,1309.315826096857,0,2020-21
2021-04-19,22020,HOU,1317.901772883873,0,2020-21
2021-04-21,22020,HOU,1311.5741491718543,1,2020-21
2021-04-23,22020,HOU,1307.3625719541326,1,2020-21
2021-04-24,22020,HOU,1305.6074404422905,0,2020-21
2021-04-27,22020,HOU,1303.1576633636694,1,2020-21
2021-04-29,22020,HOU,1295.6883465513283,1,2020-21
2021-05-01,22020,HOU,1313.389991955715,1,2020-21
2021-05-02,22020,HOU,1301.3799293703382,1,2020-21
2021-05-05,22020,HOU,1294.741115072212,1,2020-21
2021-05-07,22020,HOU,1290.3212063465824,0,2020-21
2021-05-08,22020,HOU,1288.8881077104456,0,2020-21
2021-05-10,22020,HOU,1287.8289417580777,0,2020-21
2021-05-12,22020,HOU,1285.6975788680943,0,2020-21
2021-05-14,22020,HOU,1284.496326826091,1,2020-21
2021-05-16,22020,HOU,1303.437661774546,0,2020-21
2021-10-20,22021,HOU,1379.1788289138808,0,2021-22
2021-10-22,22021,HOU,1370.2476569986063,1,2021-22
2021-10-24,22021,HOU,1387.7019317009886,1,2021-22
2021-10-26,22021,HOU,1378.1644660577003,0,2021-22
2021-10-28,22021,HOU,1373.8501041186173,1,2021-22
2021-10-31,22021,HOU,1364.142906240223,0,2021-22
2021-11-02,22021,HOU,1359.859586534428,0,2021-22
2021-11-04,22021,HOU,1357.9503385206322,0,2021-22
2021-11-06,22021,HOU,1354.231298291348,0,2021-22
2021-11-07,22021,HOU,1352.9869705820045,0,2021-22
2021-11-10,22021,HOU,1349.5649290846795,1,2021-22
2021-11-12,22021,HOU,1339.2710622731404,1,2021-22
2021-11-14,22021,HOU,1333.3118560939083,1,2021-22
2021-11-15,22021,HOU,1325.6984214280385,0,2021-22
2021-11-17,22021,HOU,1315.4292543052734,0,2021-22
2021-11-20,22021,HOU,1307.1540507309956,0,2021-22
2021-11-22,22021,HOU,1304.6222448279163,0,2021-22
2021-11-24,22021,HOU,1300.1692302252693,1,2021-22
2021-11-27,22021,HOU,1312.7029274716394,1,2021-22
2021-11-29,22021,HOU,1321.7324084107654,1,2021-22
2021-12-01,22021,HOU,1332.7095373866898,0,2021-22
2021-12-03,22021,HOU,1340.2149463373796,1,2021-22
2021-12-05,22021,HOU,1344.020811112706,1,2021-22
2021-12-08,22021,HOU,1356.576113110462,1,2021-22
2021-12-10,22021,HOU,1374.533273002264,1,2021-22
2021-12-11,22021,HOU,1369.5755549205448,0,2021-22
2021-12-13,22021,HOU,1365.9573621476377,0,2021-22
2021-12-15,22021,HOU,1380.9838263923573,0,2021-22
2021-12-16,22021,HOU,1372.2365669079263,1,2021-22
2021-12-18,22021,HOU,1362.2382901603446,0,2021-22
2021-12-20,22021,HOU,1371.8567424118044,0,2021-22
2021-12-22,22021,HOU,1366.7734525404037,0,2021-22
2021-12-23,22021,HOU,1361.2574781595358,0,2021-22
2021-12-27,22021,HOU,1356.0733310504088,0,2021-22
2021-12-28,22021,HOU,1347.5967335632606,1,2021-22
2021-12-31,22021,HOU,1339.568758313084,1,2021-22
2022-01-01,22021,HOU,1334.5120136667992,1,2021-22
2022-01-03,22021,HOU,1327.6955862942148,0,2021-22
2022-01-05,22021,HOU,1323.3302045538296,0,2021-22
2022-01-07,22021,HOU,1333.46904824927,1,2021-22
2022-01-09,22021,HOU,1324.6889351206237,1,2021-22
2022-01-10,22021,HOU,1316.233143628942,1,2021-22
2022-01-12,22021,HOU,1309.8881888171118,0,2021-22
2022-01-14,22021,HOU,1321.6798565526828,0,2021-22
2022-01-16,22021,HOU,1314.3143042330994,0,2021-22
2022-01-19,22021,HOU,1325.9122620563517,0,2021-22
2022-01-21,22021,HOU,1342.6184979178288,0,2021-22
2022-01-25,22021,HOU,1341.5774886394277,1,2021-22
2022-01-28,22021,HOU,1323.9786845939122,1,2021-22
2022-01-31,22021,HOU,1313.6240727610657,1,2021-22
2022-02-02,22021,HOU,1310.1905866314944,1,2021-22
2022-02-04,22021,HOU,1331.277803414045,0,2021-22
2022-02-06,22021,HOU,1322.0223607173614,1,2021-22
2022-02-08,22021,HOU,1313.836537261723,0,2021-22
2022-02-10,22021,HOU,1309.1557502355251,1,2021-22
2022-02-14,22021,HOU,1303.2466130547657,0,2021-22
2022-02-16,22021,HOU,1298.807559335806,0,2021-22
2022-02-17,22021,HOU,1298.277770400896,0,2021-22
2022-02-25,22021,HOU,1290.622035312651,0,2021-22
2022-02-27,22021,HOU,1284.1891012473304,1,2021-22
2022-03-01,22021,HOU,1282.196151062487,1,2021-22
2022-03-02,22021,HOU,1276.2707773897157,1,2021-22
2022-03-04,22021,HOU,1274.4180134642363,0,2021-22
2022-03-06,22021,HOU,1271.9435559009496,1,2021-22
2022-03-07,22021,HOU,1296.9116266740612,0,2021-22
2022-03-09,22021,HOU,1294.790675391472,1,2021-22
2022-03-11,22021,HOU,1307.6297677816551,1,2021-22
2022-03-13,22021,HOU,1303.2601897648426,0,2021-22
2022-03-16,22021,HOU,1297.13190898757,1,2021-22
2022-03-18,22021,HOU,1294.325020049044,1,2021-22
2022-03-20,22021,HOU,1289.7972743189318,1,2021-22
2022-03-21,22021,HOU,1284.6620622687483,1,2021-22
2022-03-23,22021,HOU,1303.3211833713992,0,2021-22
2022-03-25,22021,HOU,1299.9886484472795,0,2021-22
2022-03-26,22021,HOU,1320.8892186760015,0,2021-22
2022-03-28,22021,HOU,1337.8222875922795,1,2021-22
2022-03-30,22021,HOU,1333.690221579748,1,2021-22
2022-04-01,22021,HOU,1327.8640385654116,1,2021-22
2022-04-03,22021,HOU,1320.834368878824,1,2021-22
2022-04-05,22021,HOU,1317.715981353368,0,2021-22
2022-04-08,22021,HOU,1313.6140634615183,0,2021-22
2022-04-10,22021,HOU,1312.6657781379606,1,2021-22
2022-10-19,22022,HOU,1383.9448019513245,0,2022-23
2022-10-21,22022,HOU,1379.6885832641358,1,2022-23
2022-10-22,22022,HOU,1375.324344636099,0,2022-23
2022-10-24,22022,HOU,1369.1589370142287,1,2022-23
2022-10-26,22022,HOU,1381.5938299247491,0,2022-23
2022-10-28,22022,HOU,1378.326678095525,0,2022-23
2022-10-30,22022,HOU,1368.3577367476098,0,2022-23
2022-10-31,22022,HOU,1365.1495736575796,0,2022-23
2022-11-02,22022,HOU,1362.6603037304935,1,2022-23
2022-11-05,22022,HOU,1355.5014038630302,0,2022-23
2022-11-07,22022,HOU,1350.838723213835,0,2022-23
2022-11-09,22022,HOU,1362.1897581365029,0,2022-23
2022-11-12,22022,HOU,1359.673229892091,0,2022-23
2022-11-14,22022,HOU,1355.004031654668,1,2022-23
2022-11-16,22022,HOU,1344.5880808910172,0,2022-23
2022-11-18,22022,HOU,1364.8171213936632,1,2022-23
2022-11-20,22022,HOU,1357.3085410596689,1,2022-23
2022-11-25,22022,HOU,1352.1110448691363,1,2022-23
2022-11-26,22022,HOU,1364.3035652587655,1,2022-23
2022-11-28,22022,HOU,1377.2577791047013,0,2022-23
2022-11-30,22022,HOU,1371.8597113033293,0,2022-23
2022-12-02,22022,HOU,1365.9117766003635,0,2022-23
2022-12-03,22022,HOU,1375.104634533605,0,2022-23
2022-12-05,22022,HOU,1369.3797659367674,1,2022-23
2022-12-08,22022,HOU,1384.316185702263,0,2022-23
2022-12-11,22022,HOU,1375.1065585591737,1,2022-23
2022-12-13,22022,HOU,1386.6801220668851,1,2022-23
2022-12-15,22022,HOU,1406.6449576158282,1,2022-23
2022-12-17,22022,HOU,1401.9131507903162,1,2022-23
2022-12-19,22022,HOU,1390.5988772286523,1,2022-23
2022-12-21,22022,HOU,1369.605309165922,1,2022-23
2022-12-23,22022,HOU,1362.0088896769369,1,2022-23
2022-12-26,22022,HOU,1357.2815426378547,0,2022-23
2022-12-27,22022,HOU,1380.65869904561,0,2022-23
2022-12-29,22022,HOU,1376.0003660335742,0,2022-23
2022-12-31,22022,HOU,1371.00953605675,1,2022-23
2023-01-02,22022,HOU,1360.752067571035,1,2022-23
2023-01-04,22022,HOU,1356.9226192883411,0,2022-23
2023-01-05,22022,HOU,1353.7031337639612,1,2022-23
2023-01-08,22022,HOU,1343.4542420291991,1,2022-23
2023-01-11,22022,HOU,1337.375025913307,0,2022-23
2023-01-13,22022,HOU,1330.9530356410196,0,2022-23
2023-01-15,22022,HOU,1323.91824509619,0,2022-23
2023-01-16,22022,HOU,1316.8948919264092,0,2022-23
2023-01-18,22022,HOU,1313.406061477157,1,2022-23
2023-01-21,22022,HOU,1306.8137625302938,0,2022-23
2023-01-23,22022,HOU,1303.4399958196375,1,2022-23
2023-01-25,22022,HOU,1314.4347287063138,1,2022-23
2023-01-26,22022,HOU,1310.36712704794,1,2022-23
2023-01-28,22022,HOU,1304.029982779568,0,2022-23
2023-02-01,22022,HOU,1312.0180414305084,1,2022-23
2023-02-03,22022,HOU,1325.111201710709,1,2022-23
2023-02-04,22022,HOU,1320.578902371556,0,2022-23
2023-02-06,22022,HOU,1313.2919643525377,1,2022-23
2023-02-08,22022,HOU,1304.504449815027,1,2022-23
2023-02-10,22022,HOU,1302.122085299814,0,2022-23
2023-02-13,22022,HOU,1300.8714580969083,0,2022-23
2023-02-15,22022,HOU,1297.7521274437613,0,2022-23
2023-02-24,22022,HOU,1290.5374374273863,0,2022-23
2023-02-26,22022,HOU,1286.7317347076532,0,2022-23
2023-02-28,22022,HOU,1280.7714481470468,1,2022-23
2023-03-01,22022,HOU,1276.305210398176,1,2022-23
2023-03-04,22022,HOU,1272.5325895363032,0,2022-23
2023-03-05,22022,HOU,1287.805619702736,1,2022-23
2023-03-07,22022,HOU,1306.6973792944716,1,2022-23
2023-03-09,22022,HOU,1297.389815538467,0,2022-23
2023-03-11,22022,HOU,1292.7308744239083,1,2022-23
2023-03-13,22022,HOU,1288.41843752023,1,2022-23
2023-03-15,22022,HOU,1298.739515003855,1,2022-23
2023-03-17,22022,HOU,1309.603633205202,1,2022-23
2023-03-19,22022,HOU,1316.1588114050512,1,2022-23
2023-03-20,22022,HOU,1308.5595547349576,1,2022-23
2023-03-22,22022,HOU,1302.3781405965883,0,2022-23
2023-03-24,22022,HOU,1300.9944021121096,0,2022-23
2023-03-26,22022,HOU,1296.0579669621166,0,2022-23
2023-03-27,22022,HOU,1293.7120464227155,0,2022-23
2023-03-29,22022,HOU,1289.9626854045982,0,2022-23
2023-03-31,22022,HOU,1287.093298770447,1,2022-23
2023-04-02,22022,HOU,1293.4543175846004,1,2022-23
2023-04-04,22022,HOU,1285.671154037954,1,2022-23
2023-04-07,22022,HOU,1319.3628239047705,0,2022-23
2023-04-09,22022,HOU,1327.23951143962,0,2022-23
2023-10-25,22023,HOU,1403.5276400758958,0,2023-24
2023-10-27,22023,HOU,1389.9407536794342,0,2023-24
2023-10-29,22023,HOU,1384.6784187520695,1,2023-24
2023-11-01,22023,HOU,1377.9835212646865,1,2023-24
2023-11-04,22023,HOU,1387.2323577019745,1,2023-24
2023-11-06,22023,HOU,1407.6816015811376,1,2023-24
2023-11-08,22023,HOU,1430.291153375546,1,2023-24
2023-11-10,22023,HOU,1457.9062848440287,1,2023-24
2023-11-12,22023,HOU,1463.1409337279035,1,2023-24
2023-11-17,22023,HOU,1470.3665588577617,0,2023-24
2023-11-19,22023,HOU,1464.7086213274365,0,2023-24
2023-11-20,22023,HOU,1461.970177441099,0,2023-24
2023-11-22,22023,HOU,1457.512360968435,1,2023-24
2023-11-24,22023,HOU,1471.6698163553976,1,2023-24
2023-11-28,22023,HOU,1489.851061349694,0,2023-24
2023-11-29,22023,HOU,1483.5995178923977,0,2023-24
2023-12-02,22023,HOU,1477.3792047642658,0,2023-24
2023-12-06,22023,HOU,1469.9251329568883,1,2023-24
2023-12-08,22023,HOU,1482.4196690486413,0,2023-24
2023-12-11,22023,HOU,1495.960422410522,1,2023-24
2023-12-13,22023,HOU,1499.6478583685348,1,2023-24
2023-12-15,22023,HOU,1507.4438357391427,0,2023-24
2023-12-17,22023,HOU,1515.0692036976536,0,2023-24
2023-12-18,22023,HOU,1509.442793957444,0,2023-24
2023-12-20,22023,HOU,1504.2790162672031,1,2023-24
2023-12-22,22023,HOU,1493.9738068453887,1,2023-24
2023-12-23,22023,HOU,1509.9996116148363,0,2023-24
2023-12-26,22023,HOU,1516.8644863525587,1,2023-24
2023-12-27,22023,HOU,1506.0821584914638,1,2023-24
2023-12-29,22023,HOU,1487.9753264607573,1,2023-24
2024-01-01,22023,HOU,1483.9516754404326,1,2023-24
2024-01-03,22023,HOU,1488.950800825503,1,2023-24
2024-01-05,22023,HOU,1496.7865940152406,1,2023-24
2024-01-06,22023,HOU,1480.0628249558506,1,2023-24
2024-01-08,22023,HOU,1488.3228507333563,0,2023-24
2024-01-10,22023,HOU,1482.7153634207411,0,2023-24
2024-01-12,22023,HOU,1477.018088709343,0,2023-24
2024-01-13,22023,HOU,1478.9692708528885,0,2023-24
2024-01-15,22023,HOU,1471.8755989256106,0,2023-24
2024-01-17,22023,HOU,1466.9584535185518,0,2023-24
2024-01-20,22023,HOU,1460.8194438974806,1,2023-24
2024-01-21,22023,HOU,1465.4671117155185,1,2023-24
2024-01-24,22023,HOU,1460.8985006071146,1,2023-24
2024-01-26,22023,HOU,1447.3963564098744,0,2023-24
2024-01-27,22023,HOU,1463.0972434285438,0,2023-24
2024-01-29,22023,HOU,1458.7684556343047,1,2023-24
2024-01-31,22023,HOU,1471.4032656007016,1,2023-24
2024-02-02,22023,HOU,1462.1793281213852,1,2023-24
2024-02-04,22023,HOU,1479.080637287838,0,2023-24
2024-02-06,22023,HOU,1471.6132651508256,0,2023-24
2024-02-09,22023,HOU,1468.0925174095048,0,2023-24
2024-02-10,22023,HOU,1462.6708891096407,0,2023-24
2024-02-12,22023,HOU,1454.2033125403032,1,2023-24
2024-02-14,22023,HOU,1460.813569374866,0,2023-24
2024-02-22,22023,HOU,1451.2313679191905,0,2023-24
2024-02-23,22023,HOU,1443.8938301759129,1,2023-24
2024-02-25,22023,HOU,1452.3409844126018,1,2023-24
2024-02-27,22023,HOU,1445.107325384553,0,2023-24
2024-02-29,22023,HOU,1440.2077201657864,0,2023-24
2024-03-02,22023,HOU,1437.1172041282366,0,2023-24
2024-03-05,22023,HOU,1454.50148243187,1,2023-24
2024-03-06,22023,HOU,1460.9633622293734,1,2023-24
2024-03-08,22023,HOU,1455.5365604443157,0,2023-24
2024-03-10,22023,HOU,1466.7496837233757,0,2023-24
2024-03-12,22023,HOU,1480.286678009289,0,2023-24
2024-03-14,22023,HOU,1484.0550896507395,1,2023-24
2024-03-16,22023,HOU,1488.64932720429,1,2023-24
2024-03-19,22023,HOU,1504.442747803332,0,2023-24
2024-03-21,22023,HOU,1512.698216231002,1,2023-24
2024-03-23,22023,HOU,1520.1740846500622,1,2023-24
2024-03-25,22023,HOU,1530.7611390098195,1,2023-24
2024-03-27,22023,HOU,1535.5529473840827,0,2023-24
2024-03-29,22023,HOU,1547.3032064327415,0,2023-24
2024-03-31,22023,HOU,1549.8376414868294,1,2023-24
2024-04-02,22023,HOU,1535.214806782758,0,2023-24
2024-04-04,22023,HOU,1531.1695634178186,1,2023-24
2024-04-05,22023,HOU,1513.754110248355,1,2023-24
2024-04-07,22023,HOU,1499.2238047113062,0,2023-24
2024-04-09,22023,HOU,1494.1804233974274,1,2023-24
2024-04-11,22023,HOU,1505.7173213913231,0,2023-24
2024-04-12,22023,HOU,1497.8077583306238,0,2023-24
2024-04-14,22023,HOU,1503.332568609194,0,2023-24
2024-10-23,22024,HOU,1510.9984346683602,1,2024-25
2024-10-25,22024,HOU,1499.2503430991526,1,2024-25
2024-10-26,22024,HOU,1507.976954777456,0,2024-25
2024-10-28,22024,HOU,1501.9408632113873,0,2024-25
2024-10-31,22024,HOU,1508.7407932441135,0,2024-25
2024-11-02,22024,HOU,1519.5921268656073,1,2024-25
2024-11-04,22024,HOU,1512.8344613829454,1,2024-25
2024-11-06,22024,HOU,1525.2766454483751,1,2024-25
2024-11-08,22024,HOU,1537.5587703227795,0,2024-25
2024-11-10,22024,HOU,1529.49274106539,0,2024-25
2024-11-11,22024,HOU,1533.11856488158,1,2024-25
2024-11-13,22024,HOU,1537.4654047369368,1,2024-25
2024-11-15,22024,HOU,1544.9058954869856,1,2024-25
2024-11-17,22024,HOU,1557.9675546735375,0,2024-25
2024-11-18,22024,HOU,1578.3978400444075,0,2024-25
2024-11-20,22024,HOU,1573.4884096256735,1,2024-25
2024-11-22,22024,HOU,1582.4253607194746,1,2024-25
2024-11-23,22024,HOU,1589.8411437900966,1,2024-25
2024-11-26,22024,HOU,1574.4123694304878,0,2024-25
2024-11-27,22024,HOU,1582.715808199993,0,2024-25
2024-12-01,22024,HOU,1587.7556072325676,1,2024-25
2024-12-03,22024,HOU,1593.9018031778674,0,2024-25
2024-12-05,22024,HOU,1582.3149359095994,0,2024-25
2024-12-08,22024,HOU,1575.9303076756123,0,2024-25
2024-12-11,22024,HOU,1587.5625127233254,1,2024-25
2024-12-14,22024,HOU,1590.7618507450454,0,2024-25
2024-12-19,22024,HOU,1583.3908065295218,1,2024-25
2024-12-22,22024,HOU,1588.0782626536534,0,2024-25
2024-12-23,22024,HOU,1591.1679517961604,0,2024-25
2024-12-26,22024,HOU,1596.0508894063712,0,2024-25
2024-12-27,22024,HOU,1602.2716227325675,1,2024-25
2024-12-29,22024,HOU,1596.6679323067185,1,2024-25
2025-01-01,22024,HOU,1587.811060784794,1,2024-25
2025-01-03,22024,HOU,1596.5313060682074,1,2024-25
2025-01-05,22024,HOU,1579.419135894505,1,2024-25
2025-01-07,22024,HOU,1583.5126449441786,0,2024-25
2025-01-09,22024,HOU,1589.231503577853,0,2024-25
2025-01-13,22024,HOU,1596.6425043402894,1,2024-25
2025-01-15,22024,HOU,1600.3995934238935,0,2024-25
2025-01-16,22024,HOU,1621.270497044669,0,2024-25
2025-01-18,22024,HOU,1613.7027253292422,0,2024-25
2025-01-20,22024,HOU,1619.6290527122435,1,2024-25
2025-01-22,22024,HOU,1599.612231960674,1,2024-25
2025-01-25,22024,HOU,1604.1116290082591,0,2024-25
2025-01-27,22024,HOU,1613.1932206852016,0,2024-25
2025-01-28,22024,HOU,1619.4445858348115,0,2024-25
2025-01-30,22024,HOU,1623.2823574858958,0,2024-25
2025-02-01,22024,HOU,1619.6064300216071,1,2024-25
2025-02-03,22024,HOU,1592.3559260846594,0,2024-25
2025-02-04,22024,HOU,1586.4282375565028,0,2024-25
2025-02-06,22024,HOU,1578.4097535443234,0,2024-25
2025-02-08,22024,HOU,1569.0625975816529,0,2024-25
2025-02-09,22024,HOU,1558.2216157834869,1,2024-25
2025-02-12,22024,HOU,1561.661784158916,1,2024-25
2025-02-13,22024,HOU,1566.9236797846354,1,2024-25
2025-02-21,22024,HOU,1554.4443503285963,1,2024-25
2025-02-22,22024,HOU,1562.4593369251506,0,2024-25
2025-02-25,22024,HOU,1547.428243579266,1,2024-25
2025-02-26,22024,HOU,1551.5415349787577,1,2024-25
2025-03-01,22024,HOU,1557.1514259694252,1,2024-25
2025-03-03,22024,HOU,1542.5162894618525,0,2024-25
2025-03-04,22024,HOU,1539.5289124407948,0,2024-25
2025-03-06,22024,HOU,1530.689871590252,0,2024-25
2025-03-08,22024,HOU,1538.403279008037,1,2024-25
2025-03-10,22024,HOU,1546.5186626715483,1,2024-25
2025-03-12,22024,HOU,1552.045320588272,1,2024-25
2025-03-14,22024,HOU,1556.4571475018547,1,2024-25
2025-03-15,22024,HOU,1569.3014613697635,1,2024-25
2025-03-17,22024,HOU,1571.8336891739098,1,2024-25
2025-03-19,22024,HOU,1574.4817442191218,0,2024-25
2025-03-21,22024,HOU,1580.9917568090298,0,2024-25
2025-03-23,22024,HOU,1584.7409738822323,1,2024-25
2025-03-25,22024,HOU,1576.532504220115,1,2024-25
2025-03-27,22024,HOU,1580.8755007375955,0,2024-25
2025-03-30,22024,HOU,1584.9171221786492,0,2024-25
2025-03-31,22024,HOU,1606.9009923170004,0,2024-25
2025-04-02,22024,HOU,1598.5071954084206,1,2024-25
2025-04-04,22024,HOU,1603.1294974497516,1,2024-25
2025-04-06,22024,HOU,1623.505917929805,0,2024-25
2025-04-09,22024,HOU,1635.3140817779822,0,2024-25
2025-04-11,22024,HOU,1622.9932491242391,0,2024-25
2025-04-13,22024,HOU,1601.7202987343005,1,2024-25
2025-10-21,22025,HOU,1550.500312575558,0,2025-26
2025-10-24,22025,HOU,1548.352033842239,1,2025-26
2025-10-27,22025,HOU,1540.2323472663672,1,2025-26
2025-10-29,22025,HOU,1547.3512732003717,0,2025-26
2025-11-01,22025,HOU,1559.2247143204986,0,2025-26
2025-11-03,22025,HOU,1587.2720490948875,1,2025-26
2025-11-05,22025,HOU,1590.6757778837489,0,2025-26
2025-11-07,22025,HOU,1601.4909131293966,0,2025-26
2025-11-09,22025,HOU,1588.0607032064738,0,2025-26
2025-11-12,22025,HOU,1597.0972132380791,1,2025-26
2025-11-14,22025,HOU,1600.2169344266474,1,2025-26
2025-11-16,22025,HOU,1611.524402167022,1,2025-26
2025-11-19,22025,HOU,1615.0714170241658,0,2025-26
2025-11-21,22025,HOU,1626.9791447427194,1,2025-26
2025-11-24,22025,HOU,1620.4538843804607,0,2025-26
2025-11-26,22025,HOU,1636.119735329419,0,2025-26
2025-11-30,22025,HOU,1641.624852604227,0,2025-26
2025-12-01,22025,HOU,1649.6814126454444,0,2025-26
2025-12-03,22025,HOU,1632.1332461902832,1,2025-26
2025-12-05,22025,HOU,1637.2147490613695,1,2025-26
2025-12-06,22025,HOU,1645.780091680878,0,2025-26
2025-12-11,22025,HOU,1625.1051079550405,1,2025-26
2025-12-15,22025,HOU,1627.048993291064,0,2025-26
2025-12-18,22025,HOU,1622.6255370539134,0,2025-26
2025-12-20,22025,HOU,1609.1097681356698,0,2025-26
2025-12-21,22025,HOU,1626.418771935911,0,2025-26
2025-12-23,22025,HOU,1619.2027613314317,0,2025-26
2025-12-25,22025,HOU,1596.1361990428084,0,2025-26
2025-12-27,22025,HOU,1613.544782976536,1,2025-26
2025-12-29,22025,HOU,1621.5982470276329,1,2025-26
2026-01-01,22025,HOU,1623.3546496890897,0,2025-26
2026-01-03,22025,HOU,1633.2254170999204,0,2025-26
2026-01-05,22025,HOU,1620.0908502540826,1,2025-26
2026-01-07,22025,HOU,1623.7030813818108,0,2025-26
2026-01-09,22025,HOU,1618.3105413131705,0,2025-26
2026-01-11,22025,HOU,1608.3307102239037,0,2025-26
2026-01-13,22025,HOU,1584.934531425773,1,2025-26
2026-01-15,22025,HOU,1588.0873450751697,1,2025-26
2026-01-16,22025,HOU,1575.0268974763987,1,2025-26
2026-01-18,22025,HOU,1581.847471164519,1,2025-26
2026-01-20,22025,HOU,1584.2880262894037,1,2025-26
2026-01-22,22025,HOU,1590.5775312217145,0,2025-26
2026-01-23,22025,HOU,1581.2740426189805,0,2025-26
2026-01-26,22025,HOU,1593.3026403894648,1,2025-26
2026-01-28,22025,HOU,1597.826716571502,1,2025-26
2026-01-29,22025,HOU,1583.288524005563,0,2025-26
2026-01-31,22025,HOU,1597.0180848396956,1,2025-26
2026-02-02,22025,HOU,1599.61947295091,0,2025-26
2026-02-04,22025,HOU,1602.692267400372,1,2025-26
2026-02-05,22025,HOU,1584.2013929206482,1,2025-26
2026-02-07,22025,HOU,1571.563041314074,0,2025-26
2026-02-10,22025,HOU,1584.4386258871075,1,2025-26
2026-02-11,22025,HOU,1590.4163449426055,1,2025-26
2026-02-19,22025,HOU,1582.698229188668,0,2025-26
2026-02-21,22025,HOU,1590.457411009169,0,2025-26
2026-02-23,22025,HOU,1586.6610657767833,1,2025-26
2026-02-25,22025,HOU,1590.7330350068491,1,2025-26
2026-02-26,22025,HOU,1595.2374178731184,0,2025-26
2026-02-28,22025,HOU,1601.073984597411,0,2025-26
2026-03-02,22025,HOU,1589.719415216441,0,2025-26
2026-03-05,22025,HOU,1592.0994968822788,1,2025-26
2026-03-06,22025,HOU,1584.4362582348538,1,2025-26
2026-03-08,22025,HOU,1588.5547085047508,0,2025-26
2026-03-10,22025,HOU,1578.564336218503,1,2025-26
2026-03-11,22025,HOU,1586.901137666997,0,2025-26
2026-03-13,22025,HOU,1563.12090847708,1,2025-26
2026-03-16,22025,HOU,1565.2738824195276,1,2025-26
2026-03-18,22025,HOU,1554.616340330978,1,2025-26
2026-03-20,22025,HOU,1544.706341625604,1,2025-26
2026-03-21,22025,HOU,1560.1322182180754,1,2025-26
2026-03-23,22025,HOU,1563.284520116984,0,2025-26
2026-03-25,22025,HOU,1549.2931988342348,0,2025-26
2026-03-27,22025,HOU,1545.464074005847,0,2025-26
2026-03-29,22025,HOU,1551.2325467350952,0,2025-26
2026-03-31,22025,HOU,1569.4148865297452,1,2025-26
2026-04-01,22025,HOU,1585.1977409317226,1,2025-26
2026-04-03,22025,HOU,1587.2853727791926,1,2025-26
2026-04-05,22025,HOU,1591.4307163859714,0,2025-26
2026-04-07,22025,HOU,1594.171212461208,0,2025-26
2026-04-09,22025,HOU,1606.3015913348563,1,2025-26
2026-04-10,22025,HOU,1612.0992565082208,1,2025-26
2026-04-12,22025,HOU,1602.5214488507402,1,2025-26
2020-12-23,22020,IND,1500.0,1,2020-21
2020-12-26,22020,IND,1510.5994354915,0,2020-21
2020-12-27,22020,IND,1527.58218699496,1,2020-21
2020-12-29,22020,IND,1530.3006465446929,1,2020-21
2020-12-31,22020,IND,1520.410452217213,1,2020-21
2021-01-02,22020,IND,1533.9037572265129,1,2020-21
2021-01-04,22020,IND,1525.186766692879,0,2020-21
2021-01-06,22020,IND,1530.952862016894,1,2020-21
2021-01-09,22020,IND,1536.614552370703,1,2020-21
2021-01-11,22020,IND,1525.8643554769565,0,2020-21
2021-01-12,22020,IND,1517.6904895685116,0,2020-21
2021-01-14,22020,IND,1528.400158956066,0,2020-21
2021-01-17,22020,IND,1550.3207541971046,0,2020-21
2021-01-20,22020,IND,1530.058268948227,1,2020-21
2021-01-22,22020,IND,1515.0027690647746,1,2020-21
2021-01-24,22020,IND,1518.0160957919693,1,2020-21
2021-01-25,22020,IND,1509.271757186612,1,2020-21
2021-01-27,22020,IND,1520.5634659659736,0,2020-21
2021-01-29,22020,IND,1531.2887162907307,0,2020-21
2021-01-31,22020,IND,1525.440538950843,1,2020-21
2021-02-02,22020,IND,1514.7855602506509,1,2020-21
2021-02-03,22020,IND,1529.2941471874235,0,2020-21
2021-02-05,22020,IND,1517.7866907023615,1,2020-21
2021-02-07,22020,IND,1512.3709542144084,1,2020-21
2021-02-10,22020,IND,1505.4226985730736,0,2020-21
2021-02-11,22020,IND,1497.2195105164983,0,2020-21
2021-02-13,22020,IND,1511.1596913712287,0,2020-21
2021-02-15,22020,IND,1524.093424132101,1,2020-21
2021-02-17,22020,IND,1511.5299297952497,0,2020-21
2021-02-24,22020,IND,1517.1438587112548,1,2020-21
2021-02-26,22020,IND,1509.7997141970934,0,2020-21
2021-02-27,22020,IND,1502.7085511989114,0,2020-21
2021-03-01,22020,IND,1498.0057127517048,0,2020-21
2021-03-03,22020,IND,1488.9146981630545,0,2020-21
2021-03-04,22020,IND,1493.735636439338,1,2020-21
2021-03-12,22020,IND,1485.3461827810888,0,2020-21
2021-03-13,22020,IND,1481.3596778968451,0,2020-21
2021-03-15,22020,IND,1501.23459430328,0,2020-21
2021-03-17,22020,IND,1493.7488923613516,1,2020-21
2021-03-19,22020,IND,1485.9924649478128,0,2020-21
2021-03-21,22020,IND,1513.5424382332524,0,2020-21
2021-03-22,22020,IND,1519.918219905481,0,2020-21
2021-03-24,22020,IND,1508.171038832564,1,2020-21
2021-03-26,22020,IND,1512.2687806495385,0,2020-21
2021-03-29,22020,IND,1531.3345030121595,0,2020-21
2021-03-31,22020,IND,1520.1491955936692,1,2020-21
2021-04-02,22020,IND,1510.901247523427,1,2020-21
2021-04-03,22020,IND,1493.006571988159,0,2020-21
2021-04-06,22020,IND,1501.5422220259516,1,2020-21
2021-04-07,22020,IND,1482.4055278327126,1,2020-21
2021-04-09,22020,IND,1485.260683406962,0,2020-21
2021-04-11,22020,IND,1490.825795886475,0,2020-21
2021-04-13,22020,IND,1503.3850100915254,1,2020-21
2021-04-14,22020,IND,1495.4268158589389,0,2020-21
2021-04-16,22020,IND,1500.8798653966137,0,2020-21
2021-04-18,22020,IND,1497.4478552593057,0,2020-21
2021-04-19,22020,IND,1489.8937117561222,1,2020-21
2021-04-21,22020,IND,1473.5359603530296,1,2020-21
2021-04-24,22020,IND,1476.2544318963342,1,2020-21
2021-04-25,22020,IND,1480.8200201498755,0,2020-21
2021-04-27,22020,IND,1490.8782673298738,1,2020-21
2021-04-29,22020,IND,1469.8943040733782,1,2020-21
2021-05-01,22020,IND,1459.2404933257883,0,2020-21
2021-05-03,22020,IND,1480.1282676782346,0,2020-21
2021-05-05,22020,IND,1470.7631051860385,1,2020-21
2021-05-06,22020,IND,1456.1670973960415,1,2020-21
2021-05-08,22020,IND,1466.5384289726044,1,2020-21
2021-05-10,22020,IND,1462.4108425520974,0,2020-21
2021-05-11,22020,IND,1468.9430269968834,1,2020-21
2021-05-13,22020,IND,1483.1753343565613,1,2020-21
2021-05-15,22020,IND,1475.6065251844643,1,2020-21
2021-05-16,22020,IND,1467.4257932124026,0,2020-21
2021-10-20,22021,IND,1487.9096865353304,0,2021-22
2021-10-22,22021,IND,1484.166520287728,0,2021-22
2021-10-23,22021,IND,1481.3388928874929,1,2021-22
2021-10-25,22021,IND,1493.4465757787482,1,2021-22
2021-10-27,22021,IND,1483.657527854115,0,2021-22
2021-10-29,22021,IND,1469.766710580537,0,2021-22
2021-10-30,22021,IND,1464.4483605395812,1,2021-22
2021-11-01,22021,IND,1457.9993194772985,1,2021-22
2021-11-03,22021,IND,1469.0101223906074,1,2021-22
2021-11-05,22021,IND,1483.2444621869158,0,2021-22
2021-11-07,22021,IND,1479.306595045615,0,2021-22
2021-11-10,22021,IND,1486.1799445801971,0,2021-22
2021-11-11,22021,IND,1483.067993229663,0,2021-22
2021-11-13,22021,IND,1502.5557727328455,1,2021-22
2021-11-15,22021,IND,1510.1363464578135,0,2021-22
2021-11-17,22021,IND,1503.1480652914745,0,2021-22
2021-11-19,22021,IND,1490.8685205098925,0,2021-22
2021-11-20,22021,IND,1486.2514496687688,1,2021-22
2021-11-22,22021,IND,1495.141633340229,0,2021-22
2021-11-24,22021,IND,1530.2000644551665,1,2021-22
2021-11-26,22021,IND,1516.6881079351342,1,2021-22
2021-11-28,22021,IND,1527.7078658863293,1,2021-22
2021-11-29,22021,IND,1511.7147047304668,0,2021-22
2021-12-01,22021,IND,1507.5550333457215,1,2021-22
2021-12-03,22021,IND,1501.924381805649,1,2021-22
2021-12-06,22021,IND,1491.714569376932,1,2021-22
2021-12-08,22021,IND,1497.8729175320034,1,2021-22
2021-12-10,22021,IND,1512.1079513625896,1,2021-22
2021-12-13,22021,IND,1521.784007102118,1,2021-22
2021-12-15,22021,IND,1518.2529703323532,0,2021-22
2021-12-16,22021,IND,1509.8986011209302,1,2021-22
2021-12-21,22021,IND,1513.045779027337,0,2021-22
2021-12-23,22021,IND,1496.7578923234848,1,2021-22
2021-12-26,22021,IND,1501.942039432612,0,2021-22
2021-12-29,22021,IND,1495.704404429895,1,2021-22
2021-12-31,22021,IND,1484.8958769026335,1,2021-22
2022-01-02,22021,IND,1480.6756340104337,0,2021-22
2022-01-04,22021,IND,1477.0515416304356,0,2021-22
2022-01-05,22021,IND,1468.3248051043508,1,2021-22
2022-01-08,22021,IND,1460.4155506221157,1,2021-22
2022-01-10,22021,IND,1479.296665163683,0,2021-22
2022-01-12,22021,IND,1475.5566164362865,1,2021-22
2022-01-14,22021,IND,1460.1334144049354,1,2021-22
2022-01-17,22021,IND,1451.3538103733606,0,2021-22
2022-01-19,22021,IND,1445.108937886447,0,2021-22
2022-01-20,22021,IND,1455.9086848067384,0,2021-22
2022-01-22,22021,IND,1467.902128834428,0,2021-22
2022-01-24,22021,IND,1464.6769149633944,0,2021-22
2022-01-26,22021,IND,1459.5786535986354,1,2021-22
2022-01-28,22021,IND,1436.222503995108,0,2021-22
2022-01-29,22021,IND,1440.9431714538648,0,2021-22
2022-01-31,22021,IND,1432.4869503205189,1,2021-22
2022-02-02,22021,IND,1440.5675570477647,1,2021-22
2022-02-04,22021,IND,1433.9608408768386,1,2021-22
2022-02-06,22021,IND,1426.1862576745962,0,2021-22
2022-02-08,22021,IND,1420.8970246125798,0,2021-22
2022-02-11,22021,IND,1411.575074152411,1,2021-22
2022-02-13,22021,IND,1406.3979955488255,1,2021-22
2022-02-15,22021,IND,1399.5653468268188,0,2021-22
2022-02-16,22021,IND,1395.5788685262833,1,2021-22
2022-02-25,22021,IND,1401.874882918512,1,2021-22
2022-02-27,22021,IND,1393.057622030298,1,2021-22
2022-02-28,22021,IND,1424.7246437990775,0,2021-22
2022-03-02,22021,IND,1408.4475231322665,0,2021-22
2022-03-04,22021,IND,1417.2260128417663,0,2021-22
2022-03-06,22021,IND,1409.325864370149,0,2021-22
2022-03-08,22021,IND,1401.0464699286383,1,2021-22
2022-03-12,22021,IND,1396.9054829779468,0,2021-22
2022-03-13,22021,IND,1413.110408628536,0,2021-22
2022-03-15,22021,IND,1410.344381759744,1,2021-22
2022-03-18,22021,IND,1398.5983732029104,0,2021-22
2022-03-20,22021,IND,1403.1261189330226,1,2021-22
2022-03-23,22021,IND,1418.7978818806312,1,2021-22
2022-03-24,22021,IND,1413.1327550831936,0,2021-22
2022-03-26,22021,IND,1406.687440969379,0,2021-22
2022-03-28,22021,IND,1395.5536220366505,1,2021-22
2022-03-30,22021,IND,1388.4655250174344,1,2021-22
2022-04-01,22021,IND,1383.596198029582,0,2021-22
2022-04-03,22021,IND,1382.3095784476034,1,2021-22
2022-04-05,22021,IND,1374.7927255313489,1,2021-22
2022-04-09,22021,IND,1369.99814968223,0,2021-22
2022-04-10,22021,IND,1366.4615203595934,0,2021-22
2022-10-19,22022,IND,1417.8114319941465,1,2022-23
2022-10-21,22022,IND,1408.885958721222,1,2022-23
2022-10-22,22022,IND,1403.505215763107,1,2022-23
2022-10-24,22022,IND,1411.862949027341,0,2022-23
2022-10-26,22022,IND,1405.6551654884809,0,2022-23
2022-10-28,22022,IND,1397.6637482383596,0,2022-23
2022-10-29,22022,IND,1413.02094955327,0,2022-23
2022-10-31,22022,IND,1427.531640328741,0,2022-23
2022-11-04,22022,IND,1421.801253608733,1,2022-23
2022-11-07,22022,IND,1427.7366891680354,1,2022-23
2022-11-09,22022,IND,1438.4365868453838,1,2022-23
2022-11-12,22022,IND,1433.8631285921174,1,2022-23
2022-11-16,22022,IND,1450.1715472918752,0,2022-23
2022-11-18,22022,IND,1463.9540844045175,0,2022-23
2022-11-19,22022,IND,1471.462664738512,1,2022-23
2022-11-21,22022,IND,1473.9233778695911,1,2022-23
2022-11-23,22022,IND,1484.010978297658,1,2022-23
2022-11-25,22022,IND,1470.587092367444,1,2022-23
2022-11-27,22022,IND,1481.6866306110594,0,2022-23
2022-11-28,22022,IND,1471.3602153707957,0,2022-23
2022-11-30,22022,IND,1475.8443846699302,0,2022-23
2022-12-02,22022,IND,1461.4300870327518,0,2022-23
2022-12-04,22022,IND,1451.2078696510544,0,2022-23
2022-12-05,22022,IND,1438.1919405360957,0,2022-23
2022-12-07,22022,IND,1453.4221951137529,0,2022-23
2022-12-09,22022,IND,1448.0041324722629,1,2022-23
2022-12-10,22022,IND,1456.6263503319608,1,2022-23
2022-12-12,22022,IND,1451.642429702497,1,2022-23
2022-12-14,22022,IND,1444.250223102753,1,2022-23
2022-12-16,22022,IND,1453.5399136406663,0,2022-23
2022-12-18,22022,IND,1449.6988191817925,1,2022-23
2022-12-21,22022,IND,1445.2615136723502,0,2022-23
2022-12-23,22022,IND,1458.783978646585,0,2022-23
2022-12-26,22022,IND,1466.307311181282,0,2022-23
2022-12-27,22022,IND,1457.8945824429134,1,2022-23
2022-12-29,22022,IND,1470.9325551552904,1,2022-23
2022-12-31,22022,IND,1482.2979034210448,1,2022-23
2023-01-02,22022,IND,1486.1516740946677,1,2022-23
2023-01-04,22022,IND,1493.904181340507,0,2022-23
2023-01-06,22022,IND,1490.9510545107837,1,2022-23
2023-01-08,22022,IND,1498.0662047625865,1,2022-23
2023-01-11,22022,IND,1501.9687725529172,0,2022-23
2023-01-13,22022,IND,1496.908597013695,1,2022-23
2023-01-14,22022,IND,1490.4695436557254,1,2022-23
2023-01-16,22022,IND,1479.7252124475674,0,2022-23
2023-01-18,22022,IND,1470.5750799777325,0,2022-23
2023-01-20,22022,IND,1460.2629441171734,0,2022-23
2023-01-21,22022,IND,1453.2496527931485,0,2022-23
2023-01-24,22022,IND,1448.279377018654,1,2022-23
2023-01-25,22022,IND,1456.6288237322933,0,2022-23
2023-01-27,22022,IND,1449.8077615735472,1,2022-23
2023-01-29,22022,IND,1440.652591488523,0,2022-23
2023-02-02,22022,IND,1435.8002329217554,1,2022-23
2023-02-03,22022,IND,1431.66694085353,1,2022-23
2023-02-05,22022,IND,1438.5418402324965,1,2022-23
2023-02-08,22022,IND,1427.2386676849933,0,2022-23
2023-02-10,22022,IND,1423.6903020372574,1,2022-23
2023-02-11,22022,IND,1413.3752262758824,0,2022-23
2023-02-13,22022,IND,1405.9837672972378,1,2022-23
2023-02-15,22022,IND,1398.7203002456945,1,2022-23
2023-02-23,22022,IND,1405.9247123323655,1,2022-23
2023-02-25,22022,IND,1402.953827342065,0,2022-23
2023-02-28,22022,IND,1421.0303093625555,0,2022-23
2023-03-02,22022,IND,1428.4265232795449,0,2022-23
2023-03-05,22022,IND,1413.546263996671,0,2022-23
2023-03-06,22022,IND,1422.0059425454783,1,2022-23
2023-03-09,22022,IND,1418.3695043518317,1,2022-23
2023-03-11,22022,IND,1423.0284454663902,0,2022-23
2023-03-13,22022,IND,1428.9241769736589,0,2022-23
2023-03-16,22022,IND,1407.4225099593482,0,2022-23
2023-03-18,22022,IND,1439.0267247036877,1,2022-23
2023-03-20,22022,IND,1430.9697649863208,0,2022-23
2023-03-22,22022,IND,1423.2347243329866,0,2022-23
2023-03-24,22022,IND,1433.6618091554678,0,2022-23
2023-03-25,22022,IND,1427.3814913481174,0,2022-23
2023-03-27,22022,IND,1419.6608416941422,1,2022-23
2023-03-29,22022,IND,1400.9957095237553,1,2022-23
2023-03-31,22022,IND,1395.4316930736434,1,2022-23
2023-04-02,22022,IND,1403.2726296787523,0,2022-23
2023-04-05,22022,IND,1399.8765381399712,1,2022-23
2023-04-07,22022,IND,1394.6748410933444,1,2022-23
2023-04-09,22022,IND,1380.0785770480013,0,2022-23
2023-10-25,22023,IND,1436.8191749848334,1,2023-24
2023-10-28,22023,IND,1453.3906039865117,0,2023-24
2023-10-30,22023,IND,1472.027631394402,1,2023-24
2023-11-01,22023,IND,1462.6255345899683,0,2023-24
2023-11-03,22023,IND,1449.7013845882605,1,2023-24
2023-11-04,22023,IND,1457.4896753033554,1,2023-24
2023-11-06,22023,IND,1451.824931243319,1,2023-24
2023-11-08,22023,IND,1470.1797262889004,1,2023-24
2023-11-09,22023,IND,1479.6508490158558,1,2023-24
2023-11-12,22023,IND,1484.7175382183,0,2023-24
2023-11-14,22023,IND,1479.661240895925,0,2023-24
2023-11-19,22023,IND,1493.307127922155,1,2023-24
2023-11-21,22023,IND,1479.4683790176082,0,2023-24
2023-11-22,22023,IND,1488.9770400206144,1,2023-24
2023-11-24,22023,IND,1484.4244746987165,1,2023-24
2023-11-27,22023,IND,1491.847890421846,1,2023-24
2023-11-30,22023,IND,1480.823057892016,0,2023-24
2023-12-02,22023,IND,1474.3432823565336,0,2023-24
2023-12-04,22023,IND,1494.6063200289434,1,2023-24
2023-12-07,22023,IND,1509.6254968891212,0,2023-24
2023-12-11,22023,IND,1524.6484851436558,0,2023-24
2023-12-13,22023,IND,1528.491190243009,0,2023-24
2023-12-15,22023,IND,1520.143776060913,0,2023-24
2023-12-16,22023,IND,1501.2524570017654,0,2023-24
2023-12-18,22023,IND,1493.6230412220152,1,2023-24
2023-12-20,22023,IND,1477.400879583827,1,2023-24
2023-12-21,22023,IND,1487.596105430346,0,2023-24
2023-12-23,22023,IND,1474.8228988714227,1,2023-24
2023-12-26,22023,IND,1466.1487784963645,0,2023-24
2023-12-28,22023,IND,1476.9311063574594,0,2023-24
2023-12-30,22023,IND,1494.3402356512884,1,2023-24
2024-01-01,22023,IND,1507.7844954287546,0,2023-24
2024-01-03,22023,IND,1524.566270994586,1,2023-24
2024-01-05,22023,IND,1538.2518689623305,1,2023-24
2024-01-06,22023,IND,1554.0288214628615,1,2023-24
2024-01-08,22023,IND,1544.5054929900512,1,2023-24
2024-01-10,22023,IND,1551.7194074716697,1,2023-24
2024-01-12,22023,IND,1554.190618599319,0,2023-24
2024-01-14,22023,IND,1567.8079251091558,0,2023-24
2024-01-15,22023,IND,1561.0070981103463,0,2023-24
2024-01-18,22023,IND,1542.7646062861722,0,2023-24
2024-01-19,22023,IND,1550.1179897693455,0,2023-24
2024-01-21,22023,IND,1540.609215600341,0,2023-24
2024-01-23,22023,IND,1533.820897604831,1,2023-24
2024-01-25,22023,IND,1527.2728822503716,1,2023-24
2024-01-26,22023,IND,1540.3012315895464,1,2023-24
2024-01-28,22023,IND,1544.8112973270984,1,2023-24
2024-01-30,22023,IND,1549.4406987296798,0,2023-24
2024-02-01,22023,IND,1546.423216026704,0,2023-24
2024-02-02,22023,IND,1543.1998168743617,1,2023-24
2024-02-04,22023,IND,1528.9395276896782,0,2023-24
2024-02-06,22023,IND,1534.3138215325623,1,2023-24
2024-02-08,22023,IND,1537.834569273883,1,2023-24
2024-02-10,22023,IND,1516.4170938296286,0,2023-24
2024-02-12,22023,IND,1537.1269540549422,0,2023-24
2024-02-14,22023,IND,1518.3804809643368,0,2023-24
2024-02-22,22023,IND,1521.9540240716424,1,2023-24
2024-02-25,22023,IND,1525.457137457687,1,2023-24
2024-02-26,22023,IND,1541.6055446020523,1,2023-24
2024-02-28,22023,IND,1526.1042915988205,1,2023-24
2024-03-01,22023,IND,1536.592165168259,0,2023-24
2024-03-03,22023,IND,1523.073403234132,0,2023-24
2024-03-05,22023,IND,1505.0802147579336,0,2023-24
2024-03-07,22023,IND,1523.8119721230462,1,2023-24
2024-03-10,22023,IND,1520.168346531421,0,2023-24
2024-03-12,22023,IND,1535.929096025725,0,2023-24
2024-03-13,22023,IND,1551.9446438651207,1,2023-24
2024-03-16,22023,IND,1543.5066130524594,1,2023-24
2024-03-18,22023,IND,1552.7687543104516,1,2023-24
2024-03-20,22023,IND,1545.1939474085875,0,2023-24
2024-03-22,22023,IND,1552.3584063957544,0,2023-24
2024-03-24,22023,IND,1566.7154855105018,0,2023-24
2024-03-25,22023,IND,1560.1863067929146,0,2023-24
2024-03-27,22023,IND,1576.9728928776765,0,2023-24
2024-03-29,22023,IND,1552.157751913438,1,2023-24
2024-04-01,22023,IND,1565.4778712442185,1,2023-24
2024-04-03,22023,IND,1573.4240407536388,0,2023-24
2024-04-05,22023,IND,1564.6838972776336,1,2023-24
2024-04-07,22023,IND,1577.0530504069511,1,2023-24
2024-04-09,22023,IND,1580.719586096886,0,2023-24
2024-04-12,22023,IND,1586.500501329,0,2023-24
2024-04-14,22023,IND,1576.0105651899307,1,2023-24
2024-10-23,22024,IND,1554.039989694273,0,2024-25
2024-10-25,22024,IND,1558.659847684405,0,2024-25
2024-10-27,22024,IND,1542.4926041582976,1,2024-25
2024-10-28,22024,IND,1533.5706402856376,0,2024-25
2024-10-30,22024,IND,1528.1959981469977,1,2024-25
2024-11-01,22024,IND,1535.5831246564546,0,2024-25
2024-11-04,22024,IND,1528.149684618468,0,2024-25
2024-11-06,22024,IND,1539.3625790187868,1,2024-25
2024-11-08,22024,IND,1545.2091327530404,0,2024-25
2024-11-10,22024,IND,1521.905532132393,1,2024-25
2024-11-13,22024,IND,1532.8470552396457,0,2024-25
2024-11-15,22024,IND,1527.4839671861273,1,2024-25
2024-11-17,22024,IND,1511.9996374652198,1,2024-25
2024-11-18,22024,IND,1520.434227583491,0,2024-25
2024-11-20,22024,IND,1503.8123808540888,0,2024-25
2024-11-22,22024,IND,1494.875429760288,0,2024-25
2024-11-24,22024,IND,1484.9938193025212,1,2024-25
2024-11-25,22024,IND,1489.0076742692406,1,2024-25
2024-11-27,22024,IND,1492.9758450239265,1,2024-25
2024-11-29,22024,IND,1497.5946961506618,1,2024-25
2024-12-01,22024,IND,1467.8649485288613,0,2024-25
2024-12-03,22024,IND,1459.133933124707,0,2024-25
2024-12-04,22024,IND,1447.5200291441022,0,2024-25
2024-12-06,22024,IND,1438.9258235731925,0,2024-25
2024-12-08,22024,IND,1451.7757787264495,1,2024-25
2024-12-13,22024,IND,1441.843341730789,0,2024-25
2024-12-15,22024,IND,1457.5325804216398,1,2024-25
2024-12-19,22024,IND,1465.1124235535733,0,2024-25
2024-12-22,22024,IND,1479.59772920794,0,2024-25
2024-12-23,22024,IND,1506.057941121918,0,2024-25
2024-12-26,22024,IND,1516.6117027745918,1,2024-25
2024-12-27,22024,IND,1512.2612030964056,0,2024-25
2024-12-29,22024,IND,1501.4660736168848,0,2024-25
2024-12-31,22024,IND,1519.7861882262548,1,2024-25
2025-01-02,22024,IND,1508.7684012607976,0,2024-25
2025-01-04,22024,IND,1525.7075578800695,1,2024-25
2025-01-06,22024,IND,1536.4793543259193,0,2024-25
2025-01-08,22024,IND,1544.666464542683,1,2024-25
2025-01-10,22024,IND,1552.724222385679,1,2024-25
2025-01-12,22024,IND,1560.4288309435185,0,2024-25
2025-01-14,22024,IND,1583.5572964053902,1,2024-25
2025-01-16,22024,IND,1574.3737431644072,0,2024-25
2025-01-18,22024,IND,1583.8117698158933,1,2024-25
2025-01-23,22024,IND,1589.0206998631488,1,2024-25
2025-01-25,22024,IND,1550.8441720325895,0,2024-25
2025-01-29,22024,IND,1576.0255173181472,1,2024-25
2025-02-01,22024,IND,1583.126917738627,1,2024-25
2025-02-03,22024,IND,1586.143275862132,0,2024-25
2025-02-04,22024,IND,1588.1791833918644,0,2024-25
2025-02-06,22024,IND,1563.6947778823614,0,2024-25
2025-02-08,22024,IND,1572.5348768436174,0,2024-25
2025-02-11,22024,IND,1565.65458182733,1,2024-25
2025-02-12,22024,IND,1552.578770567938,0,2024-25
2025-02-20,22024,IND,1554.6457161382184,1,2024-25
2025-02-23,22024,IND,1567.9024963906286,1,2024-25
2025-02-24,22024,IND,1578.9656503900487,1,2024-25
2025-02-26,22024,IND,1568.5898009222983,1,2024-25
2025-02-28,22024,IND,1574.9750873212342,0,2024-25
2025-03-02,22024,IND,1566.1250989901766,1,2024-25
2025-03-04,22024,IND,1571.3950377938036,1,2024-25
2025-03-06,22024,IND,1580.2340786443465,0,2024-25
2025-03-08,22024,IND,1569.7111400974634,0,2024-25
2025-03-10,22024,IND,1563.5469060775265,0,2024-25
2025-03-11,22024,IND,1542.2193220515048,1,2024-25
2025-03-14,22024,IND,1545.630758137912,0,2024-25
2025-03-15,22024,IND,1552.3910999567736,0,2024-25
2025-03-17,22024,IND,1545.713876571844,0,2024-25
2025-03-19,22024,IND,1553.465909564674,1,2024-25
2025-03-20,22024,IND,1556.349210133101,1,2024-25
2025-03-22,22024,IND,1558.7716412118357,1,2024-25
2025-03-24,22024,IND,1560.9198512157254,1,2024-25
2025-03-26,22024,IND,1575.963519858611,1,2024-25
2025-03-27,22024,IND,1570.2660723292292,0,2024-25
2025-03-29,22024,IND,1581.23522600074,0,2024-25
2025-03-31,22024,IND,1575.9578743576794,1,2024-25
2025-04-02,22024,IND,1578.4501669927693,1,2024-25
2025-04-04,22024,IND,1580.8212453129609,1,2024-25
2025-04-06,22024,IND,1584.8029791555086,0,2024-25
2025-04-08,22024,IND,1592.6587069250832,1,2024-25
2025-04-10,22024,IND,1593.787603046323,1,2024-25
2025-04-11,22024,IND,1599.5124945067903,1,2024-25
2025-04-13,22024,IND,1579.743463566096,0,2024-25
2025-10-23,22025,IND,1556.8456870741174,1,2025-26
2025-10-25,22025,IND,1550.3450771084983,0,2025-26
2025-10-26,22025,IND,1531.0921649332788,0,2025-26
2025-10-29,22025,IND,1526.8492270792362,0,2025-26
2025-10-31,22025,IND,1520.9213138969849,1,2025-26
2025-11-01,22025,IND,1498.029198852924,1,2025-26
2025-11-03,22025,IND,1505.817259139228,1,2025-26
2025-11-05,22025,IND,1501.1905335228084,1,2025-26
2025-11-08,22025,IND,1482.187124205515,0,2025-26
2025-11-09,22025,IND,1475.1425140983172,0,2025-26
2025-11-11,22025,IND,1461.894230836093,0,2025-26
2025-11-13,22025,IND,1439.9127132660312,0,2025-26
2025-11-15,22025,IND,1424.4195539377397,1,2025-26
2025-11-17,22025,IND,1411.2643940725818,0,2025-26
2025-11-19,22025,IND,1406.1711323967324,1,2025-26
2025-11-21,22025,IND,1412.7735207074231,0,2025-26
2025-11-24,22025,IND,1408.8514017922582,1,2025-26
2025-11-26,22025,IND,1405.0332570802334,0,2025-26
2025-11-28,22025,IND,1403.0356315474685,1,2025-26
2025-11-29,22025,IND,1414.5187860074027,1,2025-26
2025-12-01,22025,IND,1419.4199147420684,1,2025-26
2025-12-03,22025,IND,1410.3278399803696,1,2025-26
2025-12-05,22025,IND,1403.252723481997,0,2025-26
2025-12-08,22025,IND,1421.3794106160717,1,2025-26
2025-12-12,22025,IND,1430.197958456598,0,2025-26
2025-12-14,22025,IND,1421.986032407209,1,2025-26
2025-12-18,22025,IND,1392.5529635453308,1,2025-26
2025-12-20,22025,IND,1390.6826283901491,0,2025-26
2025-12-22,22025,IND,1375.966140295925,0,2025-26
2025-12-23,22025,IND,1373.4594397877702,1,2025-26
2025-12-26,22025,IND,1358.619139565806,1,2025-26
2025-12-27,22025,IND,1352.212991009842,0,2025-26
2025-12-29,22025,IND,1344.0323870178556,0,2025-26
2025-12-31,22025,IND,1342.2759843563988,1,2025-26
2026-01-02,22025,IND,1339.5231529963946,1,2025-26
2026-01-04,22025,IND,1335.399550861998,0,2025-26
2026-01-06,22025,IND,1332.248053554652,1,2025-26
2026-01-08,22025,IND,1329.115349725405,0,2025-26
2026-01-10,22025,IND,1337.5493828155209,1,2025-26
2026-01-12,22025,IND,1366.3913577851397,1,2025-26
2026-01-14,22025,IND,1375.2666349624562,1,2025-26
2026-01-16,22025,IND,1365.314747102287,1,2025-26
2026-01-17,22025,IND,1372.1648737283049,0,2025-26
2026-01-19,22025,IND,1365.430250789984,0,2025-26
2026-01-21,22025,IND,1360.8391941834593,0,2025-26
2026-01-23,22025,IND,1357.8956027954005,0,2025-26
2026-01-26,22025,IND,1373.233316878892,0,2025-26
2026-01-28,22025,IND,1365.9858764880555,1,2025-26
2026-01-31,22025,IND,1372.7914820714325,1,2025-26
2026-02-02,22025,IND,1381.7097916693574,1,2025-26
2026-02-03,22025,IND,1378.6369972198954,1,2025-26
2026-02-06,22025,IND,1364.6741260316348,0,2025-26
2026-02-08,22025,IND,1359.674974602818,0,2025-26
2026-02-10,22025,IND,1353.4151273909413,0,2025-26
2026-02-11,22025,IND,1365.7928441079512,0,2025-26
2026-02-19,22025,IND,1373.7372520823997,0,2025-26
2026-02-20,22025,IND,1364.7430978530908,0,2025-26
2026-02-22,22025,IND,1352.4661765685662,1,2025-26
2026-02-24,22025,IND,1346.2661664480918,1,2025-26
2026-02-26,22025,IND,1335.0328220574015,1,2025-26
2026-03-01,22025,IND,1327.7140929826862,1,2025-26
2026-03-04,22025,IND,1313.9349607357567,0,2025-26
2026-03-06,22025,IND,1309.2852978692476,0,2025-26
2026-03-08,22025,IND,1306.1514859157348,0,2025-26
2026-03-10,22025,IND,1299.6303547721052,0,2025-26
2026-03-12,22025,IND,1294.1760895571008,1,2025-26
2026-03-13,22025,IND,1288.3806926316458,1,2025-26
2026-03-15,22025,IND,1286.0836448708756,0,2025-26
2026-03-17,22025,IND,1280.0848753219657,0,2025-26
2026-03-18,22025,IND,1277.6445751431636,1,2025-26
2026-03-21,22025,IND,1272.797439831967,0,2025-26
2026-03-23,22025,IND,1271.7173772213184,0,2025-26
2026-03-25,22025,IND,1282.783399259632,1,2025-26
2026-03-27,22025,IND,1280.3302023741903,1,2025-26
2026-03-29,22025,IND,1278.912651982585,1,2025-26
2026-04-01,22025,IND,1306.2979331102897,0,2025-26
2026-04-03,22025,IND,1329.470421105738,0,2025-26
2026-04-05,22025,IND,1326.606180732733,0,2025-26
2026-04-07,22025,IND,1324.6258093845763,1,2025-26
2026-04-09,22025,IND,1316.357283255218,0,2025-26
2026-04-10,22025,IND,1340.1205854007849,1,2025-26
2026-04-12,22025,IND,1333.073726689343,1,2025-26
2020-12-22,22020,LAC,1500.0,0,2020-21
2020-12-25,22020,LAC,1510.015801417455,0,2020-21
2020-12-27,22020,LAC,1523.8507925033366,1,2020-21
2020-12-29,22020,LAC,1479.4982762725035,1,2020-21
2020-12-30,22020,LAC,1495.3797062822196,1,2020-21
2021-01-01,22020,LAC,1510.37646469376,0,2020-21
2021-01-03,22020,LAC,1503.816578161727,0,2020-21
2021-01-05,22020,LAC,1513.5226179624997,1,2020-21
2021-01-06,22020,LAC,1505.9282774153764,0,2020-21
2021-01-08,22020,LAC,1515.4516408194886,0,2020-21
2021-01-10,22020,LAC,1505.6742643691148,1,2020-21
2021-01-13,22020,LAC,1509.657090802966,1,2020-21
2021-01-15,22020,LAC,1515.2915913245197,0,2020-21
2021-01-17,22020,LAC,1538.4308382079591,1,2020-21
2021-01-20,22020,LAC,1558.693323456837,1,2020-21
2021-01-22,22020,LAC,1565.119594431226,1,2020-21
2021-01-24,22020,LAC,1571.7640067605985,1,2020-21
2021-01-26,22020,LAC,1576.162356754387,0,2020-21
2021-01-28,22020,LAC,1566.1339774465378,0,2020-21
2021-01-29,22020,LAC,1570.688912472525,0,2020-21
2021-01-31,22020,LAC,1584.5915160473476,0,2020-21
2021-02-02,22020,LAC,1595.756717214379,0,2020-21
2021-02-03,22020,LAC,1589.3909435849685,0,2020-21
2021-02-05,22020,LAC,1601.770084282913,1,2020-21
2021-02-07,22020,LAC,1592.047288017736,1,2020-21
2021-02-10,22020,LAC,1582.386893994524,0,2020-21
2021-02-12,22020,LAC,1586.8359056176655,0,2020-21
2021-02-14,22020,LAC,1599.9846930216718,1,2020-21
2021-02-15,22020,LAC,1604.5024571244464,1,2020-21
2021-02-17,22020,LAC,1608.0372854224706,1,2020-21
2021-02-19,22020,LAC,1593.1078850924384,1,2020-21
2021-02-21,22020,LAC,1600.273968633309,1,2020-21
2021-02-23,22020,LAC,1592.072368336347,1,2020-21
2021-02-25,22020,LAC,1598.7943443844897,0,2020-21
2021-02-26,22020,LAC,1571.769608093019,0,2020-21
2021-02-28,22020,LAC,1586.7742009642068,0,2020-21
2021-03-02,22020,LAC,1580.7464513659586,0,2020-21
2021-03-04,22020,LAC,1572.6987512231467,0,2020-21
2021-03-11,22020,LAC,1566.3353808282338,1,2020-21
2021-03-14,22020,LAC,1579.1810954397213,0,2020-21
2021-03-15,22020,LAC,1558.431126077414,0,2020-21
2021-03-17,22020,LAC,1569.7139706038352,0,2020-21
2021-03-20,22020,LAC,1555.6934845782098,1,2020-21
2021-03-22,22020,LAC,1568.6683361924852,1,2020-21
2021-03-24,22020,LAC,1575.8137815650878,0,2020-21
2021-03-25,22020,LAC,1597.5265330012114,0,2020-21
2021-03-27,22020,LAC,1607.0666073778357,1,2020-21
2021-03-29,22020,LAC,1616.7229445364212,1,2020-21
2021-03-30,22020,LAC,1630.2710912185748,1,2020-21
2021-04-01,22020,LAC,1611.070476029683,1,2020-21
2021-04-04,22020,LAC,1600.881529051485,1,2020-21
2021-04-06,22020,LAC,1611.6502192993291,1,2020-21
2021-04-08,22020,LAC,1619.856624281253,1,2020-21
2021-04-09,22020,LAC,1629.5250716374774,1,2020-21
2021-04-11,22020,LAC,1632.2821129059173,1,2020-21
2021-04-13,22020,LAC,1634.820507091024,0,2020-21
2021-04-14,22020,LAC,1642.778701323611,0,2020-21
2021-04-16,22020,LAC,1645.0604864228787,0,2020-21
2021-04-18,22020,LAC,1640.185784246979,1,2020-21
2021-04-20,22020,LAC,1643.198859197722,0,2020-21
2021-04-21,22020,LAC,1645.9301836875013,1,2020-21
2021-04-23,22020,LAC,1653.0391231803474,0,2020-21
2021-04-26,22020,LAC,1654.7942546921895,0,2020-21
2021-04-28,22020,LAC,1632.8238475056994,0,2020-21
2021-05-01,22020,LAC,1624.796391476915,1,2020-21
2021-05-04,22020,LAC,1615.2868426942423,1,2020-21
2021-05-06,22020,LAC,1618.3541144166104,1,2020-21
2021-05-09,22020,LAC,1628.5955161202398,1,2020-21
2021-05-11,22020,LAC,1617.9068433508633,0,2020-21
2021-05-13,22020,LAC,1627.9273583763731,0,2020-21
2021-05-14,22020,LAC,1638.508038110355,0,2020-21
2021-05-16,22020,LAC,1619.5667031619,0,2020-21
2021-10-21,22021,LAC,1561.6429777576543,0,2021-22
2021-10-23,22021,LAC,1557.2775354174728,1,2021-22
2021-10-25,22021,LAC,1547.315850236394,1,2021-22
2021-10-27,22021,LAC,1567.2304682732172,1,2021-22
2021-10-29,22021,LAC,1544.6578147127525,0,2021-22
2021-11-01,22021,LAC,1532.697274374852,1,2021-22
2021-11-03,22021,LAC,1534.9006613558845,0,2021-22
2021-11-05,22021,LAC,1544.2551295831922,0,2021-22
2021-11-07,22021,LAC,1557.149787799745,1,2021-22
2021-11-09,22021,LAC,1563.9115291236956,1,2021-22
2021-11-11,22021,LAC,1571.3259011916352,1,2021-22
2021-11-13,22021,LAC,1575.8509148537044,1,2021-22
2021-11-14,22021,LAC,1584.893476631123,1,2021-22
2021-11-16,22021,LAC,1570.7669736355786,1,2021-22
2021-11-18,22021,LAC,1577.1871037344438,0,2021-22
2021-11-19,22021,LAC,1563.42621031902,0,2021-22
2021-11-21,22021,LAC,1545.578829257027,1,2021-22
2021-11-23,22021,LAC,1551.638720113406,1,2021-22
2021-11-26,22021,LAC,1539.9493447104428,1,2021-22
2021-11-28,22021,LAC,1543.782630005113,1,2021-22
2021-11-29,22021,LAC,1533.008268361645,1,2021-22
2021-12-01,22021,LAC,1507.055810104625,1,2021-22
2021-12-03,22021,LAC,1491.5202572236758,0,2021-22
2021-12-04,22021,LAC,1498.8911331989243,0,2021-22
2021-12-06,22021,LAC,1491.175877553581,0,2021-22
2021-12-08,22021,LAC,1504.783240575004,1,2021-22
2021-12-11,22021,LAC,1509.7365992912305,1,2021-22
2021-12-13,22021,LAC,1511.3325174759907,1,2021-22
2021-12-15,22021,LAC,1531.054709294714,0,2021-22
2021-12-18,22021,LAC,1523.9634865606508,0,2021-22
2021-12-20,22021,LAC,1517.1523534076234,1,2021-22
2021-12-22,22021,LAC,1491.56289088224,0,2021-22
2021-12-26,22021,LAC,1504.5940204975495,1,2021-22
2021-12-27,22021,LAC,1498.0013280293424,1,2021-22
2021-12-29,22021,LAC,1485.5403928584838,0,2021-22
2021-12-31,22021,LAC,1498.4152385140185,0,2021-22
2022-01-01,22021,LAC,1490.522093047553,0,2021-22
2022-01-03,22021,LAC,1500.349781416143,1,2021-22
2022-01-06,22021,LAC,1480.773924462168,0,2021-22
2022-01-08,22021,LAC,1475.5815627935087,1,2021-22
2022-01-09,22021,LAC,1465.2707704723264,1,2021-22
2022-01-11,22021,LAC,1475.7590610533143,1,2021-22
2022-01-13,22021,LAC,1480.5545505241555,0,2021-22
2022-01-15,22021,LAC,1463.4639681346591,0,2021-22
2022-01-17,22021,LAC,1456.319853449036,1,2021-22
2022-01-19,22021,LAC,1462.5647259359496,0,2021-22
2022-01-21,22021,LAC,1459.5913314138868,0,2021-22
2022-01-23,22021,LAC,1466.2965203264785,0,2021-22
2022-01-25,22021,LAC,1459.2809079567687,0,2021-22
2022-01-26,22021,LAC,1463.9274674932226,0,2021-22
2022-01-28,22021,LAC,1470.6053735588368,0,2021-22
2022-01-30,22021,LAC,1466.7780895872809,0,2021-22
2022-01-31,22021,LAC,1494.6030677047502,0,2021-22
2022-02-03,22021,LAC,1486.5224609775044,1,2021-22
2022-02-06,22021,LAC,1489.5609442284913,1,2021-22
2022-02-08,22021,LAC,1472.298757189075,0,2021-22
2022-02-10,22021,LAC,1463.9207337867686,0,2021-22
2022-02-12,22021,LAC,1460.0260879262946,0,2021-22
2022-02-14,22021,LAC,1468.471903471606,1,2021-22
2022-02-15,22021,LAC,1487.8536128355213,0,2021-22
2022-02-17,22021,LAC,1485.4639371824294,1,2021-22
2022-02-25,22021,LAC,1493.1196722706743,0,2021-22
2022-02-27,22021,LAC,1499.073549126854,0,2021-22
2022-03-01,22021,LAC,1501.0664993116975,0,2021-22
2022-03-03,22021,LAC,1506.9918729844687,1,2021-22
2022-03-06,22021,LAC,1516.973632381715,1,2021-22
2022-03-08,22021,LAC,1487.5472481883596,0,2021-22
2022-03-09,22021,LAC,1479.7441229284984,1,2021-22
2022-03-11,22021,LAC,1484.802901279973,0,2021-22
2022-03-13,22021,LAC,1479.3475013706136,0,2021-22
2022-03-14,22021,LAC,1483.8490068919414,0,2021-22
2022-03-16,22021,LAC,1476.8178861990843,1,2021-22
2022-03-18,22021,LAC,1471.938063446146,0,2021-22
2022-03-22,22021,LAC,1461.5445883975535,0,2021-22
2022-03-25,22021,LAC,1455.384837966049,1,2021-22
2022-03-29,22021,LAC,1441.125876347293,1,2021-22
2022-03-31,22021,LAC,1451.17955439223,0,2021-22
2022-04-01,22021,LAC,1446.3744977585377,0,2021-22
2022-04-03,22021,LAC,1489.6097481922668,1,2021-22
2022-04-06,22021,LAC,1505.5536533790698,1,2021-22
2022-04-09,22021,LAC,1514.8762061778823,1,2021-22
2022-04-10,22021,LAC,1521.485100892302,1,2021-22
2022-10-20,22022,LAC,1519.5013734980305,0,2022-23
2022-10-22,22022,LAC,1526.4486775325438,0,2022-23
2022-10-23,22022,LAC,1530.2646032847904,1,2022-23
2022-10-25,22022,LAC,1515.931237878177,0,2022-23
2022-10-27,22022,LAC,1498.8280015287012,0,2022-23
2022-10-30,22022,LAC,1487.995297317418,1,2022-23
2022-10-31,22022,LAC,1470.9509970606755,1,2022-23
2022-11-02,22022,LAC,1473.4402669877618,0,2022-23
2022-11-04,22022,LAC,1480.5991668552251,0,2022-23
2022-11-06,22022,LAC,1490.6049862534792,1,2022-23
2022-11-07,22022,LAC,1482.4656298950497,1,2022-23
2022-11-09,22022,LAC,1488.1158727158393,1,2022-23
2022-11-12,22022,LAC,1495.337083034021,1,2022-23
2022-11-14,22022,LAC,1480.6251695937972,0,2022-23
2022-11-15,22022,LAC,1491.041120357448,0,2022-23
2022-11-17,22022,LAC,1488.0162801282038,1,2022-23
2022-11-19,22022,LAC,1491.40698419441,1,2022-23
2022-11-21,22022,LAC,1502.5738810836422,1,2022-23
2022-11-23,22022,LAC,1511.4784259717,0,2022-23
2022-11-25,22022,LAC,1499.156807046049,1,2022-23
2022-11-27,22022,LAC,1488.0781504760955,1,2022-23
2022-11-29,22022,LAC,1498.4045657163597,0,2022-23
2022-11-30,22022,LAC,1505.5840289432265,0,2022-23
2022-12-03,22022,LAC,1495.9277978727337,1,2022-23
2022-12-05,22022,LAC,1471.9884876141734,0,2022-23
2022-12-07,22022,LAC,1476.9809199995734,0,2022-23
2022-12-08,22022,LAC,1467.7191580294138,0,2022-23
2022-12-10,22022,LAC,1462.5215299727183,0,2022-23
2022-12-12,22022,LAC,1471.8472189367635,1,2022-23
2022-12-14,22022,LAC,1498.4006061634834,1,2022-23
2022-12-15,22022,LAC,1506.9796056644057,1,2022-23
2022-12-17,22022,LAC,1492.850638963367,1,2022-23
2022-12-21,22022,LAC,1498.620723485747,1,2022-23
2022-12-23,22022,LAC,1507.169641020996,0,2022-23
2022-12-26,22022,LAC,1502.960556967769,0,2022-23
2022-12-27,22022,LAC,1510.438091639077,0,2022-23
2022-12-29,22022,LAC,1523.4703464038023,0,2022-23
2022-12-31,22022,LAC,1519.509100453348,0,2022-23
2023-01-02,22022,LAC,1515.6553297797252,1,2022-23
2023-01-05,22022,LAC,1502.9194766961746,0,2022-23
2023-01-06,22022,LAC,1488.619198863294,0,2022-23
2023-01-08,22022,LAC,1478.2509352270738,1,2022-23
2023-01-10,22022,LAC,1470.354240963428,1,2022-23
2023-01-13,22022,LAC,1482.5442229736277,1,2022-23
2023-01-15,22022,LAC,1473.8291867229775,1,2022-23
2023-01-17,22022,LAC,1480.8525398927586,1,2022-23
2023-01-18,22022,LAC,1471.9173440440436,0,2022-23
2023-01-20,22022,LAC,1458.7890977402628,0,2022-23
2023-01-22,22022,LAC,1464.6220307667377,0,2022-23
2023-01-24,22022,LAC,1482.0300145502638,0,2022-23
2023-01-26,22022,LAC,1500.889207941994,1,2022-23
2023-01-28,22022,LAC,1511.1223452386032,0,2022-23
2023-01-29,22022,LAC,1520.9626118999545,0,2022-23
2023-01-31,22022,LAC,1508.0498012037554,0,2022-23
2023-02-02,22022,LAC,1516.4620571334171,0,2022-23
2023-02-04,22022,LAC,1513.6717538376258,0,2022-23
2023-02-06,22022,LAC,1523.2257316455664,0,2022-23
2023-02-08,22022,LAC,1535.133583403023,1,2022-23
2023-02-10,22022,LAC,1524.9329412069235,1,2022-23
2023-02-14,22022,LAC,1513.3275522128797,1,2022-23
2023-02-16,22022,LAC,1522.6381612001785,0,2022-23
2023-02-24,22022,LAC,1534.7943784196082,1,2022-23
2023-02-26,22022,LAC,1529.7059468371688,0,2022-23
2023-02-28,22022,LAC,1523.6871824566022,1,2022-23
2023-03-02,22022,LAC,1512.808105501728,0,2022-23
2023-03-03,22022,LAC,1498.6083201862389,0,2022-23
2023-03-05,22022,LAC,1495.8379466309898,1,2022-23
2023-03-08,22022,LAC,1504.73392528447,1,2022-23
2023-03-11,22022,LAC,1512.6319156191666,1,2022-23
2023-03-15,22022,LAC,1524.7117323133862,1,2022-23
2023-03-18,22022,LAC,1532.7977423834927,1,2022-23
2023-03-19,22022,LAC,1521.5526077726204,0,2022-23
2023-03-21,22022,LAC,1531.57415903518,1,2022-23
2023-03-23,22022,LAC,1526.6641778377805,1,2022-23
2023-03-25,22022,LAC,1541.3106191835411,1,2022-23
2023-03-27,22022,LAC,1516.3989341991762,1,2022-23
2023-03-29,22022,LAC,1527.5621796996666,0,2022-23
2023-03-31,22022,LAC,1542.2200242695917,0,2022-23
2023-04-01,22022,LAC,1533.5875207284528,0,2022-23
2023-04-05,22022,LAC,1526.0775278495323,1,2022-23
2023-04-08,22022,LAC,1533.9632921499967,1,2022-23
2023-04-09,22022,LAC,1537.6393132399114,0,2022-23
2023-10-25,22023,LAC,1528.27696121913,1,2023-24
2023-10-27,22023,LAC,1533.486332167845,0,2023-24
2023-10-29,22023,LAC,1527.797079652872,1,2023-24
2023-10-31,22023,LAC,1539.867688613435,1,2023-24
2023-11-01,22023,LAC,1549.0315989620433,0,2023-24
2023-11-06,22023,LAC,1542.8852737729962,0,2023-24
2023-11-08,22023,LAC,1532.2248571373518,0,2023-24
2023-11-10,22023,LAC,1524.4459285004937,0,2023-24
2023-11-12,22023,LAC,1510.7685718080363,1,2023-24
2023-11-14,22023,LAC,1502.1864237551629,0,2023-24
2023-11-17,22023,LAC,1498.9236369673931,1,2023-24
2023-11-20,22023,LAC,1504.5815744977183,0,2023-24
2023-11-22,22023,LAC,1516.6914775240537,0,2023-24
2023-11-24,22023,LAC,1521.446018290368,1,2023-24
2023-11-25,22023,LAC,1509.2429376684513,1,2023-24
2023-11-27,22023,LAC,1522.178025559957,1,2023-24
2023-11-29,22023,LAC,1511.506245296542,0,2023-24
2023-11-30,22023,LAC,1528.013505225654,0,2023-24
2023-12-02,22023,LAC,1521.4313225043547,1,2023-24
2023-12-06,22023,LAC,1524.8320811302171,1,2023-24
2023-12-08,22023,LAC,1534.2554922390896,0,2023-24
2023-12-11,22023,LAC,1542.8732808520035,1,2023-24
2023-12-12,22023,LAC,1545.4396523534338,1,2023-24
2023-12-14,22023,LAC,1558.491464557021,1,2023-24
2023-12-16,22023,LAC,1564.8106818337774,1,2023-24
2023-12-18,22023,LAC,1579.7761321824753,0,2023-24
2023-12-20,22023,LAC,1595.9982938206635,0,2023-24
2023-12-21,22023,LAC,1604.1075197109835,0,2023-24
2023-12-23,22023,LAC,1590.4007163566116,1,2023-24
2023-12-26,22023,LAC,1568.1677518356942,1,2023-24
2023-12-29,22023,LAC,1570.7360481204712,1,2023-24
2024-01-01,22023,LAC,1575.907712998389,1,2023-24
2024-01-03,22023,LAC,1586.721287949789,0,2023-24
2024-01-05,22023,LAC,1595.777204980227,0,2023-24
2024-01-07,22023,LAC,1612.4004257351648,0,2023-24
2024-01-08,22023,LAC,1604.7490224514283,1,2023-24
2024-01-10,22023,LAC,1615.7637244131274,1,2023-24
2024-01-12,22023,LAC,1619.2412200393726,0,2023-24
2024-01-14,22023,LAC,1625.7209961365302,0,2023-24
2024-01-16,22023,LAC,1620.3163215275367,1,2023-24
2024-01-21,22023,LAC,1629.9540001771986,1,2023-24
2024-01-23,22023,LAC,1633.9358945264066,1,2023-24
2024-01-26,22023,LAC,1638.203346065642,0,2023-24
2024-01-27,22023,LAC,1647.3729643293436,0,2023-24
2024-01-29,22023,LAC,1670.3040330959714,0,2023-24
2024-01-31,22023,LAC,1660.029933256177,0,2023-24
2024-02-02,22023,LAC,1663.9096982517185,0,2023-24
2024-02-04,22023,LAC,1665.970691747592,0,2023-24
2024-02-05,22023,LAC,1671.1002207864217,0,2023-24
2024-02-07,22023,LAC,1674.3722887005558,1,2023-24
2024-02-10,22023,LAC,1657.4505551798095,1,2023-24
2024-02-12,22023,LAC,1658.4702025487677,1,2023-24
2024-02-14,22023,LAC,1636.5589736456036,0,2023-24
2024-02-22,22023,LAC,1643.258276080982,0,2023-24
2024-02-23,22023,LAC,1626.7057285105886,0,2023-24
2024-02-25,22023,LAC,1630.5398297297415,1,2023-24
2024-02-28,22023,LAC,1607.814651618777,1,2023-24
2024-03-01,22023,LAC,1597.821470867249,1,2023-24
2024-03-03,22023,LAC,1601.107373730567,0,2023-24
2024-03-04,22023,LAC,1606.7049814807997,0,2023-24
2024-03-06,22023,LAC,1599.2065988825095,0,2023-24
2024-03-09,22023,LAC,1604.6334006675677,1,2023-24
2024-03-10,22023,LAC,1610.15939382292,1,2023-24
2024-03-12,22023,LAC,1598.7505311575326,1,2023-24
2024-03-14,22023,LAC,1582.1932333087432,0,2023-24
2024-03-15,22023,LAC,1593.271003808086,0,2023-24
2024-03-17,22023,LAC,1586.1609239914856,1,2023-24
2024-03-20,22023,LAC,1560.604706972181,0,2023-24
2024-03-22,22023,LAC,1566.466023580732,0,2023-24
2024-03-24,22023,LAC,1570.5653669017406,1,2023-24
2024-03-25,22023,LAC,1548.7876605956164,1,2023-24
2024-03-27,22023,LAC,1532.0010745108546,0,2023-24
2024-03-29,22023,LAC,1535.768087432209,0,2023-24
2024-03-31,22023,LAC,1542.4209898790102,0,2023-24
2024-04-02,22023,LAC,1547.3688560112005,0,2023-24
2024-04-04,22023,LAC,1536.2606775598483,1,2023-24
2024-04-05,22023,LAC,1542.012983011461,1,2023-24
2024-04-07,22023,LAC,1549.6966856567658,1,2023-24
2024-04-09,22023,LAC,1553.1395462086446,0,2023-24
2024-04-10,22023,LAC,1570.1480364930026,1,2023-24
2024-04-12,22023,LAC,1554.2417666675342,1,2023-24
2024-04-14,22023,LAC,1546.1372855167842,1,2023-24
2024-10-23,22024,LAC,1518.6834778072266,1,2024-25
2024-10-26,22024,LAC,1513.2482249624838,0,2024-25
2024-10-27,22024,LAC,1523.3470530606216,0,2024-25
2024-10-30,22024,LAC,1536.9873172236407,1,2024-25
2024-10-31,22024,LAC,1529.651752474061,1,2024-25
2024-11-02,22024,LAC,1522.1465225159827,1,2024-25
2024-11-04,22024,LAC,1512.5655843952736,1,2024-25
2024-11-06,22024,LAC,1518.9981287081755,1,2024-25
2024-11-08,22024,LAC,1526.2917291471329,0,2024-25
2024-11-09,22024,LAC,1538.452087253647,1,2024-25
2024-11-11,22024,LAC,1540.214540293081,0,2024-25
2024-11-13,22024,LAC,1536.0851286562956,0,2024-25
2024-11-15,22024,LAC,1528.6446379062468,0,2024-25
2024-11-17,22024,LAC,1515.582978719695,1,2024-25
2024-11-18,22024,LAC,1520.319159535171,1,2024-25
2024-11-20,22024,LAC,1527.2634749004196,1,2024-25
2024-11-22,22024,LAC,1537.2234544799107,1,2024-25
2024-11-24,22024,LAC,1548.586594927307,0,2024-25
2024-11-25,22024,LAC,1563.2405523570535,0,2024-25
2024-11-27,22024,LAC,1552.0294459776146,0,2024-25
2024-11-29,22024,LAC,1559.292331280128,0,2024-25
2024-12-01,22024,LAC,1555.4239241177816,1,2024-25
2024-12-03,22024,LAC,1560.9860414822242,1,2024-25
2024-12-04,22024,LAC,1567.9807262643626,1,2024-25
2024-12-08,22024,LAC,1541.0805229448997,1,2024-25
2024-12-13,22024,LAC,1529.4483178971864,0,2024-25
2024-12-16,22024,LAC,1517.0846328451562,1,2024-25
2024-12-19,22024,LAC,1527.924866809485,0,2024-25
2024-12-21,22024,LAC,1556.1739962819463,0,2024-25
2024-12-23,22024,LAC,1546.172110828555,0,2024-25
2024-12-27,22024,LAC,1554.8988960161812,1,2024-25
2024-12-30,22024,LAC,1562.6935117314192,0,2024-25
2024-12-31,22024,LAC,1565.359177181618,0,2024-25
2025-01-02,22024,LAC,1534.622961606328,0,2024-25
2025-01-04,22024,LAC,1529.4556754764026,1,2024-25
2025-01-06,22024,LAC,1543.4482772991632,0,2024-25
2025-01-08,22024,LAC,1539.3711528503516,0,2024-25
2025-01-13,22024,LAC,1526.6619281840754,1,2024-25
2025-01-15,22024,LAC,1535.6054536228478,1,2024-25
2025-01-16,22024,LAC,1549.3308853553297,0,2024-25
2025-01-19,22024,LAC,1559.8862363697422,1,2024-25
2025-01-20,22024,LAC,1567.813407328892,1,2024-25
2025-01-22,22024,LAC,1545.1305160863162,1,2024-25
2025-01-23,22024,LAC,1539.9473491937588,1,2024-25
2025-01-25,22024,LAC,1542.6960199974394,1,2024-25
2025-01-27,22024,LAC,1552.2806332842372,0,2024-25
2025-01-29,22024,LAC,1547.4831128954172,0,2024-25
2025-01-31,22024,LAC,1557.8451485322576,0,2024-25
2025-02-02,22024,LAC,1562.2077992859445,0,2024-25
2025-02-04,22024,LAC,1550.4861628697015,1,2024-25
2025-02-06,22024,LAC,1527.3592085145658,1,2024-25
2025-02-08,22024,LAC,1518.5191095533098,1,2024-25
2025-02-12,22024,LAC,1525.5588017425307,1,2024-25
2025-02-13,22024,LAC,1541.0150079890782,0,2024-25
2025-02-20,22024,LAC,1545.09602990966,0,2024-25
2025-02-23,22024,LAC,1537.643875916026,0,2024-25
2025-02-24,22024,LAC,1526.580721916606,0,2024-25
2025-02-26,22024,LAC,1519.389153472306,0,2024-25
2025-02-28,22024,LAC,1524.7808218027676,0,2024-25
2025-03-02,22024,LAC,1521.0623497342324,0,2024-25
2025-03-04,22024,LAC,1516.670096447861,0,2024-25
2025-03-05,22024,LAC,1511.3106783231833,1,2024-25
2025-03-07,22024,LAC,1521.1378743881526,1,2024-25
2025-03-09,22024,LAC,1531.9701595940062,1,2024-25
2025-03-11,22024,LAC,1535.4419685287098,0,2024-25
2025-03-12,22024,LAC,1522.8838542588333,0,2024-25
2025-03-14,22024,LAC,1534.8133752581846,0,2024-25
2025-03-16,22024,LAC,1551.544914365243,1,2024-25
2025-03-18,22024,LAC,1557.0288360008276,1,2024-25
2025-03-21,22024,LAC,1575.770893066133,1,2024-25
2025-03-23,22024,LAC,1588.4438279645992,1,2024-25
2025-03-26,22024,LAC,1585.7027735578613,0,2024-25
2025-03-28,22024,LAC,1598.9837921918145,0,2024-25
2025-03-30,22024,LAC,1606.8336390292,0,2024-25
2025-03-31,22024,LAC,1602.8155837977426,0,2024-25
2025-04-02,22024,LAC,1609.8372372908398,1,2024-25
2025-04-04,22024,LAC,1613.0919378037386,1,2024-25
2025-04-05,22024,LAC,1620.0651303600926,1,2024-25
2025-04-08,22024,LAC,1628.1057608552626,1,2024-25
2025-04-09,22024,LAC,1630.2455331397962,1,2024-25
2025-04-11,22024,LAC,1642.5663657935393,0,2024-25
2025-04-13,22024,LAC,1645.2559695092225,0,2024-25
2025-10-22,22025,LAC,1591.6980492495595,0,2025-26
2025-10-24,22025,LAC,1563.305655954353,1,2025-26
2025-10-26,22025,LAC,1574.1446690262833,1,2025-26
2025-10-28,22025,LAC,1579.584423445041,0,2025-26
2025-10-31,22025,LAC,1566.1662016028165,1,2025-26
2025-11-03,22025,LAC,1567.6285269586162,1,2025-26
2025-11-04,22025,LAC,1562.183404748508,1,2025-26
2025-11-06,22025,LAC,1550.028338145048,0,2025-26
2025-11-08,22025,LAC,1535.6411485107517,1,2025-26
2025-11-10,22025,LAC,1519.5470946659264,1,2025-26
2025-11-12,22025,LAC,1512.5303945057433,1,2025-26
2025-11-14,22025,LAC,1502.1547506616498,0,2025-26
2025-11-16,22025,LAC,1508.3203537014751,0,2025-26
2025-11-17,22025,LAC,1504.8410282951013,0,2025-26
2025-11-20,22025,LAC,1499.5173130513988,0,2025-26
2025-11-22,22025,LAC,1484.3808404303725,0,2025-26
2025-11-23,22025,LAC,1494.1356228063112,0,2025-26
2025-11-25,22025,LAC,1487.069310305264,0,2025-26
2025-11-28,22025,LAC,1479.335798828894,1,2025-26
2025-11-29,22025,LAC,1470.687190233401,1,2025-26
2025-12-01,22025,LAC,1460.7979234860893,0,2025-26
2025-12-03,22025,LAC,1453.5804026699266,0,2025-26
2025-12-05,22025,LAC,1480.008474096153,0,2025-26
2025-12-06,22025,LAC,1472.0128208597648,0,2025-26
2025-12-11,22025,LAC,1469.3543303751464,0,2025-26
2025-12-15,22025,LAC,1467.410445039123,1,2025-26
2025-12-18,22025,LAC,1450.827743147519,0,2025-26
2025-12-20,22025,LAC,1447.881591500865,1,2025-26
2025-12-23,22025,LAC,1465.1162197127242,1,2025-26
2025-12-26,22025,LAC,1488.1827820013473,0,2025-26
2025-12-28,22025,LAC,1503.4199468178604,1,2025-26
2025-12-30,22025,LAC,1519.0013450747508,1,2025-26
2026-01-01,22025,LAC,1531.2957265178063,1,2025-26
2026-01-03,22025,LAC,1538.4723510431925,1,2025-26
2026-01-05,22025,LAC,1518.0186292918563,1,2025-26
2026-01-07,22025,LAC,1521.8506624722313,0,2025-26
2026-01-09,22025,LAC,1513.3273829440338,0,2025-26
2026-01-10,22025,LAC,1524.7920674191655,0,2025-26
2026-01-12,22025,LAC,1537.540270894571,1,2025-26
2026-01-14,22025,LAC,1543.6292713200976,1,2025-26
2026-01-16,22025,LAC,1547.2602613790004,0,2025-26
2026-01-19,22025,LAC,1553.6609657863132,0,2025-26
2026-01-20,22025,LAC,1556.338163991437,0,2025-26
2026-01-22,22025,LAC,1530.1215363972608,1,2025-26
2026-01-25,22025,LAC,1536.885124199866,1,2025-26
2026-01-27,22025,LAC,1545.7655057179966,0,2025-26
2026-01-30,22025,LAC,1551.9392256121891,0,2025-26
2026-02-01,22025,LAC,1541.534333167228,0,2025-26
2026-02-02,22025,LAC,1567.673144016519,1,2025-26
2026-02-04,22025,LAC,1547.4528402375097,1,2025-26
2026-02-06,22025,LAC,1523.507455933178,0,2025-26
2026-02-08,22025,LAC,1526.752371152981,0,2025-26
2026-02-10,22025,LAC,1549.0587325854078,0,2025-26
2026-02-11,22025,LAC,1543.0810135299098,0,2025-26
2026-02-19,22025,LAC,1550.7991292838476,1,2025-26
2026-02-20,22025,LAC,1554.1039865028645,0,2025-26
2026-02-22,22025,LAC,1548.7672530481352,1,2025-26
2026-02-26,22025,LAC,1541.7651892405456,1,2025-26
2026-03-01,22025,LAC,1532.9970567581486,1,2025-26
2026-03-02,22025,LAC,1540.8783855861816,0,2025-26
2026-03-04,22025,LAC,1553.920465834216,1,2025-26
2026-03-06,22025,LAC,1558.570128700725,0,2025-26
2026-03-07,22025,LAC,1555.6818817006194,0,2025-26
2026-03-09,22025,LAC,1559.5537965608812,1,2025-26
2026-03-11,22025,LAC,1570.031313004897,1,2025-26
2026-03-13,22025,LAC,1584.1922517534397,1,2025-26
2026-03-14,22025,LAC,1587.7127103468706,1,2025-26
2026-03-16,22025,LAC,1565.099697559247,1,2025-26
2026-03-18,22025,LAC,1560.663171886741,0,2025-26
2026-03-19,22025,LAC,1543.3151279743483,0,2025-26
2026-03-21,22025,LAC,1534.412797735033,0,2025-26
2026-03-23,22025,LAC,1539.5619510432798,1,2025-26
2026-03-25,22025,LAC,1548.2206994147923,1,2025-26
2026-03-27,22025,LAC,1562.6502805077412,0,2025-26
2026-03-29,22025,LAC,1564.0678308993463,0,2025-26
2026-03-31,22025,LAC,1570.243776890887,1,2025-26
2026-04-02,22025,LAC,1554.6466117196182,1,2025-26
2026-04-05,22025,LAC,1545.7501238888942,0,2025-26
2026-04-07,22025,LAC,1556.5222781116126,1,2025-26
2026-04-08,22025,LAC,1560.2008359269864,1,2025-26
2026-04-10,22025,LAC,1551.9518943909509,0,2025-26
2026-04-12,22025,LAC,1536.5407828271266,1,2025-26
2020-12-22,22020,LAL,1500.0,1,2020-21
2020-12-25,22020,LAL,1489.984198582545,1,2020-21
2020-12-27,22020,LAL,1505.166317547142,1,2020-21
2020-12-28,22020,LAL,1526.784065770899,1,2020-21
2020-12-30,22020,LAL,1514.447921433669,0,2020-21
2021-01-01,22020,LAL,1529.7429505170574,0,2020-21
2021-01-03,22020,LAL,1538.025907614281,0,2020-21
2021-01-05,22020,LAL,1551.0045706747474,0,2020-21
2021-01-07,22020,LAL,1555.4271508170373,1,2020-21
2021-01-08,22020,LAL,1540.8311091367389,1,2020-21
2021-01-10,22020,LAL,1543.8160675139086,0,2020-21
2021-01-12,22020,LAL,1559.6881578295406,0,2020-21
2021-01-13,22020,LAL,1573.2555595057393,0,2020-21
2021-01-15,22020,LAL,1591.6388986594472,1,2020-21
2021-01-18,22020,LAL,1599.595454126074,1,2020-21
2021-01-21,22020,LAL,1591.400609435707,0,2020-21
2021-01-23,22020,LAL,1600.6649182856197,0,2020-21
2021-01-25,22020,LAL,1609.8912599379505,0,2020-21
2021-01-27,22020,LAL,1615.6425316600098,0,2020-21
2021-01-28,22020,LAL,1611.1031849525818,0,2020-21
2021-01-30,22020,LAL,1591.4491208505394,0,2020-21
2021-02-01,22020,LAL,1595.192186234256,0,2020-21
2021-02-04,22020,LAL,1603.8789765021472,1,2020-21
2021-02-06,22020,LAL,1616.1289877961954,1,2020-21
2021-02-08,22020,LAL,1618.85345187424,1,2020-21
2021-02-10,22020,LAL,1621.9124329229214,1,2020-21
2021-02-12,22020,LAL,1623.3359731755572,1,2020-21
2021-02-14,22020,LAL,1628.4753294865986,0,2020-21
2021-02-16,22020,LAL,1612.4822440992689,0,2020-21
2021-02-18,22020,LAL,1616.6988141491363,1,2020-21
2021-02-20,22020,LAL,1600.977260715011,1,2020-21
2021-02-22,22020,LAL,1592.3837816377136,1,2020-21
2021-02-24,22020,LAL,1582.1441317526635,0,2020-21
2021-02-26,22020,LAL,1571.757342442687,1,2020-21
2021-02-28,22020,LAL,1577.756524591856,1,2020-21
2021-03-02,22020,LAL,1591.551316551009,1,2020-21
2021-03-03,22020,LAL,1579.6539300487466,0,2020-21
2021-03-12,22020,LAL,1571.1043419011344,1,2020-21
2021-03-15,22020,LAL,1575.090846785378,0,2020-21
2021-03-16,22020,LAL,1596.6638785759565,1,2020-21
2021-03-18,22020,LAL,1600.5504456918377,1,2020-21
2021-03-20,22020,LAL,1606.440324573014,1,2020-21
2021-03-21,22020,LAL,1595.8907425018306,0,2020-21
2021-03-23,22020,LAL,1584.4688503940447,0,2020-21
2021-03-25,22020,LAL,1566.9829221723485,1,2020-21
2021-03-26,22020,LAL,1558.307271951693,1,2020-21
2021-03-28,22020,LAL,1563.111929931522,1,2020-21
2021-03-31,22020,LAL,1564.9738402602916,1,2020-21
2021-04-02,22020,LAL,1549.382606368912,0,2020-21
2021-04-04,22020,LAL,1564.357936605682,0,2020-21
2021-04-06,22020,LAL,1553.5892463578375,0,2020-21
2021-04-08,22020,LAL,1561.8979636134504,0,2020-21
2021-04-10,22020,LAL,1553.7653559382354,0,2020-21
2021-04-12,22020,LAL,1580.5228731162313,0,2020-21
2021-04-13,22020,LAL,1566.72387782823,0,2020-21
2021-04-15,22020,LAL,1575.7663392220911,1,2020-21
2021-04-17,22020,LAL,1563.8526482860495,1,2020-21
2021-04-19,22020,LAL,1578.0900388190153,1,2020-21
2021-04-22,22020,LAL,1566.606564064339,0,2020-21
2021-04-24,22020,LAL,1560.050982954958,0,2020-21
2021-04-26,22020,LAL,1548.1301947009308,0,2020-21
2021-04-28,22020,LAL,1552.9803868947938,0,2020-21
2021-04-30,22020,LAL,1542.1665415515326,1,2020-21
2021-05-02,22020,LAL,1530.9393686339563,1,2020-21
2021-05-03,22020,LAL,1518.6150908062816,1,2020-21
2021-05-06,22020,LAL,1526.2880198458045,0,2020-21
2021-05-07,22020,LAL,1516.046618142175,0,2020-21
2021-05-09,22020,LAL,1511.3138477852938,1,2020-21
2021-05-11,22020,LAL,1526.8542558627032,1,2020-21
2021-05-12,22020,LAL,1531.9499052994183,1,2020-21
2021-05-15,22020,LAL,1533.1511573414216,0,2020-21
2021-05-16,22020,LAL,1541.331889313483,0,2020-21
2021-10-19,22021,LAL,1531.582796037464,1,2021-22
2021-10-22,22021,LAL,1521.460618805715,1,2021-22
2021-10-24,22021,LAL,1510.8272770551378,1,2021-22
2021-10-26,22021,LAL,1516.050084983034,0,2021-22
2021-10-27,22021,LAL,1522.5953286813503,0,2021-22
2021-10-29,22021,LAL,1507.9535957824694,1,2021-22
2021-10-31,22021,LAL,1514.8493029771214,1,2021-22
2021-11-02,22021,LAL,1519.1326226829165,1,2021-22
2021-11-04,22021,LAL,1521.0418706967123,1,2021-22
2021-11-06,22021,LAL,1509.879085114449,0,2021-22
2021-11-08,22021,LAL,1500.604658406079,1,2021-22
2021-11-10,22021,LAL,1504.3017302343535,1,2021-22
2021-11-12,22021,LAL,1510.2799258839118,1,2021-22
2021-11-14,22021,LAL,1480.5668191164254,1,2021-22
2021-11-15,22021,LAL,1487.5977760905548,1,2021-22
2021-11-17,22021,LAL,1473.4048426903398,0,2021-22
2021-11-19,22021,LAL,1467.8648068030852,0,2021-22
2021-11-21,22021,LAL,1455.5627171056094,0,2021-22
2021-11-23,22021,LAL,1461.7722529343862,0,2021-22
2021-11-24,22021,LAL,1456.708597304897,0,2021-22
2021-11-26,22021,LAL,1470.2205538249293,1,2021-22
2021-11-28,22021,LAL,1461.8378925145,1,2021-22
2021-11-30,22021,LAL,1465.039238953929,0,2021-22
2021-12-03,22021,LAL,1485.1160888778377,1,2021-22
2021-12-07,22021,LAL,1477.7452129025887,1,2021-22
2021-12-09,22021,LAL,1491.6628923450914,0,2021-22
2021-12-10,22021,LAL,1482.0026938494498,0,2021-22
2021-12-12,22021,LAL,1493.1042297348197,1,2021-22
2021-12-15,22021,LAL,1497.2634516324267,0,2021-22
2021-12-17,22021,LAL,1504.3426127978275,0,2021-22
2021-12-19,22021,LAL,1490.781252167741,0,2021-22
2021-12-21,22021,LAL,1485.9732743983611,1,2021-22
2021-12-23,22021,LAL,1476.9427603416989,1,2021-22
2021-12-25,22021,LAL,1453.8001268058335,1,2021-22
2021-12-28,22021,LAL,1447.4052754837862,0,2021-22
2021-12-29,22021,LAL,1455.433250733963,0,2021-22
2021-12-31,22021,LAL,1451.6684885002423,1,2021-22
2022-01-02,22021,LAL,1469.8245887396529,1,2021-22
2022-01-04,22021,LAL,1475.9294411748117,1,2021-22
2022-01-07,22021,LAL,1481.3170080487655,1,2021-22
2022-01-09,22021,LAL,1493.1497532136225,1,2021-22
2022-01-12,22021,LAL,1485.983132086219,0,2021-22
2022-01-15,22021,LAL,1473.8205022099132,0,2021-22
2022-01-17,22021,LAL,1457.4157176624817,1,2021-22
2022-01-19,22021,LAL,1468.5560961679032,1,2021-22
2022-01-21,22021,LAL,1457.7563492476118,0,2021-22
2022-01-23,22021,LAL,1464.8512620133486,0,2021-22
2022-01-25,22021,LAL,1461.2566017786537,0,2021-22
2022-01-27,22021,LAL,1476.9477669343055,0,2021-22
2022-01-28,22021,LAL,1468.953208038011,0,2021-22
2022-01-30,22021,LAL,1465.3703572442562,0,2021-22
2022-02-02,22021,LAL,1459.3153892820442,1,2021-22
2022-02-03,22021,LAL,1464.3322081128197,0,2021-22
2022-02-05,22021,LAL,1461.2937248618327,1,2021-22
2022-02-08,22021,LAL,1468.5074615614792,1,2021-22
2022-02-09,22021,LAL,1457.791645772472,0,2021-22
2022-02-12,22021,LAL,1452.3425553205402,0,2021-22
2022-02-16,22021,LAL,1450.5920442740864,1,2021-22
2022-02-25,22021,LAL,1460.549980742074,1,2021-22
2022-02-27,22021,LAL,1454.5961038858943,1,2021-22
2022-03-01,22021,LAL,1433.8047349957533,1,2021-22
2022-03-03,22021,LAL,1429.624352460508,0,2021-22
2022-03-05,22021,LAL,1419.6425930632615,1,2021-22
2022-03-07,22021,LAL,1432.97712590572,0,2021-22
2022-03-09,22021,LAL,1426.9922983833758,0,2021-22
2022-03-11,22021,LAL,1414.1532059931924,1,2021-22
2022-03-13,22021,LAL,1424.5117607095049,0,2021-22
2022-03-14,22021,LAL,1419.3656185728414,1,2021-22
2022-03-16,22021,LAL,1411.5378562042692,0,2021-22
2022-03-18,22021,LAL,1405.6867122319586,0,2021-22
2022-03-19,22021,LAL,1418.7636765239704,0,2021-22
2022-03-21,22021,LAL,1410.2151788063973,0,2021-22
2022-03-23,22021,LAL,1428.4595048343233,1,2021-22
2022-03-27,22021,LAL,1423.703880531378,0,2021-22
2022-03-29,22021,LAL,1419.0097216587335,0,2021-22
2022-03-31,22021,LAL,1413.055426230086,0,2021-22
2022-04-01,22021,LAL,1407.8644336616396,1,2021-22
2022-04-03,22021,LAL,1403.799241712272,1,2021-22
2022-04-05,22021,LAL,1396.8345909192865,0,2021-22
2022-04-07,22021,LAL,1394.5215680953588,0,2021-22
2022-04-08,22021,LAL,1389.0868194824377,1,2021-22
2022-04-10,22021,LAL,1399.9913795533107,0,2021-22
2022-10-18,22022,LAL,1447.8619055482118,0,2022-23
2022-10-20,22022,LAL,1441.2134726109032,1,2022-23
2022-10-23,22022,LAL,1434.2661685763896,1,2022-23
2022-10-26,22022,LAL,1427.304512811036,0,2022-23
2022-10-28,22022,LAL,1420.761445318416,0,2022-23
2022-10-30,22022,LAL,1415.9170104875202,1,2022-23
2022-11-02,22022,LAL,1429.3562697364282,1,2022-23
2022-11-04,22022,LAL,1436.5485512086134,1,2022-23
2022-11-06,22022,LAL,1426.9242723492052,1,2022-23
2022-11-07,22022,LAL,1418.0143973800373,0,2022-23
2022-11-09,22022,LAL,1410.8860379918276,0,2022-23
2022-11-11,22022,LAL,1403.6648276736462,1,2022-23
2022-11-13,22022,LAL,1395.4309729579847,1,2022-23
2022-11-18,22022,LAL,1411.9738593998866,1,2022-23
2022-11-20,22022,LAL,1417.6567683745438,1,2022-23
2022-11-22,22022,LAL,1436.3125742017278,0,2022-23
2022-11-25,22022,LAL,1432.3787656508043,0,2022-23
2022-11-26,22022,LAL,1443.7735939465206,0,2022-23
2022-11-28,22022,LAL,1450.4681395681398,1,2022-23
2022-11-30,22022,LAL,1445.983970269005,1,2022-23
2022-12-02,22022,LAL,1457.7501751527416,0,2022-23
2022-12-04,22022,LAL,1468.246687103879,0,2022-23
2022-12-06,22022,LAL,1481.3343264104287,0,2022-23
2022-12-07,22022,LAL,1473.8358947629847,0,2022-23
2022-12-09,22022,LAL,1465.653887639507,0,2022-23
2022-12-11,22022,LAL,1459.0496670655966,0,2022-23
2022-12-13,22022,LAL,1466.849655327907,1,2022-23
2022-12-16,22022,LAL,1463.234333889264,1,2022-23
2022-12-18,22022,LAL,1480.3432531908495,1,2022-23
2022-12-19,22022,LAL,1483.2973226417516,0,2022-23
2022-12-21,22022,LAL,1472.4465712823617,0,2022-23
2022-12-23,22022,LAL,1463.433535007988,1,2022-23
2022-12-25,22022,LAL,1453.7576345632217,0,2022-23
2022-12-27,22022,LAL,1448.1520459654191,0,2022-23
2022-12-28,22022,LAL,1466.6247874430444,0,2022-23
2022-12-30,22022,LAL,1457.1944935076715,0,2022-23
2023-01-02,22022,LAL,1469.7840299692425,0,2022-23
2023-01-04,22022,LAL,1476.4776763459945,1,2022-23
2023-01-06,22022,LAL,1481.9173499771696,1,2022-23
2023-01-07,22022,LAL,1493.1727927951429,0,2022-23
2023-01-09,22022,LAL,1498.902748814845,0,2022-23
2023-01-12,22022,LAL,1492.0224569672675,1,2022-23
2023-01-15,22022,LAL,1485.2005502044112,1,2022-23
2023-01-16,22022,LAL,1481.6096464288637,1,2022-23
2023-01-18,22022,LAL,1485.0984768781157,1,2022-23
2023-01-20,22022,LAL,1477.6512427664525,1,2022-23
2023-01-22,22022,LAL,1483.6444049869494,0,2022-23
2023-01-24,22022,LAL,1494.0973593680458,1,2022-23
2023-01-25,22022,LAL,1475.2381659763157,1,2022-23
2023-01-28,22022,LAL,1479.6943051906796,0,2022-23
2023-01-30,22022,LAL,1476.8572687653505,0,2022-23
2023-01-31,22022,LAL,1468.5017275099342,0,2022-23
2023-02-02,22022,LAL,1479.6832700921982,0,2022-23
2023-02-04,22022,LAL,1483.8165621604237,0,2022-23
2023-02-07,22022,LAL,1477.5541999252437,1,2022-23
2023-02-09,22022,LAL,1471.640970501756,1,2022-23
2023-02-11,22022,LAL,1463.9454801192376,0,2022-23
2023-02-13,22022,LAL,1475.5029231511623,0,2022-23
2023-02-15,22022,LAL,1465.3151565652108,1,2022-23
2023-02-23,22022,LAL,1479.816239026714,1,2022-23
2023-02-26,22022,LAL,1491.8695811605285,0,2022-23
2023-02-28,22022,LAL,1498.9688929422084,0,2022-23
2023-03-01,22022,LAL,1492.4067114064585,0,2022-23
2023-03-03,22022,LAL,1501.7200087384988,1,2022-23
2023-03-05,22022,LAL,1491.1613187586215,1,2022-23
2023-03-07,22022,LAL,1500.594883967856,1,2022-23
2023-03-10,22022,LAL,1511.2809564307072,1,2022-23
2023-03-12,22022,LAL,1519.8000059667947,1,2022-23
2023-03-14,22022,LAL,1513.628888245053,0,2022-23
2023-03-15,22022,LAL,1527.1400970685067,0,2022-23
2023-03-17,22022,LAL,1516.27597886716,1,2022-23
2023-03-19,22022,LAL,1510.9947360082874,1,2022-23
2023-03-22,22022,LAL,1515.775196559747,1,2022-23
2023-03-24,22022,LAL,1525.917287651547,1,2022-23
2023-03-26,22022,LAL,1531.4789257027708,1,2022-23
2023-03-29,22022,LAL,1519.605851775979,0,2022-23
2023-03-31,22022,LAL,1533.787105908653,0,2022-23
2023-04-02,22022,LAL,1547.4249575397669,0,2022-23
2023-04-04,22022,LAL,1555.2081210864133,0,2022-23
2023-04-05,22022,LAL,1558.8002769746972,0,2022-23
2023-04-07,22022,LAL,1550.914512674233,1,2022-23
2023-04-09,22022,LAL,1563.236637063765,1,2022-23
2023-10-24,22023,LAL,1540.791887884978,0,2023-24
2023-10-26,22023,LAL,1530.6032408077165,1,2023-24
2023-10-29,22023,LAL,1536.8294016628606,0,2023-24
2023-10-30,22023,LAL,1530.6682412686982,1,2023-24
2023-11-01,22023,LAL,1534.528684275588,1,2023-24
2023-11-04,22023,LAL,1540.6750094646352,0,2023-24
2023-11-06,22023,LAL,1524.2969956806674,0,2023-24
2023-11-08,22023,LAL,1520.5602298255146,0,2023-24
2023-11-10,22023,LAL,1492.9450983570318,0,2023-24
2023-11-12,22023,LAL,1500.42110843988,1,2023-24
2023-11-14,22023,LAL,1504.4170112244374,1,2023-24
2023-11-15,22023,LAL,1519.3633313756782,1,2023-24
2023-11-17,22023,LAL,1502.5544490028956,0,2023-24
2023-11-19,22023,LAL,1511.0101854209836,1,2023-24
2023-11-21,22023,LAL,1513.7486293073212,1,2023-24
2023-11-22,22023,LAL,1526.5577558963423,1,2023-24
2023-11-25,22023,LAL,1519.3165951090457,0,2023-24
2023-11-27,22023,LAL,1528.783817081203,0,2023-24
2023-11-29,22023,LAL,1511.801889575809,0,2023-24
2023-11-30,22023,LAL,1522.1265346522707,0,2023-24
2023-12-02,22023,LAL,1510.247150362064,1,2023-24
2023-12-05,22023,LAL,1517.7012221694413,1,2023-24
2023-12-07,22023,LAL,1522.9741087493555,1,2023-24
2023-12-12,22023,LAL,1548.7015770728174,0,2023-24
2023-12-13,22023,LAL,1544.1193665047083,0,2023-24
2023-12-15,22023,LAL,1546.5188824152972,0,2023-24
2023-12-18,22023,LAL,1523.3749310859118,1,2023-24
2023-12-20,22023,LAL,1515.9584585921912,0,2023-24
2023-12-21,22023,LAL,1502.5133230800536,0,2023-24
2023-12-23,22023,LAL,1498.324939799081,0,2023-24
2023-12-25,22023,LAL,1514.1632892250775,1,2023-24
2023-12-28,22023,LAL,1507.886845888464,1,2023-24
2023-12-30,22023,LAL,1513.9752824542516,0,2023-24
2023-12-31,22023,LAL,1511.4509023393284,0,2023-24
2024-01-03,22023,LAL,1500.344941112639,1,2023-24
2024-01-05,22023,LAL,1486.9241247459054,1,2023-24
2024-01-07,22023,LAL,1467.9880388904096,1,2023-24
2024-01-09,22023,LAL,1475.639442174146,1,2023-24
2024-01-11,22023,LAL,1479.1067332949458,1,2023-24
2024-01-13,22023,LAL,1462.1649650748095,0,2023-24
2024-01-15,22023,LAL,1457.0738873999749,1,2023-24
2024-01-17,22023,LAL,1470.2214946662373,1,2023-24
2024-01-19,22023,LAL,1483.495727020677,1,2023-24
2024-01-21,22023,LAL,1462.2242961240602,1,2023-24
2024-01-23,22023,LAL,1470.8792321902013,0,2023-24
2024-01-25,22023,LAL,1466.611780650966,1,2023-24
2024-01-27,22023,LAL,1475.689357478604,0,2023-24
2024-01-29,22023,LAL,1480.5654291058147,0,2023-24
2024-01-30,22023,LAL,1467.9306191394178,0,2023-24
2024-02-01,22023,LAL,1453.2939524501974,0,2023-24
2024-02-03,22023,LAL,1474.721254191889,0,2023-24
2024-02-05,22023,LAL,1492.4117528153836,0,2023-24
2024-02-08,22023,LAL,1495.872872450585,1,2023-24
2024-02-09,22023,LAL,1488.5879259835274,1,2023-24
2024-02-13,22023,LAL,1507.0439971468352,1,2023-24
2024-02-14,22023,LAL,1510.979604565071,0,2023-24
2024-02-22,22023,LAL,1527.2168383938388,0,2023-24
2024-02-23,22023,LAL,1516.8118535888418,1,2023-24
2024-02-25,22023,LAL,1519.0745753204262,0,2023-24
2024-02-28,22023,LAL,1512.2392252652537,0,2023-24
2024-02-29,22023,LAL,1522.2324060167814,1,2023-24
2024-03-02,22023,LAL,1523.7093985894296,1,2023-24
2024-03-04,22023,LAL,1514.5095965248593,1,2023-24
2024-03-06,22023,LAL,1528.734770584693,1,2023-24
2024-03-08,22023,LAL,1516.303582748423,1,2023-24
2024-03-10,22023,LAL,1520.4448349792829,1,2023-24
2024-03-13,22023,LAL,1534.3830289442783,0,2023-24
2024-03-16,22023,LAL,1524.9972232875534,1,2023-24
2024-03-18,22023,LAL,1516.1056642668837,1,2023-24
2024-03-22,22023,LAL,1531.7573409102467,1,2023-24
2024-03-24,22023,LAL,1536.6790029985082,1,2023-24
2024-03-26,22023,LAL,1543.2081817160954,0,2023-24
2024-03-27,22023,LAL,1551.955587361521,0,2023-24
2024-03-29,22023,LAL,1557.6582332420185,0,2023-24
2024-03-31,22023,LAL,1544.338113911238,0,2023-24
2024-04-02,22023,LAL,1553.8846001226486,0,2023-24
2024-04-03,22023,LAL,1560.0699525691832,0,2023-24
2024-04-06,22023,LAL,1562.708223770105,1,2023-24
2024-04-07,22023,LAL,1573.8828573302126,1,2023-24
2024-04-09,22023,LAL,1564.5760836473496,1,2023-24
2024-04-12,22023,LAL,1551.3545474570712,0,2023-24
2024-04-14,22023,LAL,1554.02971193783,0,2023-24
2024-10-22,22024,LAL,1544.407212886983,1,2024-25
2024-10-25,22024,LAL,1552.3956164002195,1,2024-25
2024-10-26,22024,LAL,1560.1796113782184,1,2024-25
2024-10-28,22024,LAL,1564.574942648945,0,2024-25
2024-10-30,22024,LAL,1559.7420305747464,0,2024-25
2024-11-01,22024,LAL,1543.4007188873093,0,2024-25
2024-11-04,22024,LAL,1547.9633711456904,0,2024-25
2024-11-06,22024,LAL,1531.383393711235,0,2024-25
2024-11-08,22024,LAL,1513.8935109240897,1,2024-25
2024-11-10,22024,LAL,1520.3339879152147,1,2024-25
2024-11-13,22024,LAL,1526.8341922909444,1,2024-25
2024-11-15,22024,LAL,1531.716272509068,0,2024-25
2024-11-16,22024,LAL,1538.4106899840483,0,2024-25
2024-11-19,22024,LAL,1544.637526931613,1,2024-25
2024-11-21,22024,LAL,1547.4356737394107,1,2024-25
2024-11-23,22024,LAL,1542.517094465123,1,2024-25
2024-11-26,22024,LAL,1521.5770362107703,0,2024-25
2024-11-27,22024,LAL,1505.7639329219542,0,2024-25
2024-11-29,22024,LAL,1523.2774755799528,1,2024-25
2024-12-01,22024,LAL,1516.8012255761184,0,2024-25
2024-12-02,22024,LAL,1519.4099398863525,0,2024-25
2024-12-04,22024,LAL,1502.221459913771,0,2024-25
2024-12-06,22024,LAL,1481.0753527146103,0,2024-25
2024-12-08,22024,LAL,1477.3994112913986,1,2024-25
2024-12-13,22024,LAL,1482.1080662397349,0,2024-25
2024-12-15,22024,LAL,1476.5441632750988,1,2024-25
2024-12-19,22024,LAL,1485.336724738254,0,2024-25
2024-12-21,22024,LAL,1502.2899820882276,0,2024-25
2024-12-23,22024,LAL,1510.1743643998789,1,2024-25
2024-12-25,22024,LAL,1501.4614026941667,0,2024-25
2024-12-28,22024,LAL,1507.9389173923823,1,2024-25
2024-12-31,22024,LAL,1515.4370580261343,1,2024-25
2025-01-02,22024,LAL,1507.4961220381467,1,2024-25
2025-01-03,22024,LAL,1511.0118743841049,1,2024-25
2025-01-05,22024,LAL,1522.8187931629218,0,2024-25
2025-01-07,22024,LAL,1518.725284113248,0,2024-25
2025-01-13,22024,LAL,1506.4294657615003,1,2024-25
2025-01-15,22024,LAL,1481.5154306680963,1,2024-25
2025-01-17,22024,LAL,1490.6363143588642,1,2024-25
2025-01-19,22024,LAL,1492.4313972517214,0,2024-25
2025-01-21,22024,LAL,1484.5042262925715,1,2024-25
2025-01-23,22024,LAL,1489.2511455672836,1,2024-25
2025-01-25,22024,LAL,1513.6978093677449,0,2024-25
2025-01-27,22024,LAL,1524.840398818224,0,2024-25
2025-01-28,22024,LAL,1529.3286152682706,0,2024-25
2025-01-30,22024,LAL,1514.7045661575007,0,2024-25
2025-02-01,22024,LAL,1523.454473916585,0,2024-25
2025-02-04,22024,LAL,1546.486838347694,0,2024-25
2025-02-06,22024,LAL,1569.6137927028296,1,2024-25
2025-02-08,22024,LAL,1574.4130869856178,1,2024-25
2025-02-10,22024,LAL,1581.2933820019052,1,2024-25
2025-02-12,22024,LAL,1586.0166720015295,0,2024-25
2025-02-19,22024,LAL,1566.3432004151523,1,2024-25
2025-02-20,22024,LAL,1553.4167916340546,0,2024-25
2025-02-22,22024,LAL,1561.0854708115198,0,2024-25
2025-02-25,22024,LAL,1588.265571348679,1,2024-25
2025-02-27,22024,LAL,1593.9549547566396,1,2024-25
2025-02-28,22024,LAL,1602.5234825778016,1,2024-25
2025-03-02,22024,LAL,1606.2419546463368,1,2024-25
2025-03-04,22024,LAL,1610.6342079327085,1,2024-25
2025-03-06,22024,LAL,1615.3292121533173,1,2024-25
2025-03-08,22024,LAL,1619.9727823638175,0,2024-25
2025-03-10,22024,LAL,1613.2434622837222,0,2024-25
2025-03-13,22024,LAL,1602.552654376475,0,2024-25
2025-03-14,22024,LAL,1585.6976006543173,0,2024-25
2025-03-16,22024,LAL,1580.6678006482146,1,2024-25
2025-03-17,22024,LAL,1585.9471017459832,1,2024-25
2025-03-19,22024,LAL,1591.1112727361667,1,2024-25
2025-03-20,22024,LAL,1601.9077748825796,1,2024-25
2025-03-22,22024,LAL,1572.268308565195,1,2024-25
2025-03-24,22024,LAL,1534.994347838585,0,2024-25
2025-03-26,22024,LAL,1521.5356374830706,0,2024-25
2025-03-27,22024,LAL,1527.2330850124526,0,2024-25
2025-03-29,22024,LAL,1522.9781146120963,0,2024-25
2025-03-31,22024,LAL,1534.0579453842856,1,2024-25
2025-04-03,22024,LAL,1542.4517422928654,1,2024-25
2025-04-04,22024,LAL,1534.0257470265271,1,2024-25
2025-04-06,22024,LAL,1538.8480190372388,0,2024-25
2025-04-08,22024,LAL,1583.2865635076023,0,2024-25
2025-04-09,22024,LAL,1577.5101241949606,0,2024-25
2025-04-11,22024,LAL,1586.7526657481524,1,2024-25
2025-04-13,22024,LAL,1608.025616138091,0,2024-25
2025-10-21,22025,LAL,1548.5790779647778,1,2025-26
2025-10-24,22025,LAL,1536.8819559936064,1,2025-26
2025-10-26,22025,LAL,1552.588900972131,0,2025-26
2025-10-27,22025,LAL,1560.7463158981516,1,2025-26
2025-10-29,22025,LAL,1542.9095900856707,0,2025-26
2025-10-31,22025,LAL,1548.1254971346298,0,2025-26
2025-11-02,22025,LAL,1555.574850321966,1,2025-26
2025-11-03,22025,LAL,1563.4753218963522,0,2025-26
2025-11-05,22025,LAL,1573.3930170960532,1,2025-26
2025-11-08,22025,LAL,1576.251246962077,0,2025-26
2025-11-10,22025,LAL,1557.2633896425464,0,2025-26
2025-11-12,22025,LAL,1562.7660810013926,0,2025-26
2025-11-14,22025,LAL,1553.8395809343806,0,2025-26
2025-11-15,22025,LAL,1560.3967416858773,0,2025-26
2025-11-18,22025,LAL,1581.040932109677,1,2025-26
2025-11-23,22025,LAL,1585.2815929905598,0,2025-26
2025-11-25,22025,LAL,1587.7414555607124,1,2025-26
2025-11-28,22025,LAL,1595.4749670370825,1,2025-26
2025-11-30,22025,LAL,1598.5618865700892,1,2025-26
2025-12-01,22025,LAL,1601.0682491303137,1,2025-26
2025-12-04,22025,LAL,1578.7922053213538,0,2025-26
2025-12-05,22025,LAL,1584.5014730516104,0,2025-26
2025-12-07,22025,LAL,1570.9411896204688,0,2025-26
2025-12-10,22025,LAL,1575.616254660048,1,2025-26
2025-12-14,22025,LAL,1559.3369264655478,0,2025-26
2025-12-18,22025,LAL,1564.5877583770944,0,2025-26
2025-12-20,22025,LAL,1570.4246911887528,0,2025-26
2025-12-23,22025,LAL,1553.1900629768936,0,2025-26
2025-12-25,22025,LAL,1536.127875722697,1,2025-26
2025-12-28,22025,LAL,1518.719291788969,1,2025-26
2025-12-30,22025,LAL,1527.4157221624737,1,2025-26
2026-01-02,22025,LAL,1511.8412935714534,1,2025-26
2026-01-04,22025,LAL,1518.4208218338206,1,2025-26
2026-01-06,22025,LAL,1524.1431061698297,0,2025-26
2026-01-07,22025,LAL,1529.246629602173,0,2025-26
2026-01-09,22025,LAL,1520.098207455757,1,2025-26
2026-01-12,22025,LAL,1510.8555018181437,0,2025-26
2026-01-13,22025,LAL,1494.5265001877303,1,2025-26
2026-01-15,22025,LAL,1511.4148295472964,1,2025-26
2026-01-17,22025,LAL,1491.5485099472207,0,2025-26
2026-01-18,22025,LAL,1480.074567550521,1,2025-26
2026-01-20,22025,LAL,1492.844955533232,0,2025-26
2026-01-22,22025,LAL,1505.7843943669998,0,2025-26
2026-01-24,22025,LAL,1499.0208065643944,0,2025-26
2026-01-26,22025,LAL,1507.27836717201,0,2025-26
2026-01-28,22025,LAL,1519.4332389595277,0,2025-26
2026-01-30,22025,LAL,1505.1840692040164,0,2025-26
2026-02-01,22025,LAL,1518.0279403340533,0,2025-26
2026-02-03,22025,LAL,1510.3313054797084,0,2025-26
2026-02-05,22025,LAL,1519.1016337821677,1,2025-26
2026-02-07,22025,LAL,1524.6095924002825,1,2025-26
2026-02-09,22025,LAL,1531.5063927953352,1,2025-26
2026-02-10,22025,LAL,1524.8165506567186,1,2025-26
2026-02-12,22025,LAL,1507.3125168308604,1,2025-26
2026-02-20,22025,LAL,1516.5776482645504,1,2025-26
2026-02-22,22025,LAL,1521.9143817192796,1,2025-26
2026-02-24,22025,LAL,1508.324761354308,1,2025-26
2026-02-26,22025,LAL,1503.2469207042498,0,2025-26
2026-02-28,22025,LAL,1498.7164180033,0,2025-26
2026-03-01,22025,LAL,1526.5800535220556,1,2025-26
2026-03-03,22025,LAL,1532.2769794554265,1,2025-26
2026-03-05,22025,LAL,1536.798597203486,0,2025-26
2026-03-06,22025,LAL,1530.8146229040567,1,2025-26
2026-03-08,22025,LAL,1533.9484348575695,1,2025-26
2026-03-10,22025,LAL,1550.1213264168202,1,2025-26
2026-03-12,22025,LAL,1560.9090639981189,1,2025-26
2026-03-14,22025,LAL,1565.2092402875055,1,2025-26
2026-03-16,22025,LAL,1569.5393063238282,0,2025-26
2026-03-18,22025,LAL,1580.196848412378,0,2025-26
2026-03-19,22025,LAL,1590.1068471177518,0,2025-26
2026-03-21,22025,LAL,1599.7352159389527,0,2025-26
2026-03-23,22025,LAL,1603.613096667718,0,2025-26
2026-03-25,22025,LAL,1599.8147965933288,0,2025-26
2026-03-27,22025,LAL,1602.2679934787704,1,2025-26
2026-03-30,22025,LAL,1604.6965340138363,1,2025-26
2026-03-31,22025,LAL,1607.0549950617935,1,2025-26
2026-04-02,22025,LAL,1617.9602904841308,0,2025-26
2026-04-05,22025,LAL,1603.170498853754,0,2025-26
2026-04-07,22025,LAL,1588.429791468518,1,2025-26
2026-04-09,22025,LAL,1571.8052284979972,0,2025-26
2026-04-10,22025,LAL,1582.212333316764,1,2025-26
2026-04-12,22025,LAL,1595.276654279918,1,2025-26
2020-12-23,22020,MEM,1500.0,1,2020-21
2020-12-26,22020,MEM,1486.146525409703,1,2020-21
2020-12-28,22020,MEM,1475.125464037582,0,2020-21
2020-12-30,22020,MEM,1485.2053187267056,0,2020-21
2021-01-01,22020,MEM,1472.2614213255015,0,2020-21
2021-01-03,22020,MEM,1490.4937330125545,1,2020-21
2021-01-05,22020,MEM,1477.5150699520882,1,2020-21
2021-01-07,22020,MEM,1473.0924898097985,1,2020-21
2021-01-08,22020,MEM,1466.0637296395105,1,2020-21
2021-01-11,22020,MEM,1473.7325063534522,0,2020-21
2021-01-13,22020,MEM,1486.8871667564838,0,2020-21
2021-01-16,22020,MEM,1497.691349557737,1,2020-21
2021-01-18,22020,MEM,1502.2841124406302,1,2020-21
2021-01-30,22020,MEM,1508.0963377461946,0,2020-21
2021-02-01,22020,MEM,1526.6543932512964,0,2020-21
2021-02-02,22020,MEM,1551.7600970880426,0,2020-21
2021-02-04,22020,MEM,1537.25151015127,1,2020-21
2021-02-06,22020,MEM,1522.8715091969657,0,2020-21
2021-02-08,22020,MEM,1513.597343719814,1,2020-21
2021-02-10,22020,MEM,1497.2488126597625,1,2020-21
2021-02-12,22020,MEM,1509.3554668930894,0,2020-21
2021-02-14,22020,MEM,1504.216110582048,0,2020-21
2021-02-16,22020,MEM,1516.701421168104,1,2020-21
2021-02-17,22020,MEM,1486.729751321839,1,2020-21
2021-02-19,22020,MEM,1493.218881445075,1,2020-21
2021-02-20,22020,MEM,1502.0526066506652,1,2020-21
2021-02-22,22020,MEM,1480.308805601106,0,2020-21
2021-02-25,22020,MEM,1471.4596843002191,1,2020-21
2021-02-26,22020,MEM,1498.4844205916893,1,2020-21
2021-02-28,22020,MEM,1483.4798277205018,0,2020-21
2021-03-02,22020,MEM,1512.7391144688706,0,2020-21
2021-03-04,22020,MEM,1525.163774755412,1,2020-21
2021-03-10,22020,MEM,1520.8241586493775,1,2020-21
2021-03-12,22020,MEM,1528.897907714747,1,2020-21
2021-03-14,22020,MEM,1525.261625297302,0,2020-21
2021-03-15,22020,MEM,1515.955640934989,0,2020-21
2021-03-17,22020,MEM,1506.1364152264937,1,2020-21
2021-03-19,22020,MEM,1511.9569104360903,1,2020-21
2021-03-20,22020,MEM,1496.8653710024273,1,2020-21
2021-03-22,22020,MEM,1504.9608760202566,1,2020-21
2021-03-24,22020,MEM,1510.882315865098,0,2020-21
2021-03-26,22020,MEM,1519.374954876827,0,2020-21
2021-03-27,22020,MEM,1516.9937500867838,0,2020-21
2021-03-29,22020,MEM,1511.1479626114178,0,2020-21
2021-03-31,22020,MEM,1517.3241770936306,1,2020-21
2021-04-02,22020,MEM,1513.290263864407,1,2020-21
2021-04-04,22020,MEM,1517.6340405760045,0,2020-21
2021-04-06,22020,MEM,1540.721648204085,0,2020-21
2021-04-07,22020,MEM,1553.2165878641038,0,2020-21
2021-04-09,22020,MEM,1571.9949665122156,0,2020-21
2021-04-11,22020,MEM,1565.4422660853627,1,2020-21
2021-04-12,22020,MEM,1552.8830518803122,1,2020-21
2021-04-14,22020,MEM,1559.285468303074,1,2020-21
2021-04-16,22020,MEM,1554.496527060916,0,2020-21
2021-04-17,22020,MEM,1563.39539016638,0,2020-21
2021-04-19,22020,MEM,1580.1272999346752,0,2020-21
2021-04-21,22020,MEM,1576.5400892006066,0,2020-21
2021-04-23,22020,MEM,1569.4311497077606,0,2020-21
2021-04-25,22020,MEM,1573.7604649382454,0,2020-21
2021-04-26,22020,MEM,1581.045893664408,0,2020-21
2021-04-28,22020,MEM,1566.4514032988398,1,2020-21
2021-04-30,22020,MEM,1541.7104134175422,1,2020-21
2021-05-01,22020,MEM,1545.7853053233966,0,2020-21
2021-05-03,22020,MEM,1538.7488873735929,1,2020-21
2021-05-05,22020,MEM,1526.076686843966,0,2020-21
2021-05-06,22020,MEM,1530.769480181271,0,2020-21
2021-05-08,22020,MEM,1512.9525190081756,0,2020-21
2021-05-10,22020,MEM,1523.4925383215066,1,2020-21
2021-05-11,22020,MEM,1528.800229516881,1,2020-21
2021-05-13,22020,MEM,1550.678016332908,1,2020-21
2021-05-14,22020,MEM,1554.7994640293991,1,2020-21
2021-05-16,22020,MEM,1556.8705012518233,0,2020-21
2021-10-20,22021,MEM,1527.8921793959385,1,2021-22
2021-10-23,22021,MEM,1532.70639719506,0,2021-22
2021-10-24,22021,MEM,1542.6680823761387,0,2021-22
2021-10-27,22021,MEM,1537.4452744482426,0,2021-22
2021-10-28,22021,MEM,1524.7643172736844,0,2021-22
2021-10-30,22021,MEM,1532.1492079511513,1,2021-22
2021-11-01,22021,MEM,1511.7776746079046,1,2021-22
2021-11-03,22021,MEM,1522.0317960956172,1,2021-22
2021-11-05,22021,MEM,1526.7551321001908,0,2021-22
2021-11-08,22021,MEM,1509.1281939918651,1,2021-22
2021-11-10,22021,MEM,1513.8233806077824,1,2021-22
2021-11-12,22021,MEM,1498.5852415958436,1,2021-22
2021-11-13,22021,MEM,1481.5749138278966,0,2021-22
2021-11-15,22021,MEM,1468.945110054874,1,2021-22
2021-11-18,22021,MEM,1479.2142771776391,1,2021-22
2021-11-20,22021,MEM,1492.9751705930628,0,2021-22
2021-11-22,22021,MEM,1465.7196866820284,0,2021-22
2021-11-24,22021,MEM,1473.2246690248369,1,2021-22
2021-11-26,22021,MEM,1458.9832177830824,1,2021-22
2021-11-28,22021,MEM,1439.4035388747636,1,2021-22
2021-11-30,22021,MEM,1456.468469044502,0,2021-22
2021-12-02,22021,MEM,1466.9521028817962,1,2021-22
2021-12-04,22021,MEM,1485.2660202138854,0,2021-22
2021-12-06,22021,MEM,1495.9587841087096,0,2021-22
2021-12-08,22021,MEM,1514.1464226011503,1,2021-22
2021-12-09,22021,MEM,1502.4662591270585,1,2021-22
2021-12-11,22021,MEM,1512.1264576227,1,2021-22
2021-12-13,22021,MEM,1515.744650395607,1,2021-22
2021-12-15,22021,MEM,1539.8376730395903,0,2021-22
2021-12-17,22021,MEM,1548.968815456434,0,2021-22
2021-12-19,22021,MEM,1560.9360164991156,1,2021-22
2021-12-20,22021,MEM,1549.5646618339824,1,2021-22
2021-12-23,22021,MEM,1537.327334254282,0,2021-22
2021-12-26,22021,MEM,1532.348090842118,0,2021-22
2021-12-27,22021,MEM,1546.6490335998176,0,2021-22
2021-12-29,22021,MEM,1553.341162881103,1,2021-22
2021-12-31,22021,MEM,1557.1059251148235,1,2021-22
2022-01-03,22021,MEM,1565.832412039464,0,2021-22
2022-01-04,22021,MEM,1581.3558893332538,0,2021-22
2022-01-06,22021,MEM,1588.5458227374993,1,2021-22
2022-01-08,22021,MEM,1593.3584564964658,0,2021-22
2022-01-09,22021,MEM,1603.6692488176482,0,2021-22
2022-01-11,22021,MEM,1610.8358699450516,1,2021-22
2022-01-13,22021,MEM,1619.382671003472,1,2021-22
2022-01-14,22021,MEM,1624.1387995491057,1,2021-22
2022-01-17,22021,MEM,1594.4879634651104,1,2021-22
2022-01-19,22021,MEM,1601.9267304661105,0,2021-22
2022-01-21,22021,MEM,1590.3442963354803,0,2021-22
2022-01-23,22021,MEM,1596.5066182075138,0,2021-22
2022-01-26,22021,MEM,1585.983527817907,0,2021-22
2022-01-28,22021,MEM,1592.8425651596474,1,2021-22
2022-01-29,22021,MEM,1600.9081177134358,1,2021-22
2022-01-31,22021,MEM,1607.4642883742556,0,2021-22
2022-02-02,22021,MEM,1602.4876012336488,0,2021-22
2022-02-05,22021,MEM,1611.2202074246643,0,2021-22
2022-02-08,22021,MEM,1617.2624077957155,1,2021-22
2022-02-10,22021,MEM,1625.640431198022,0,2021-22
2022-02-12,22021,MEM,1631.7459400654127,0,2021-22
2022-02-15,22021,MEM,1637.0511466717917,0,2021-22
2022-02-16,22021,MEM,1644.8878129489665,1,2021-22
2022-02-24,22021,MEM,1631.3502893339023,0,2021-22
2022-02-26,22021,MEM,1623.2582034096213,0,2021-22
2022-02-28,22021,MEM,1630.1140147177464,1,2021-22
2022-03-03,22021,MEM,1635.404956819249,0,2021-22
2022-03-05,22021,MEM,1625.117174201153,1,2021-22
2022-03-06,22021,MEM,1629.6710025224024,0,2021-22
2022-03-08,22021,MEM,1604.702931749291,1,2021-22
2022-03-11,22021,MEM,1615.9978380403584,1,2021-22
2022-03-13,22021,MEM,1619.0257209793226,0,2021-22
2022-03-15,22021,MEM,1621.9032292315255,0,2021-22
2022-03-18,22021,MEM,1633.6492377883592,0,2021-22
2022-03-20,22021,MEM,1617.1384044367242,0,2021-22
2022-03-23,22021,MEM,1622.2736164869077,1,2021-22
2022-03-24,22021,MEM,1628.157083203566,1,2021-22
2022-03-26,22021,MEM,1634.6023973173808,1,2021-22
2022-03-28,22021,MEM,1648.2364669745782,1,2021-22
2022-03-30,22021,MEM,1659.7594128671362,0,2021-22
2022-04-01,22021,MEM,1661.9870194335642,1,2021-22
2022-04-05,22021,MEM,1671.5010206242112,0,2021-22
2022-04-07,22021,MEM,1661.885425577758,0,2021-22
2022-04-09,22021,MEM,1646.6021862126331,1,2021-22
2022-04-10,22021,MEM,1656.98945016187,1,2021-22
2022-10-19,22022,MEM,1580.608650360996,1,2022-23
2022-10-21,22022,MEM,1584.043571949057,0,2022-23
2022-10-22,22022,MEM,1588.4078105770934,0,2022-23
2022-10-24,22022,MEM,1561.89933613593,1,2022-23
2022-10-27,22022,MEM,1568.6652186555664,0,2022-23
2022-10-29,22022,MEM,1577.266001831338,0,2022-23
2022-10-31,22022,MEM,1573.5276895192858,0,2022-23
2022-11-02,22022,MEM,1560.8955007545144,0,2022-23
2022-11-04,22022,MEM,1565.4282375206733,1,2022-23
2022-11-06,22022,MEM,1579.4394578290965,1,2022-23
2022-11-07,22022,MEM,1582.5891484795509,1,2022-23
2022-11-09,22022,MEM,1576.771947062033,0,2022-23
2022-11-11,22022,MEM,1580.3420369902606,1,2022-23
2022-11-13,22022,MEM,1586.5009576597452,0,2022-23
2022-11-15,22022,MEM,1573.0944916957344,0,2022-23
2022-11-18,22022,MEM,1562.3883146312137,1,2022-23
2022-11-20,22022,MEM,1567.7371338135636,0,2022-23
2022-11-22,22022,MEM,1555.3082329647611,1,2022-23
2022-11-25,22022,MEM,1546.1818556794356,1,2022-23
2022-11-27,22022,MEM,1561.8616676719555,0,2022-23
2022-11-30,22022,MEM,1567.6584174439572,0,2022-23
2022-12-02,22022,MEM,1557.8127276757616,1,2022-23
2022-12-04,22022,MEM,1565.4109408986856,0,2022-23
2022-12-05,22022,MEM,1571.039974810411,1,2022-23
2022-12-07,22022,MEM,1577.3535735392772,1,2022-23
2022-12-09,22022,MEM,1585.093040813786,1,2022-23
2022-12-12,22022,MEM,1588.7531123143287,1,2022-23
2022-12-15,22022,MEM,1599.7084827744795,1,2022-23
2022-12-17,22022,MEM,1621.130230349731,0,2022-23
2022-12-20,22022,MEM,1608.7579052743474,0,2022-23
2022-12-23,22022,MEM,1594.5775538033408,0,2022-23
2022-12-25,22022,MEM,1615.9665590679142,0,2022-23
2022-12-27,22022,MEM,1600.2869294668849,1,2022-23
2022-12-29,22022,MEM,1579.8457579023195,0,2022-23
2022-12-31,22022,MEM,1590.6008151918998,1,2022-23
2023-01-01,22022,MEM,1601.7815754648802,1,2022-23
2023-01-04,22022,MEM,1607.2037427794965,0,2022-23
2023-01-05,22022,MEM,1615.6515198062098,0,2022-23
2023-01-08,22022,MEM,1620.1793317078077,1,2022-23
2023-01-09,22022,MEM,1623.4872670559507,1,2022-23
2023-01-11,22022,MEM,1625.6873964869535,1,2022-23
2023-01-14,22022,MEM,1627.516056555865,0,2022-23
2023-01-16,22022,MEM,1638.2603877640229,1,2022-23
2023-01-18,22022,MEM,1647.4519798470874,1,2022-23
2023-01-20,22022,MEM,1649.8246491921154,0,2022-23
2023-01-22,22022,MEM,1643.8314869716185,0,2022-23
2023-01-23,22022,MEM,1637.1312764151332,0,2022-23
2023-01-25,22022,MEM,1608.4097666570185,0,2022-23
2023-01-27,22022,MEM,1602.7146165183492,0,2022-23
2023-01-29,22022,MEM,1589.3326951662632,1,2022-23
2023-02-01,22022,MEM,1594.1850537330308,1,2022-23
2023-02-02,22022,MEM,1575.8086675653362,0,2022-23
2023-02-05,22022,MEM,1564.020777950887,1,2022-23
2023-02-07,22022,MEM,1556.1052142396484,1,2022-23
2023-02-10,22022,MEM,1565.675037559606,1,2022-23
2023-02-12,22022,MEM,1578.0395914640112,0,2022-23
2023-02-15,22022,MEM,1571.121309094862,1,2022-23
2023-02-23,22022,MEM,1575.392477416912,0,2022-23
2023-02-25,22022,MEM,1570.126507107297,1,2022-23
2023-02-28,22022,MEM,1585.6853243427822,1,2022-23
2023-03-01,22022,MEM,1592.2475058785324,0,2022-23
2023-03-03,22022,MEM,1596.0201267404052,0,2022-23
2023-03-05,22022,MEM,1585.5707305041271,0,2022-23
2023-03-07,22022,MEM,1576.674751850647,0,2022-23
2023-03-09,22022,MEM,1565.988679387796,1,2022-23
2023-03-11,22022,MEM,1578.160758961527,1,2022-23
2023-03-13,22022,MEM,1581.8235789780315,0,2022-23
2023-03-15,22022,MEM,1593.9653006127994,0,2022-23
2023-03-17,22022,MEM,1575.7912901662276,0,2022-23
2023-03-18,22022,MEM,1578.6013014366656,1,2022-23
2023-03-20,22022,MEM,1587.1225495971844,1,2022-23
2023-03-22,22022,MEM,1590.5577444345315,1,2022-23
2023-03-24,22022,MEM,1591.9414829190102,1,2022-23
2023-03-26,22022,MEM,1596.8779180690033,0,2022-23
2023-03-28,22022,MEM,1602.1068352308864,1,2022-23
2023-03-29,22022,MEM,1605.3104542042636,1,2022-23
2023-03-31,22022,MEM,1590.6526096343384,1,2022-23
2023-04-02,22022,MEM,1599.2851131754774,0,2022-23
2023-04-04,22022,MEM,1582.1704162497726,1,2022-23
2023-04-05,22022,MEM,1584.9560348052726,0,2022-23
2023-04-07,22022,MEM,1576.1678350131515,0,2022-23
2023-04-09,22022,MEM,1601.5244041015162,0,2022-23
2023-10-25,22023,MEM,1551.1519971776152,1,2023-24
2023-10-27,22023,MEM,1540.1310342946667,1,2023-24
2023-10-28,22023,MEM,1532.4946021497826,0,2023-24
2023-10-30,22023,MEM,1522.963710575277,1,2023-24
2023-11-01,22023,MEM,1504.375657837548,0,2023-24
2023-11-03,22023,MEM,1483.9974907522826,0,2023-24
2023-11-05,22023,MEM,1478.6184860870706,0,2023-24
2023-11-08,22023,MEM,1489.4400079671357,1,2023-24
2023-11-10,22023,MEM,1480.520408741957,1,2023-24
2023-11-12,22023,MEM,1469.2073961773665,0,2023-24
2023-11-14,22023,MEM,1477.7895442302402,0,2023-24
2023-11-18,22023,MEM,1462.8432240789994,0,2023-24
2023-11-19,22023,MEM,1472.0046424010968,1,2023-24
2023-11-22,22023,MEM,1469.3745596694853,0,2023-24
2023-11-24,22023,MEM,1455.2171042825223,1,2023-24
2023-11-26,22023,MEM,1440.6859651967252,1,2023-24
2023-11-29,22023,MEM,1428.2138638892034,1,2023-24
2023-12-01,22023,MEM,1438.1692641212635,0,2023-24
2023-12-02,22023,MEM,1456.7333383577534,0,2023-24
2023-12-06,22023,MEM,1452.075890333292,0,2023-24
2023-12-08,22023,MEM,1460.3017794943898,1,2023-24
2023-12-11,22023,MEM,1447.4143721916264,1,2023-24
2023-12-13,22023,MEM,1439.2265387849288,0,2023-24
2023-12-15,22023,MEM,1431.430561414321,1,2023-24
2023-12-18,22023,MEM,1423.80519345581,0,2023-24
2023-12-19,22023,MEM,1417.6282051210703,0,2023-24
2023-12-21,22023,MEM,1426.15120962075,1,2023-24
2023-12-23,22023,MEM,1438.9244161796732,0,2023-24
2023-12-26,22023,MEM,1449.993131900089,0,2023-24
2023-12-28,22023,MEM,1456.6286950403794,0,2023-24
2023-12-29,22023,MEM,1445.9009094945056,0,2023-24
2023-12-31,22023,MEM,1440.729244616588,1,2023-24
2024-01-02,22023,MEM,1420.3147044800332,1,2023-24
2024-01-03,22023,MEM,1424.5812928010623,1,2023-24
2024-01-05,22023,MEM,1417.2803077466194,0,2023-24
2024-01-07,22023,MEM,1436.2163936021152,0,2023-24
2024-01-09,22023,MEM,1448.1241434746232,0,2023-24
2024-01-12,22023,MEM,1468.9529964493208,1,2023-24
2024-01-13,22023,MEM,1462.4732203521637,1,2023-24
2024-01-15,22023,MEM,1454.2800515121985,1,2023-24
2024-01-18,22023,MEM,1463.2134895592271,0,2023-24
2024-01-20,22023,MEM,1457.9297953045784,0,2023-24
2024-01-22,22023,MEM,1442.2561299643264,0,2023-24
2024-01-24,22023,MEM,1453.7552423563543,0,2023-24
2024-01-26,22023,MEM,1467.3616769248715,1,2023-24
2024-01-28,22023,MEM,1470.9921546785235,0,2023-24
2024-01-29,22023,MEM,1466.3627532759422,1,2023-24
2024-02-01,22023,MEM,1456.6690204224258,1,2023-24
2024-02-02,22023,MEM,1451.7213288571022,1,2023-24
2024-02-04,22023,MEM,1434.4849568042778,0,2023-24
2024-02-06,22023,MEM,1427.520372866244,0,2023-24
2024-02-08,22023,MEM,1424.4189568922477,1,2023-24
2024-02-10,22023,MEM,1415.6848312706595,0,2023-24
2024-02-12,22023,MEM,1401.3164994178778,1,2023-24
2024-02-14,22023,MEM,1395.927282268032,1,2023-24
2024-02-15,22023,MEM,1405.5094837237075,1,2023-24
2024-02-23,22023,MEM,1412.9699439545084,1,2023-24
2024-02-26,22023,MEM,1409.1358427353557,1,2023-24
2024-02-28,22023,MEM,1386.872629693553,0,2023-24
2024-03-01,22023,MEM,1384.7710431287494,1,2023-24
2024-03-02,22023,MEM,1352.0678518590214,1,2023-24
2024-03-04,22023,MEM,1341.7235686215545,0,2023-24
2024-03-06,22023,MEM,1352.1685122872316,0,2023-24
2024-03-08,22023,MEM,1365.0402369907576,1,2023-24
2024-03-10,22023,MEM,1358.107751540558,0,2023-24
2024-03-12,22023,MEM,1352.9316551184309,1,2023-24
2024-03-13,22023,MEM,1360.4466985510544,1,2023-24
2024-03-16,22023,MEM,1343.773830570992,1,2023-24
2024-03-18,22023,MEM,1340.861156939342,0,2023-24
2024-03-20,22023,MEM,1337.7250048915002,0,2023-24
2024-03-22,22023,MEM,1332.881194328124,0,2023-24
2024-03-25,22023,MEM,1339.2345892008937,0,2023-24
2024-03-27,22023,MEM,1335.8181439866742,1,2023-24
2024-03-30,22023,MEM,1330.1154981061768,0,2023-24
2024-04-01,22023,MEM,1323.0879211668066,0,2023-24
2024-04-03,22023,MEM,1328.5082182189294,0,2023-24
2024-04-05,22023,MEM,1351.3999730756732,1,2023-24
2024-04-06,22023,MEM,1361.355787158262,1,2023-24
2024-04-09,22023,MEM,1349.071345073572,1,2023-24
2024-04-10,22023,MEM,1334.5177197365335,0,2023-24
2024-04-12,22023,MEM,1330.3218209874683,1,2023-24
2024-04-14,22023,MEM,1327.6466565067096,1,2023-24
2024-10-23,22024,MEM,1394.2532954338806,0,2024-25
2024-10-25,22024,MEM,1400.4693061945195,0,2024-25
2024-10-26,22024,MEM,1391.742694516216,1,2024-25
2024-10-28,22024,MEM,1408.857850820885,1,2024-25
2024-10-30,22024,MEM,1403.7303246031518,1,2024-25
2024-10-31,22024,MEM,1391.0193482476134,1,2024-25
2024-11-02,22024,MEM,1412.981229305456,0,2024-25
2024-11-04,22024,MEM,1434.308043214968,0,2024-25
2024-11-06,22024,MEM,1430.491382474875,1,2024-25
2024-11-08,22024,MEM,1447.9812652620203,1,2024-25
2024-11-10,22024,MEM,1458.0808986110633,0,2024-25
2024-11-13,22024,MEM,1485.935747254208,0,2024-25
2024-11-15,22024,MEM,1481.0536670360843,0,2024-25
2024-11-17,22024,MEM,1478.1294977464756,1,2024-25
2024-11-19,22024,MEM,1494.2516092189271,1,2024-25
2024-11-20,22024,MEM,1483.4371856716475,1,2024-25
2024-11-23,22024,MEM,1488.208857666889,0,2024-25
2024-11-25,22024,MEM,1499.6301335505518,1,2024-25
2024-11-27,22024,MEM,1510.3596590288173,1,2024-25
2024-11-29,22024,MEM,1518.8825031121658,1,2024-25
2024-12-01,22024,MEM,1524.038062115302,1,2024-25
2024-12-03,22024,MEM,1532.7690775194562,0,2024-25
2024-12-05,22024,MEM,1528.4615933523285,1,2024-25
2024-12-07,22024,MEM,1533.7354330307162,0,2024-25
2024-12-08,22024,MEM,1548.189756685607,0,2024-25
2024-12-13,22024,MEM,1556.196693696104,1,2024-25
2024-12-15,22024,MEM,1562.8273083823835,0,2024-25
2024-12-19,22024,MEM,1554.0347469192282,1,2024-25
2024-12-21,22024,MEM,1581.794509417339,0,2024-25
2024-12-23,22024,MEM,1593.340660745292,1,2024-25
2024-12-26,22024,MEM,1584.6138755576662,1,2024-25
2024-12-27,22024,MEM,1590.7489379173603,0,2024-25
2024-12-29,22024,MEM,1594.587083845831,0,2024-25
2024-12-31,22024,MEM,1585.451432374561,0,2024-25
2025-01-03,22024,MEM,1591.4849364425152,0,2024-25
2025-01-04,22024,MEM,1583.0258657037364,0,2024-25
2025-01-06,22024,MEM,1573.988658109766,1,2024-25
2025-01-09,22024,MEM,1584.4518857302216,1,2024-25
2025-01-11,22024,MEM,1577.040884967785,0,2024-25
2025-01-13,22024,MEM,1582.50375390799,0,2024-25
2025-01-15,22024,MEM,1578.7466648243856,0,2024-25
2025-01-17,22024,MEM,1590.0348443507723,0,2024-25
2025-01-20,22024,MEM,1606.703024403652,1,2024-25
2025-01-22,22024,MEM,1610.0778993728866,1,2024-25
2025-01-24,22024,MEM,1612.8155672929995,1,2024-25
2025-01-25,22024,MEM,1616.18732390506,1,2024-25
2025-01-27,22024,MEM,1621.0487323498508,0,2024-25
2025-01-30,22024,MEM,1598.4288982913583,1,2024-25
2025-02-02,22024,MEM,1602.104825755647,0,2024-25
2025-02-03,22024,MEM,1613.2938220331623,1,2024-25
2025-02-05,22024,MEM,1620.1967335520828,0,2024-25
2025-02-08,22024,MEM,1632.0031228664702,1,2024-25
2025-02-11,22024,MEM,1622.4285478287986,0,2024-25
2025-02-12,22024,MEM,1628.3992253047036,0,2024-25
2025-02-20,22024,MEM,1612.943019058156,0,2024-25
2025-02-21,22024,MEM,1599.686238805746,0,2024-25
2025-02-23,22024,MEM,1602.1971933398283,0,2024-25
2025-02-25,22024,MEM,1598.3700839742255,1,2024-25
2025-02-28,22024,MEM,1600.7598717555866,1,2024-25
2025-03-01,22024,MEM,1595.8486758657298,1,2024-25
2025-03-03,22024,MEM,1586.7113511456316,1,2024-25
2025-03-05,22024,MEM,1577.9431207874238,1,2024-25
2025-03-07,22024,MEM,1569.224596476327,0,2024-25
2025-03-09,22024,MEM,1578.3427637653267,0,2024-25
2025-03-10,22024,MEM,1581.1014444541397,1,2024-25
2025-03-12,22024,MEM,1583.325567021655,1,2024-25
2025-03-14,22024,MEM,1585.465399741028,1,2024-25
2025-03-15,22024,MEM,1579.4645311534343,1,2024-25
2025-03-17,22024,MEM,1589.130077981,0,2024-25
2025-03-19,22024,MEM,1576.7816163911912,0,2024-25
2025-03-21,22024,MEM,1560.42781053579,0,2024-25
2025-03-25,22024,MEM,1547.754875637324,0,2024-25
2025-03-27,22024,MEM,1559.5055954809495,0,2024-25
2025-03-29,22024,MEM,1554.687207776694,1,2024-25
2025-03-31,22024,MEM,1543.607377004505,1,2024-25
2025-04-01,22024,MEM,1535.971551172114,1,2024-25
2025-04-03,22024,MEM,1526.100603924828,0,2024-25
2025-04-05,22024,MEM,1531.5535471241428,0,2024-25
2025-04-08,22024,MEM,1542.3898653200383,0,2024-25
2025-04-10,22024,MEM,1548.9455658457146,1,2024-25
2025-04-11,22024,MEM,1536.6005218316664,0,2024-25
2025-04-13,22024,MEM,1530.0009112665248,1,2024-25
2025-10-22,22025,MEM,1526.1150025604695,1,2025-26
2025-10-24,22025,MEM,1529.4441664885076,1,2025-26
2025-10-25,22025,MEM,1499.197328419761,1,2025-26
2025-10-27,22025,MEM,1518.4502405949806,0,2025-26
2025-10-29,22025,MEM,1510.1185118664596,0,2025-26
2025-10-31,22025,MEM,1513.8493192440371,1,2025-26
2025-11-02,22025,MEM,1506.399966056701,0,2025-26
2025-11-03,22025,MEM,1493.5590710546787,1,2025-26
2025-11-05,22025,MEM,1484.4095852419628,1,2025-26
2025-11-07,22025,MEM,1473.594449996315,1,2025-26
2025-11-09,22025,MEM,1481.5702218166473,1,2025-26
2025-11-11,22025,MEM,1475.2212473229872,0,2025-26
2025-11-12,22025,MEM,1468.6248643749564,0,2025-26
2025-11-15,22025,MEM,1454.8253126013192,0,2025-26
2025-11-18,22025,MEM,1450.8386080325392,0,2025-26
2025-11-20,22025,MEM,1444.3412809763154,1,2025-26
2025-11-22,22025,MEM,1464.2422512992384,0,2025-26
2025-11-24,22025,MEM,1471.3356041765458,1,2025-26
2025-11-26,22025,MEM,1464.4954267040716,0,2025-26
2025-11-28,22025,MEM,1469.6093706067488,0,2025-26
2025-11-30,22025,MEM,1478.2579792022418,0,2025-26
2025-12-02,22025,MEM,1486.434765737907,0,2025-26
2025-12-05,22025,MEM,1480.810408658109,1,2025-26
2025-12-07,22025,MEM,1488.8060618944971,1,2025-26
2025-12-12,22025,MEM,1504.2584197703793,1,2025-26
2025-12-15,22025,MEM,1493.702232539549,0,2025-26
2025-12-17,22025,MEM,1510.284934431153,0,2025-26
2025-12-20,22025,MEM,1522.3816240963984,1,2025-26
2025-12-22,22025,MEM,1502.5833784131023,0,2025-26
2025-12-23,22025,MEM,1499.1693953548386,0,2025-26
2025-12-26,22025,MEM,1506.9976161017953,1,2025-26
2025-12-28,22025,MEM,1517.2162099674545,0,2025-26
2025-12-30,22025,MEM,1507.1681964394977,1,2025-26
2026-01-02,22025,MEM,1499.0971782435636,0,2025-26
2026-01-04,22025,MEM,1492.5176499811964,0,2025-26
2026-01-06,22025,MEM,1486.7953656451873,1,2025-26
2026-01-07,22025,MEM,1491.6505202389123,1,2025-26
2026-01-09,22025,MEM,1476.8642621086722,1,2025-26
2026-01-11,22025,MEM,1474.7602352101858,1,2025-26
2026-01-15,22025,MEM,1478.9412926055652,0,2025-26
2026-01-18,22025,MEM,1472.633731457802,1,2025-26
2026-01-21,22025,MEM,1486.5056455276676,1,2025-26
2026-01-23,22025,MEM,1480.2799141872665,1,2025-26
2026-01-26,22025,MEM,1466.3429711346962,0,2025-26
2026-01-28,22025,MEM,1461.818894952659,1,2025-26
2026-01-30,22025,MEM,1450.3168227635124,0,2025-26
2026-01-31,22025,MEM,1440.0765996343648,1,2025-26
2026-02-02,22025,MEM,1430.5644948987208,1,2025-26
2026-02-04,22025,MEM,1445.1067327355106,0,2025-26
2026-02-06,22025,MEM,1450.3855261348112,0,2025-26
2026-02-07,22025,MEM,1437.5164273659743,0,2025-26
2026-02-09,22025,MEM,1431.5904510421371,0,2025-26
2026-02-11,22025,MEM,1429.5097758990632,0,2025-26
2026-02-20,22025,MEM,1425.7093525861667,1,2025-26
2026-02-21,22025,MEM,1431.3823974288612,0,2025-26
2026-02-23,22025,MEM,1424.206423799905,1,2025-26
2026-02-25,22025,MEM,1407.230693629922,1,2025-26
2026-02-27,22025,MEM,1394.138441714288,0,2025-26
2026-03-01,22025,MEM,1413.712257990282,0,2025-26
2026-03-03,22025,MEM,1427.4913902372116,0,2025-26
2026-03-04,22025,MEM,1424.0032822810865,1,2025-26
2026-03-07,22025,MEM,1414.3990515735418,1,2025-26
2026-03-09,22025,MEM,1410.52713671328,0,2025-26
2026-03-10,22025,MEM,1397.669634497369,0,2025-26
2026-03-12,22025,MEM,1391.734909208992,1,2025-26
2026-03-13,22025,MEM,1379.671836174133,0,2025-26
2026-03-16,22025,MEM,1376.6244937327697,0,2025-26
2026-03-18,22025,MEM,1361.0921358397293,1,2025-26
2026-03-20,22025,MEM,1375.6809274773584,1,2025-26
2026-03-21,22025,MEM,1373.1406869335804,0,2025-26
2026-03-23,22025,MEM,1369.100455716352,0,2025-26
2026-03-25,22025,MEM,1359.9223555465803,1,2025-26
2026-03-27,22025,MEM,1355.6678599940774,1,2025-26
2026-03-28,22025,MEM,1349.899387264829,1,2025-26
2026-03-30,22025,MEM,1353.6488270716327,1,2025-26
2026-04-01,22025,MEM,1341.714203804336,1,2025-26
2026-04-03,22025,MEM,1337.8592621673315,1,2025-26
2026-04-05,22025,MEM,1324.7770713331024,0,2025-26
2026-04-06,22025,MEM,1314.1285114460525,1,2025-26
2026-04-08,22025,MEM,1309.555500159736,0,2025-26
2026-04-10,22025,MEM,1307.039691283508,0,2025-26
2026-04-12,22025,MEM,1277.7718365112476,0,2025-26
2020-12-23,22020,MIA,1500.0,0,2020-21
2020-12-25,22020,MIA,1493.627386099868,1,2020-21
2020-12-29,22020,MIA,1504.634477368225,1,2020-21
2020-12-30,22020,MIA,1467.929533522664,1,2020-21
2021-01-01,22020,MIA,1479.7635728401915,0,2020-21
2021-01-04,22020,MIA,1472.0014818719455,1,2020-21
2021-01-06,22020,MIA,1489.3608325227983,1,2020-21
2021-01-09,22020,MIA,1484.0455805181427,0,2020-21
2021-01-12,22020,MIA,1491.263036904042,0,2020-21
2021-01-14,22020,MIA,1487.169266772677,0,2020-21
2021-01-16,22020,MIA,1476.8145344203003,1,2020-21
2021-01-18,22020,MIA,1454.8407915457433,1,2020-21
2021-01-20,22020,MIA,1461.37495564899,0,2020-21
2021-01-22,22020,MIA,1474.690559315536,0,2020-21
2021-01-23,22020,MIA,1462.1379024495293,0,2020-21
2021-01-25,22020,MIA,1457.9789151140694,0,2020-21
2021-01-27,22020,MIA,1450.215799203888,1,2020-21
2021-01-28,22020,MIA,1433.889799887785,1,2020-21
2021-01-30,22020,MIA,1429.3348648617978,1,2020-21
2021-02-01,22020,MIA,1432.7422730408907,1,2020-21
2021-02-03,22020,MIA,1423.8471210868258,1,2020-21
2021-02-05,22020,MIA,1417.309746213019,1,2020-21
2021-02-07,22020,MIA,1435.283807180661,0,2020-21
2021-02-09,22020,MIA,1446.3851969299144,1,2020-21
2021-02-11,22020,MIA,1451.01565388293,0,2020-21
2021-02-13,22020,MIA,1462.4456614315443,0,2020-21
2021-02-15,22020,MIA,1457.3212875030606,0,2020-21
2021-02-17,22020,MIA,1453.7864592050364,0,2020-21
2021-02-18,22020,MIA,1448.1910576667383,0,2020-21
2021-02-20,22020,MIA,1458.181522123556,0,2020-21
2021-02-22,22020,MIA,1466.7750012008537,0,2020-21
2021-02-24,22020,MIA,1480.67384604993,1,2020-21
2021-02-26,22020,MIA,1490.3882063986166,1,2020-21
2021-02-28,22020,MIA,1504.8031319646225,1,2020-21
2021-03-02,22020,MIA,1512.5155068304273,1,2020-21
2021-03-04,22020,MIA,1495.1271637586374,0,2020-21
2021-03-11,22020,MIA,1507.537379061117,1,2020-21
2021-03-12,22020,MIA,1511.905072932189,0,2020-21
2021-03-14,22020,MIA,1524.0012246909762,0,2020-21
2021-03-16,22020,MIA,1528.6727535798725,1,2020-21
2021-03-17,22020,MIA,1534.0705397174368,0,2020-21
2021-03-19,22020,MIA,1528.25004450784,1,2020-21
2021-03-21,22020,MIA,1500.7000712224003,1,2020-21
2021-03-23,22020,MIA,1494.3242895501717,1,2020-21
2021-03-25,22020,MIA,1486.6624155804725,1,2020-21
2021-03-26,22020,MIA,1479.996515848938,0,2020-21
2021-03-29,22020,MIA,1474.727952083712,0,2020-21
2021-03-31,22020,MIA,1489.1594485004814,0,2020-21
2021-04-01,22020,MIA,1498.4073965707237,1,2020-21
2021-04-03,22020,MIA,1504.7824322209776,1,2020-21
2021-04-06,22020,MIA,1510.4844312563157,1,2020-21
2021-04-08,22020,MIA,1497.989491596297,1,2020-21
2021-04-11,22020,MIA,1506.122099271512,0,2020-21
2021-04-13,22020,MIA,1518.1237193440263,0,2020-21
2021-04-14,22020,MIA,1510.6297271394758,0,2020-21
2021-04-16,22020,MIA,1502.0484440670025,0,2020-21
2021-04-18,22020,MIA,1488.7104837078348,1,2020-21
2021-04-19,22020,MIA,1494.487830056575,1,2020-21
2021-04-21,22020,MIA,1500.8154537685937,0,2020-21
2021-04-23,22020,MIA,1520.268006073686,0,2020-21
2021-04-24,22020,MIA,1510.7451306463104,1,2020-21
2021-04-26,22020,MIA,1515.3987416391217,1,2020-21
2021-04-28,22020,MIA,1502.3515532920767,1,2020-21
2021-05-01,22020,MIA,1508.112184775767,0,2020-21
2021-05-02,22020,MIA,1517.642228164866,0,2020-21
2021-05-04,22020,MIA,1528.620039295554,1,2020-21
2021-05-07,22020,MIA,1514.5746608612724,1,2020-21
2021-05-09,22020,MIA,1519.2914158356512,0,2020-21
2021-05-11,22020,MIA,1528.4219779447724,0,2020-21
2021-05-13,22020,MIA,1538.4995564473195,1,2020-21
2021-05-15,22020,MIA,1551.6011416873555,0,2020-21
2021-05-16,22020,MIA,1543.152009027022,0,2020-21
2021-10-21,22021,MIA,1530.1886265669,1,2021-22
2021-10-23,22021,MIA,1557.8725966807149,0,2021-22
2021-10-25,22021,MIA,1545.7649137894591,1,2021-22
2021-10-27,22021,MIA,1550.959545725244,0,2021-22
2021-10-29,22021,MIA,1565.307328206193,1,2021-22
2021-10-30,22021,MIA,1573.1976578904569,0,2021-22
2021-11-02,22021,MIA,1593.5691912337036,0,2021-22
2021-11-04,22021,MIA,1606.0932567263112,1,2021-22
2021-11-06,22021,MIA,1580.3522306016032,1,2021-22
2021-11-08,22021,MIA,1586.146584172123,0,2021-22
2021-11-10,22021,MIA,1572.8832207471823,0,2021-22
2021-11-11,22021,MIA,1566.905025097624,0,2021-22
2021-11-13,22021,MIA,1562.380011435555,0,2021-22
2021-11-15,22021,MIA,1572.8849380900149,0,2021-22
2021-11-17,22021,MIA,1578.8858132648825,1,2021-22
2021-11-18,22021,MIA,1583.75483582871,1,2021-22
2021-11-20,22021,MIA,1593.2590908170712,0,2021-22
2021-11-23,22021,MIA,1587.5466318489391,0,2021-22
2021-11-24,22021,MIA,1591.889884616024,0,2021-22
2021-11-27,22021,MIA,1578.1358689196031,0,2021-22
2021-11-29,22021,MIA,1584.066614747302,1,2021-22
2021-12-01,22021,MIA,1570.0850471013498,1,2021-22
2021-12-03,22021,MIA,1538.7650207130953,0,2021-22
2021-12-04,22021,MIA,1548.9748331418125,0,2021-22
2021-12-06,22021,MIA,1536.0188160270252,1,2021-22
2021-12-08,22021,MIA,1517.8311775345844,1,2021-22
2021-12-11,22021,MIA,1528.4973629319095,1,2021-22
2021-12-13,22021,MIA,1546.4117425224174,0,2021-22
2021-12-15,22021,MIA,1537.4978860585888,0,2021-22
2021-12-17,22021,MIA,1545.872611556951,0,2021-22
2021-12-19,22021,MIA,1550.367440024237,0,2021-22
2021-12-21,22021,MIA,1531.5524284513808,1,2021-22
2021-12-23,22021,MIA,1547.840315155233,1,2021-22
2021-12-26,22021,MIA,1549.321402921721,1,2021-22
2021-12-28,22021,MIA,1552.314234363344,1,2021-22
2021-12-31,22021,MIA,1556.8825442629757,0,2021-22
2022-01-02,22021,MIA,1561.9392889092603,0,2021-22
2022-01-03,22021,MIA,1554.8411270225097,0,2021-22
2022-01-05,22021,MIA,1550.558653583075,0,2021-22
2022-01-08,22021,MIA,1556.3129736319927,0,2021-22
2022-01-12,22021,MIA,1585.9481683592048,0,2021-22
2022-01-14,22021,MIA,1599.9744353341032,1,2021-22
2022-01-15,22021,MIA,1603.1810716603522,1,2021-22
2022-01-17,22021,MIA,1588.9684627506656,1,2021-22
2022-01-19,22021,MIA,1593.5783930816374,1,2021-22
2022-01-21,22021,MIA,1598.2285893363735,0,2021-22
2022-01-23,22021,MIA,1591.774068043238,1,2021-22
2022-01-26,22021,MIA,1595.368728277933,1,2021-22
2022-01-28,22021,MIA,1601.8945503011375,1,2021-22
2022-01-29,22021,MIA,1605.7218342726935,1,2021-22
2022-01-31,22021,MIA,1595.9866508326495,0,2021-22
2022-02-01,22021,MIA,1574.7511789275584,0,2021-22
2022-02-03,22021,MIA,1568.745681915409,0,2021-22
2022-02-05,22021,MIA,1580.5011767002004,0,2021-22
2022-02-07,22021,MIA,1593.8047353862914,0,2021-22
2022-02-10,22021,MIA,1604.6849849359917,0,2021-22
2022-02-12,22021,MIA,1614.8864160903497,1,2021-22
2022-02-15,22021,MIA,1617.3126574864386,1,2021-22
2022-02-17,22021,MIA,1605.4109886869555,0,2021-22
2022-02-25,22021,MIA,1609.7068365285993,0,2021-22
2022-02-26,22021,MIA,1617.6244875776893,1,2021-22
2022-02-28,22021,MIA,1620.573319040646,1,2021-22
2022-03-02,22021,MIA,1627.5111940468173,0,2021-22
2022-03-03,22021,MIA,1623.077858312022,0,2021-22
2022-03-05,22021,MIA,1627.1831072428972,1,2021-22
2022-03-07,22021,MIA,1638.3376699245948,1,2021-22
2022-03-09,22021,MIA,1640.458621207184,1,2021-22
2022-03-11,22021,MIA,1622.291933192034,1,2021-22
2022-03-12,22021,MIA,1628.7108072269234,1,2021-22
2022-03-15,22021,MIA,1614.7768661061143,1,2021-22
2022-03-18,22021,MIA,1616.5596745410376,1,2021-22
2022-03-21,22021,MIA,1618.7089980312264,0,2021-22
2022-03-23,22021,MIA,1610.2394823725656,1,2021-22
2022-03-25,22021,MIA,1592.661554787578,1,2021-22
2022-03-26,22021,MIA,1578.465126116998,1,2021-22
2022-03-28,22021,MIA,1558.5246546056417,1,2021-22
2022-03-30,22021,MIA,1564.9465803813366,0,2021-22
2022-04-02,22021,MIA,1580.814460838374,0,2021-22
2022-04-03,22021,MIA,1594.3912231547592,0,2021-22
2022-04-05,22021,MIA,1602.850096807256,1,2021-22
2022-04-08,22021,MIA,1615.6119843570032,1,2021-22
2022-04-10,22021,MIA,1619.6836981398185,0,2021-22
2022-10-19,22022,MIA,1555.8348796067216,1,2022-23
2022-10-21,22022,MIA,1542.0610193519503,1,2022-23
2022-10-22,22022,MIA,1534.8939411152537,1,2022-23
2022-10-24,22022,MIA,1539.8107361528157,1,2022-23
2022-10-26,22022,MIA,1529.2300270048636,0,2022-23
2022-10-27,22022,MIA,1541.9095886165117,0,2022-23
2022-10-29,22022,MIA,1531.6813106100574,0,2022-23
2022-11-01,22022,MIA,1521.514761633714,1,2022-23
2022-11-02,22022,MIA,1528.4769491571988,1,2022-23
2022-11-04,22022,MIA,1531.3867261266698,0,2022-23
2022-11-07,22022,MIA,1525.4512905673676,1,2022-23
2022-11-10,22022,MIA,1516.0149306287133,1,2022-23
2022-11-12,22022,MIA,1520.4316383722285,1,2022-23
2022-11-14,22022,MIA,1529.2623506411949,1,2022-23
2022-11-16,22022,MIA,1533.5578336665014,0,2022-23
2022-11-18,22022,MIA,1526.3002472174396,0,2022-23
2022-11-20,22022,MIA,1522.1499456778038,0,2022-23
2022-11-21,22022,MIA,1506.87225355887,0,2022-23
2022-11-23,22022,MIA,1501.8770801252044,1,2022-23
2022-11-25,22022,MIA,1508.640402881124,1,2022-23
2022-11-27,22022,MIA,1512.5701871213,0,2022-23
2022-11-30,22022,MIA,1524.1771651316787,0,2022-23
2022-12-02,22022,MIA,1519.0372675437256,0,2022-23
2022-12-05,22022,MIA,1530.685646454987,0,2022-23
2022-12-06,22022,MIA,1524.3720477261204,1,2022-23
2022-12-08,22022,MIA,1494.078299342326,1,2022-23
2022-12-10,22022,MIA,1499.2759273990216,1,2022-23
2022-12-12,22022,MIA,1488.0778636358596,0,2022-23
2022-12-14,22022,MIA,1495.470070235604,0,2022-23
2022-12-15,22022,MIA,1500.033663760776,0,2022-23
2022-12-17,22022,MIA,1504.765470586288,0,2022-23
2022-12-20,22022,MIA,1511.9485880740465,1,2022-23
2022-12-23,22022,MIA,1497.569344391932,1,2022-23
2022-12-26,22022,MIA,1490.0460118572348,1,2022-23
2022-12-28,22022,MIA,1494.6953841061395,1,2022-23
2022-12-30,22022,MIA,1504.1256780415124,0,2022-23
2022-12-31,22022,MIA,1499.5760954951163,0,2022-23
2023-01-02,22022,MIA,1506.3572672100884,0,2022-23
2023-01-04,22022,MIA,1519.093120293639,0,2022-23
2023-01-06,22022,MIA,1513.6534466624637,0,2022-23
2023-01-08,22022,MIA,1524.6572284833612,1,2022-23
2023-01-10,22022,MIA,1521.1392331761454,1,2022-23
2023-01-12,22022,MIA,1523.9246163983776,1,2022-23
2023-01-14,22022,MIA,1530.212113738168,1,2022-23
2023-01-16,22022,MIA,1541.064572147743,0,2022-23
2023-01-18,22022,MIA,1531.6865458500504,0,2022-23
2023-01-20,22022,MIA,1557.5074870363123,0,2022-23
2023-01-22,22022,MIA,1536.684219131697,1,2022-23
2023-01-24,22022,MIA,1541.5483311005717,1,2022-23
2023-01-27,22022,MIA,1547.929886220904,1,2022-23
2023-01-29,22022,MIA,1551.6307249735785,0,2022-23
2023-01-31,22022,MIA,1541.7041737321342,0,2022-23
2023-02-02,22022,MIA,1548.9432261987172,0,2022-23
2023-02-04,22022,MIA,1544.4893096963067,0,2022-23
2023-02-08,22022,MIA,1537.507110964471,1,2022-23
2023-02-10,22022,MIA,1541.0554766122068,1,2022-23
2023-02-11,22022,MIA,1542.3061038151125,0,2022-23
2023-02-13,22022,MIA,1548.156807462543,1,2022-23
2023-02-15,22022,MIA,1542.0039102893206,0,2022-23
2023-02-24,22022,MIA,1532.2248671440072,0,2022-23
2023-02-25,22022,MIA,1520.0741090921802,0,2022-23
2023-02-27,22022,MIA,1511.0803552380942,0,2022-23
2023-03-01,22022,MIA,1518.539264943449,1,2022-23
2023-03-03,22022,MIA,1501.9016464697988,1,2022-23
2023-03-04,22022,MIA,1497.9497705826982,1,2022-23
2023-03-06,22022,MIA,1506.0729069792933,1,2022-23
2023-03-08,22022,MIA,1510.1262700136965,1,2022-23
2023-03-10,22022,MIA,1504.760663529125,1,2022-23
2023-03-11,22022,MIA,1512.377893152833,0,2022-23
2023-03-13,22022,MIA,1500.040946300148,1,2022-23
2023-03-15,22022,MIA,1504.4282421165544,1,2022-23
2023-03-18,22022,MIA,1522.6022525631265,0,2022-23
2023-03-19,22022,MIA,1511.954540406028,0,2022-23
2023-03-22,22022,MIA,1517.9728254757604,1,2022-23
2023-03-25,22022,MIA,1526.914734764503,1,2022-23
2023-03-28,22022,MIA,1498.284474479463,0,2022-23
2023-03-29,22022,MIA,1489.222580078743,0,2022-23
2023-04-01,22022,MIA,1483.593188753494,1,2022-23
2023-04-04,22022,MIA,1490.3031965136006,0,2022-23
2023-04-06,22022,MIA,1496.3004662919157,0,2022-23
2023-04-07,22022,MIA,1532.344724330438,0,2022-23
2023-04-09,22022,MIA,1523.4557291862634,1,2022-23
2023-10-25,22023,MIA,1518.6085885281773,1,2023-24
2023-10-27,22023,MIA,1520.2415524597868,0,2023-24
2023-10-28,22023,MIA,1515.064889274843,0,2023-24
2023-10-30,22023,MIA,1503.3998419717416,0,2023-24
2023-11-01,22023,MIA,1496.867948630788,1,2023-24
2023-11-03,22023,MIA,1489.5486310840492,1,2023-24
2023-11-06,22023,MIA,1495.1845019305792,1,2023-24
2023-11-08,22023,MIA,1498.921267785732,0,2023-24
2023-11-11,22023,MIA,1507.8408670109106,0,2023-24
2023-11-12,22023,MIA,1519.8975910788845,0,2023-24
2023-11-14,22023,MIA,1524.6411064958245,0,2023-24
2023-11-16,22023,MIA,1530.2874534180576,1,2023-24
2023-11-18,22023,MIA,1537.0047843104314,0,2023-24
2023-11-20,22023,MIA,1529.407689658064,0,2023-24
2023-11-22,22023,MIA,1544.2991582985348,0,2023-24
2023-11-24,22023,MIA,1573.379870913023,0,2023-24
2023-11-25,22023,MIA,1569.314267450473,0,2023-24
2023-11-28,22023,MIA,1554.722876341631,1,2023-24
2023-11-30,22023,MIA,1545.4125273209777,1,2023-24
2023-12-02,22023,MIA,1551.89230285646,1,2023-24
2023-12-06,22023,MIA,1531.6292651840502,0,2023-24
2023-12-08,22023,MIA,1542.0645166736945,1,2023-24
2023-12-11,22023,MIA,1527.8630433406374,0,2023-24
2023-12-13,22023,MIA,1531.0824299142964,1,2023-24
2023-12-14,22023,MIA,1535.4948424303234,1,2023-24
2023-12-16,22023,MIA,1521.7264550022746,1,2023-24
2023-12-18,22023,MIA,1524.9079064052248,1,2023-24
2023-12-20,22023,MIA,1519.60231760459,0,2023-24
2023-12-22,22023,MIA,1531.6721730265106,1,2023-24
2023-12-25,22023,MIA,1538.8783087180566,1,2023-24
2023-12-28,22023,MIA,1548.2566015457662,0,2023-24
2023-12-30,22023,MIA,1561.6072250464515,0,2023-24
2024-01-01,22023,MIA,1549.4468875577347,0,2023-24
2024-01-03,22023,MIA,1538.6333126063346,0,2023-24
2024-01-05,22023,MIA,1552.054128973068,0,2023-24
2024-01-08,22023,MIA,1538.323244517287,1,2023-24
2024-01-10,22023,MIA,1543.9307318299027,1,2023-24
2024-01-12,22023,MIA,1535.9741722565764,1,2023-24
2024-01-14,22023,MIA,1540.0706960655907,1,2023-24
2024-01-15,22023,MIA,1543.658255367739,0,2023-24
2024-01-17,22023,MIA,1546.962051097711,0,2023-24
2024-01-19,22023,MIA,1525.605940194009,1,2023-24
2024-01-21,22023,MIA,1519.3025755981223,0,2023-24
2024-01-24,22023,MIA,1505.3192575467651,1,2023-24
2024-01-25,22023,MIA,1491.712822978248,1,2023-24
2024-01-27,22023,MIA,1479.7697326050154,0,2023-24
2024-01-29,22023,MIA,1474.2186431179337,1,2023-24
2024-01-31,22023,MIA,1463.202291893422,1,2023-24
2024-02-02,22023,MIA,1473.441920177949,0,2023-24
2024-02-04,22023,MIA,1479.642378994684,1,2023-24
2024-02-06,22023,MIA,1474.512849955854,1,2023-24
2024-02-07,22023,MIA,1493.5561355900334,1,2023-24
2024-02-11,22023,MIA,1497.617263379438,1,2023-24
2024-02-13,22023,MIA,1494.0492647592862,0,2023-24
2024-02-14,22023,MIA,1523.6897823358988,0,2023-24
2024-02-23,22023,MIA,1531.060360235489,0,2023-24
2024-02-26,22023,MIA,1547.5266639614242,0,2023-24
2024-02-27,22023,MIA,1560.699914114082,0,2023-24
2024-02-29,22023,MIA,1565.067453416424,0,2023-24
2024-03-02,22023,MIA,1559.5600992840068,1,2023-24
2024-03-05,22023,MIA,1563.381503016704,1,2023-24
2024-03-07,22023,MIA,1565.4273494985866,0,2023-24
2024-03-08,22023,MIA,1557.49870479763,0,2023-24
2024-03-10,22023,MIA,1552.002348273236,1,2023-24
2024-03-13,22023,MIA,1540.846367370271,1,2023-24
2024-03-15,22023,MIA,1530.3717708616985,0,2023-24
2024-03-17,22023,MIA,1536.658494576607,0,2023-24
2024-03-18,22023,MIA,1539.3574424328217,0,2023-24
2024-03-20,22023,MIA,1529.6762696369758,0,2023-24
2024-03-22,22023,MIA,1537.6899990531767,1,2023-24
2024-03-24,22023,MIA,1520.9438263612692,1,2023-24
2024-03-26,22023,MIA,1546.7605787896348,1,2023-24
2024-03-29,22023,MIA,1526.5134608510618,1,2023-24
2024-03-31,22023,MIA,1537.7012562878606,0,2023-24
2024-04-02,22023,MIA,1542.3904729594751,1,2023-24
2024-04-04,22023,MIA,1552.0725297003958,1,2023-24
2024-04-05,22023,MIA,1542.5559504637438,0,2023-24
2024-04-07,22023,MIA,1557.0862560007924,0,2023-24
2024-04-09,22023,MIA,1553.4197203108577,0,2023-24
2024-04-10,22023,MIA,1560.5401027179155,1,2023-24
2024-04-12,22023,MIA,1546.3727781570094,1,2023-24
2024-04-14,22023,MIA,1551.023882695477,1,2023-24
2024-10-23,22024,MIA,1532.6532462062664,1,2024-25
2024-10-26,22024,MIA,1512.7780678674903,0,2024-25
2024-10-28,22024,MIA,1519.9239845957964,1,2024-25
2024-10-30,22024,MIA,1523.6387433026066,1,2024-25
2024-11-02,22024,MIA,1513.3687013614604,0,2024-25
2024-11-04,22024,MIA,1524.5681210285709,1,2024-25
2024-11-06,22024,MIA,1519.862862918664,0,2024-25
2024-11-08,22024,MIA,1516.6067001995978,0,2024-25
2024-11-10,22024,MIA,1508.9248148500435,0,2024-25
2024-11-12,22024,MIA,1515.0023019375303,0,2024-25
2024-11-15,22024,MIA,1509.025340334726,0,2024-25
2024-11-17,22024,MIA,1524.5096700556337,0,2024-25
2024-11-18,22024,MIA,1516.0750799373625,1,2024-25
2024-11-24,22024,MIA,1524.1420636757105,1,2024-25
2024-11-26,22024,MIA,1531.3392948080864,1,2024-25
2024-11-27,22024,MIA,1524.017550954292,0,2024-25
2024-11-29,22024,MIA,1528.5071001838044,1,2024-25
2024-12-01,22024,MIA,1533.0916251180304,0,2024-25
2024-12-02,22024,MIA,1525.395737240941,0,2024-25
2024-12-04,22024,MIA,1519.231915896435,1,2024-25
2024-12-07,22024,MIA,1540.3780230955958,1,2024-25
2024-12-08,22024,MIA,1549.0359010773348,1,2024-25
2024-12-12,22024,MIA,1559.2361351772013,1,2024-25
2024-12-16,22024,MIA,1563.088667188089,0,2024-25
2024-12-20,22024,MIA,1557.4255728588037,1,2024-25
2024-12-21,22024,MIA,1551.5451010257684,0,2024-25
2024-12-23,22024,MIA,1544.5069071364771,1,2024-25
2024-12-26,22024,MIA,1550.437442410578,0,2024-25
2024-12-28,22024,MIA,1555.4504825926344,0,2024-25
2024-12-29,22024,MIA,1544.472905264647,0,2024-25
2025-01-01,22024,MIA,1553.3297767865708,1,2024-25
2025-01-02,22024,MIA,1556.575035467764,1,2024-25
2025-01-04,22024,MIA,1539.635878848492,1,2024-25
2025-01-06,22024,MIA,1492.0404423438908,0,2024-25
2025-01-07,22024,MIA,1487.033550929181,0,2024-25
2025-01-09,22024,MIA,1505.2365581636077,0,2024-25
2025-01-11,22024,MIA,1511.6253615102537,0,2024-25
2025-01-13,22024,MIA,1523.089937819659,0,2024-25
2025-01-15,22024,MIA,1514.1464123808869,0,2024-25
2025-01-17,22024,MIA,1505.0255286901188,1,2024-25
2025-01-19,22024,MIA,1491.282028441148,1,2024-25
2025-01-21,22024,MIA,1503.8849278883376,1,2024-25
2025-01-23,22024,MIA,1485.3714514041003,0,2024-25
2025-01-25,22024,MIA,1472.5741018717547,0,2024-25
2025-01-27,22024,MIA,1479.4227816862335,1,2024-25
2025-01-29,22024,MIA,1484.8750369943511,1,2024-25
2025-02-01,22024,MIA,1475.21389706506,0,2024-25
2025-02-04,22024,MIA,1481.0501544631138,0,2024-25
2025-02-05,22024,MIA,1471.1134760239931,0,2024-25
2025-02-07,22024,MIA,1480.99909924371,0,2024-25
2025-02-10,22024,MIA,1462.7752702466228,1,2024-25
2025-02-12,22024,MIA,1454.7530115628483,0,2024-25
2025-02-13,22024,MIA,1452.4168932816583,0,2024-25
2025-02-21,22024,MIA,1448.3417618980968,0,2024-25
2025-02-23,22024,MIA,1458.25952343648,0,2024-25
2025-02-24,22024,MIA,1452.8108791112395,0,2024-25
2025-02-26,22024,MIA,1442.9165945963182,1,2024-25
2025-02-28,22024,MIA,1458.0603708782198,1,2024-25
2025-03-02,22024,MIA,1466.9103592092774,1,2024-25
2025-03-03,22024,MIA,1462.36121408688,1,2024-25
2025-03-05,22024,MIA,1467.04231214549,0,2024-25
2025-03-07,22024,MIA,1465.566505643381,1,2024-25
2025-03-08,22024,MIA,1462.2960907775048,1,2024-25
2025-03-10,22024,MIA,1452.18534016609,1,2024-25
2025-03-12,22024,MIA,1441.050441599767,1,2024-25
2025-03-14,22024,MIA,1429.1209206004155,1,2024-25
2025-03-15,22024,MIA,1424.2428612545966,0,2024-25
2025-03-17,22024,MIA,1414.5773144270308,0,2024-25
2025-03-19,22024,MIA,1408.516635740652,1,2024-25
2025-03-21,22024,MIA,1405.0348489791115,1,2024-25
2025-03-23,22024,MIA,1401.285631905909,1,2024-25
2025-03-25,22024,MIA,1408.811343808994,1,2024-25
2025-03-27,22024,MIA,1438.1728178590774,1,2024-25
2025-03-29,22024,MIA,1447.7496374524574,0,2024-25
2025-03-31,22024,MIA,1461.6513065757438,0,2024-25
2025-04-02,22024,MIA,1471.9544691729602,0,2024-25
2025-04-03,22024,MIA,1510.1787187204084,1,2024-25
2025-04-05,22024,MIA,1504.7257755210935,1,2024-25
2025-04-07,22024,MIA,1496.7469752506386,1,2024-25
2025-04-09,22024,MIA,1500.414541041424,0,2024-25
2025-04-11,22024,MIA,1493.452034560598,0,2024-25
2025-04-13,22024,MIA,1513.0011882363185,1,2024-25
2025-10-22,22025,MIA,1502.0451459913984,0,2025-26
2025-10-24,22025,MIA,1497.0651051639556,0,2025-26
2025-10-26,22025,MIA,1527.311943232702,1,2025-26
2025-10-28,22025,MIA,1535.7918807843707,1,2025-26
2025-10-30,22025,MIA,1543.9004389362235,0,2025-26
2025-11-02,22025,MIA,1536.3847823832486,0,2025-26
2025-11-03,22025,MIA,1528.4843108088623,0,2025-26
2025-11-05,22025,MIA,1533.9294330189707,0,2025-26
2025-11-07,22025,MIA,1526.913922217646,1,2025-26
2025-11-08,22025,MIA,1532.8021101288414,1,2025-26
2025-11-10,22025,MIA,1538.6577966110783,1,2025-26
2025-11-12,22025,MIA,1543.8130193956324,1,2025-26
2025-11-14,22025,MIA,1531.3102909088216,0,2025-26
2025-11-17,22025,MIA,1524.5633313234314,1,2025-26
2025-11-19,22025,MIA,1529.1911846741953,1,2025-26
2025-11-21,22025,MIA,1541.4237136686063,0,2025-26
2025-11-23,22025,MIA,1569.6751102810476,0,2025-26
2025-11-24,22025,MIA,1577.228230771076,1,2025-26
2025-11-26,22025,MIA,1579.325128605224,1,2025-26
2025-11-29,22025,MIA,1582.1970236176744,1,2025-26
2025-12-01,22025,MIA,1575.8171915813143,1,2025-26
2025-12-03,22025,MIA,1583.034712397477,0,2025-26
2025-12-05,22025,MIA,1567.694059197472,0,2025-26
2025-12-06,22025,MIA,1564.430972891248,1,2025-26
2025-12-09,22025,MIA,1537.3878790437525,0,2025-26
2025-12-15,22025,MIA,1530.3889024035882,1,2025-26
2025-12-18,22025,MIA,1515.6392781027332,0,2025-26
2025-12-19,22025,MIA,1523.5199877596797,0,2025-26
2025-12-21,22025,MIA,1515.7084739154209,0,2025-26
2025-12-23,22025,MIA,1510.9884110357168,1,2025-26
2025-12-26,22025,MIA,1487.8257480606137,0,2025-26
2025-12-27,22025,MIA,1501.900379799296,1,2025-26
2025-12-29,22025,MIA,1510.0809837912825,1,2025-26
2026-01-01,22025,MIA,1533.640070982698,0,2025-26
2026-01-03,22025,MIA,1545.6854713951495,1,2025-26
2026-01-04,22025,MIA,1534.2530367257907,1,2025-26
2026-01-06,22025,MIA,1539.5146730109277,0,2025-26
2026-01-10,22025,MIA,1525.6208862943524,0,2025-26
2026-01-11,22025,MIA,1496.7789113247336,0,2025-26
2026-01-13,22025,MIA,1492.772258272959,1,2025-26
2026-01-15,22025,MIA,1501.6965645700927,1,2025-26
2026-01-17,22025,MIA,1496.1853273489353,1,2025-26
2026-01-19,22025,MIA,1504.173604023196,0,2025-26
2026-01-20,22025,MIA,1493.227078213136,0,2025-26
2026-01-22,22025,MIA,1503.2722641963671,0,2025-26
2026-01-24,22025,MIA,1491.6319558128148,0,2025-26
2026-01-25,22025,MIA,1507.9740350272548,0,2025-26
2026-01-28,22025,MIA,1522.4236944595343,1,2025-26
2026-01-29,22025,MIA,1508.0988612677802,0,2025-26
2026-01-31,22025,MIA,1513.8523816592208,1,2025-26
2026-02-01,22025,MIA,1502.0212137582678,1,2025-26
2026-02-03,22025,MIA,1522.7628759498557,1,2025-26
2026-02-06,22025,MIA,1507.0679280905226,0,2025-26
2026-02-08,22025,MIA,1504.9610535666684,0,2025-26
2026-02-09,22025,MIA,1517.7691296712767,1,2025-26
2026-02-11,22025,MIA,1505.2605420508996,0,2025-26
2026-02-20,22025,MIA,1514.3329807876414,0,2025-26
2026-02-21,22025,MIA,1539.1087880987288,1,2025-26
2026-02-24,22025,MIA,1546.284761727685,0,2025-26
2026-02-26,22025,MIA,1533.6081313957975,0,2025-26
2026-02-28,22025,MIA,1525.9573383929348,1,2025-26
2026-03-03,22025,MIA,1537.311907773905,1,2025-26
2026-03-05,22025,MIA,1542.8242708153064,1,2025-26
2026-03-06,22025,MIA,1546.5251885623202,0,2025-26
2026-03-08,22025,MIA,1560.9641247602403,1,2025-26
2026-03-10,22025,MIA,1573.5190129351004,1,2025-26
2026-03-12,22025,MIA,1576.6393432568532,1,2025-26
2026-03-14,22025,MIA,1579.5330026581405,1,2025-26
2026-03-17,22025,MIA,1571.377712266363,0,2025-26
2026-03-19,22025,MIA,1556.3434586010578,1,2025-26
2026-03-21,22025,MIA,1546.715089779857,0,2025-26
2026-03-23,22025,MIA,1543.5627878809482,1,2025-26
2026-03-25,22025,MIA,1531.9599003328344,0,2025-26
2026-03-27,22025,MIA,1554.8122319151996,0,2025-26
2026-03-29,22025,MIA,1543.2687767817367,0,2025-26
2026-03-30,22025,MIA,1515.883495654032,1,2025-26
2026-04-01,22025,MIA,1524.203517697072,1,2025-26
2026-04-04,22025,MIA,1513.2829655175742,1,2025-26
2026-04-07,22025,MIA,1516.611838745355,0,2025-26
2026-04-09,22025,MIA,1501.1978812420732,0,2025-26
2026-04-10,22025,MIA,1492.3831659908249,0,2025-26
2026-04-12,22025,MIA,1499.125032367722,1,2025-26
2020-12-23,22020,MIL,1500.0,0,2020-21
2020-12-25,22020,MIL,1496.6690233215136,1,2020-21
2020-12-27,22020,MIL,1517.3932983715313,0,2020-21
2020-12-29,22020,MIL,1501.2285747309577,0,2020-21
2020-12-30,22020,MIL,1537.9335185765185,0,2020-21
2021-01-01,22020,MIL,1526.0994792589906,1,2020-21
2021-01-04,22020,MIL,1540.6987221316383,1,2020-21
2021-01-06,22020,MIL,1546.769914193069,1,2020-21
2021-01-08,22020,MIL,1554.212748518239,1,2020-21
2021-01-09,22020,MIL,1536.825521805216,1,2020-21
2021-01-11,22020,MIL,1544.169296272856,0,2020-21
2021-01-13,22020,MIL,1561.2322481825763,0,2020-21
2021-01-15,22020,MIL,1568.7861636844711,1,2020-21
2021-01-18,22020,MIL,1572.986595189987,0,2020-21
2021-01-21,22020,MIL,1568.3679938516775,1,2020-21
2021-01-24,22020,MIL,1559.1036850017651,1,2020-21
2021-01-27,22020,MIL,1568.383178564458,0,2020-21
2021-01-29,22020,MIL,1576.3054401679376,0,2020-21
2021-01-30,22020,MIL,1568.059684997971,0,2020-21
2021-02-01,22020,MIL,1554.5101717176385,1,2020-21
2021-02-03,22020,MIL,1567.300181899671,1,2020-21
2021-02-05,22020,MIL,1578.8076383847329,0,2020-21
2021-02-06,22020,MIL,1589.4916075796978,0,2020-21
2021-02-08,22020,MIL,1601.728841574405,0,2020-21
2021-02-10,22020,MIL,1613.9773769506862,0,2020-21
2021-02-12,22020,MIL,1609.4457893574809,0,2020-21
2021-02-14,22020,MIL,1600.2533887205784,0,2020-21
2021-02-16,22020,MIL,1590.0654601117922,1,2020-21
2021-02-18,22020,MIL,1573.5904098151111,1,2020-21
2021-02-19,22020,MIL,1556.0898168507924,1,2020-21
2021-02-21,22020,MIL,1561.8169535820048,1,2020-21
2021-02-23,22020,MIL,1566.8322350078693,1,2020-21
2021-02-25,22020,MIL,1573.3565545905583,1,2020-21
2021-02-28,22020,MIL,1577.1809538317837,1,2020-21
2021-03-02,22020,MIL,1583.2087034300318,1,2020-21
2021-03-04,22020,MIL,1555.4387427648037,0,2020-21
2021-03-11,22020,MIL,1559.7783588708382,1,2020-21
2021-03-13,22020,MIL,1575.160189799911,0,2020-21
2021-03-15,22020,MIL,1580.339430659059,0,2020-21
2021-03-17,22020,MIL,1587.3821025314303,0,2020-21
2021-03-20,22020,MIL,1595.7323381119234,1,2020-21
2021-03-22,22020,MIL,1600.6712135978755,1,2020-21
2021-03-24,22020,MIL,1612.4183946707924,1,2020-21
2021-03-26,22020,MIL,1614.6178010538813,1,2020-21
2021-03-27,22020,MIL,1598.7466811434174,1,2020-21
2021-03-29,22020,MIL,1586.8328716982528,0,2020-21
2021-03-31,22020,MIL,1573.2847250160992,0,2020-21
2021-04-02,22020,MIL,1588.875958907479,0,2020-21
2021-04-03,22020,MIL,1603.1993506230342,0,2020-21
2021-04-06,22020,MIL,1605.8776657604526,0,2020-21
2021-04-08,22020,MIL,1599.9076478816414,0,2020-21
2021-04-09,22020,MIL,1587.5932941060255,1,2020-21
2021-04-11,22020,MIL,1573.877661121395,0,2020-21
2021-04-14,22020,MIL,1587.1138795358818,0,2020-21
2021-04-15,22020,MIL,1595.2251052488266,0,2020-21
2021-04-17,22020,MIL,1607.0585364148858,1,2020-21
2021-04-19,22020,MIL,1590.3266266465907,1,2020-21
2021-04-22,22020,MIL,1585.9282920960252,1,2020-21
2021-04-24,22020,MIL,1593.5353457969422,1,2020-21
2021-04-25,22020,MIL,1615.6873493752416,0,2020-21
2021-04-27,22020,MIL,1607.2913059324014,0,2020-21
2021-04-29,22020,MIL,1615.2679884699194,0,2020-21
2021-04-30,22020,MIL,1597.5663430655327,0,2020-21
2021-05-02,22020,MIL,1604.8515753011704,1,2020-21
2021-05-04,22020,MIL,1609.1165475998373,1,2020-21
2021-05-05,22020,MIL,1614.8066477075242,1,2020-21
2021-05-07,22020,MIL,1616.8763289400897,1,2020-21
2021-05-10,22020,MIL,1618.3094275762262,0,2020-21
2021-05-11,22020,MIL,1595.2015888394376,1,2020-21
2021-05-13,22020,MIL,1597.3101759263875,0,2020-21
2021-05-15,22020,MIL,1604.8789850984845,1,2020-21
2021-05-16,22020,MIL,1613.328117758818,0,2020-21
2021-10-19,22021,MIL,1561.9392446263491,1,2021-22
2021-10-21,22021,MIL,1576.89437173086,0,2021-22
2021-10-23,22021,MIL,1549.2104016170454,0,2021-22
2021-10-25,22021,MIL,1559.0640857263688,0,2021-22
2021-10-27,22021,MIL,1568.853133651002,1,2021-22
2021-10-30,22021,MIL,1557.3645864592083,1,2021-22
2021-10-31,22021,MIL,1542.0942962797365,1,2021-22
2021-11-02,22021,MIL,1531.3633398402226,0,2021-22
2021-11-05,22021,MIL,1545.6357630432997,1,2021-22
2021-11-07,22021,MIL,1529.700641330121,0,2021-22
2021-11-09,22021,MIL,1522.983422518598,0,2021-22
2021-11-10,22021,MIL,1537.6292914330195,0,2021-22
2021-11-12,22021,MIL,1552.1058829712103,0,2021-22
2021-11-14,22021,MIL,1542.34925620255,0,2021-22
2021-11-17,22021,MIL,1526.1339852715212,1,2021-22
2021-11-19,22021,MIL,1531.6740211587758,1,2021-22
2021-11-20,22021,MIL,1534.7747263575711,1,2021-22
2021-11-22,22021,MIL,1538.23976857251,1,2021-22
2021-11-24,22021,MIL,1545.9272605174108,1,2021-22
2021-11-26,22021,MIL,1551.8245742954884,0,2021-22
2021-11-28,22021,MIL,1564.235549516233,0,2021-22
2021-12-01,22021,MIL,1580.2287106720955,1,2021-22
2021-12-02,22021,MIL,1583.0151401833664,0,2021-22
2021-12-04,22021,MIL,1574.908290778743,1,2021-22
2021-12-06,22021,MIL,1587.8643078935304,1,2021-22
2021-12-08,22021,MIL,1593.376024173628,0,2021-22
2021-12-10,22021,MIL,1582.7098387763028,0,2021-22
2021-12-12,22021,MIL,1587.667556858022,0,2021-22
2021-12-13,22021,MIL,1598.948974198169,0,2021-22
2021-12-15,22021,MIL,1584.2190925512189,1,2021-22
2021-12-17,22021,MIL,1592.573461762642,0,2021-22
2021-12-18,22021,MIL,1583.498756513054,1,2021-22
2021-12-22,22021,MIL,1556.830104231099,1,2021-22
2021-12-23,22021,MIL,1562.346078611967,0,2021-22
2021-12-25,22021,MIL,1570.7575912285442,1,2021-22
2021-12-28,22021,MIL,1575.1413822848197,0,2021-22
2021-12-30,22021,MIL,1581.2738123064082,0,2021-22
2022-01-01,22021,MIL,1587.2647794514469,1,2021-22
2022-01-03,22021,MIL,1595.6008313555662,1,2021-22
2022-01-05,22021,MIL,1572.1676906391572,1,2021-22
2022-01-07,22021,MIL,1561.3272851000297,0,2021-22
2022-01-08,22021,MIL,1575.2291444082211,0,2021-22
2022-01-10,22021,MIL,1565.0407123362104,0,2021-22
2022-01-13,22021,MIL,1558.433474759329,1,2021-22
2022-01-15,22021,MIL,1575.8855719218784,1,2021-22
2022-01-17,22021,MIL,1564.0891027712914,0,2021-22
2022-01-19,22021,MIL,1553.184545507344,1,2021-22
2022-01-21,22021,MIL,1564.766979637974,1,2021-22
2022-01-22,22021,MIL,1569.2753201490957,1,2021-22
2022-01-26,22021,MIL,1571.7907153287183,0,2021-22
2022-01-28,22021,MIL,1561.121664733664,1,2021-22
2022-01-30,22021,MIL,1568.9101898434692,1,2021-22
2022-02-01,22021,MIL,1537.5903610336952,1,2021-22
2022-02-05,22021,MIL,1544.4029683732397,0,2021-22
2022-02-06,22021,MIL,1559.753871066158,0,2021-22
2022-02-08,22021,MIL,1577.016058105574,0,2021-22
2022-02-10,22021,MIL,1587.7318738945812,0,2021-22
2022-02-14,22021,MIL,1578.3321836844748,1,2021-22
2022-02-15,22021,MIL,1551.8070420119657,1,2021-22
2022-02-17,22021,MIL,1555.7935203125012,1,2021-22
2022-02-26,22021,MIL,1549.1901450030894,1,2021-22
2022-02-28,22021,MIL,1540.0251580585566,1,2021-22
2022-03-02,22021,MIL,1551.689653164085,1,2021-22
2022-03-04,22021,MIL,1556.1229888988803,0,2021-22
2022-03-06,22021,MIL,1564.294413340846,1,2021-22
2022-03-08,22021,MIL,1577.405801611637,0,2021-22
2022-03-09,22021,MIL,1586.652781947838,1,2021-22
2022-03-12,22021,MIL,1592.8976606420013,0,2021-22
2022-03-14,22021,MIL,1582.685046852297,0,2021-22
2022-03-16,22021,MIL,1592.1368523348913,0,2021-22
2022-03-19,22021,MIL,1596.9992911745312,0,2021-22
2022-03-22,22021,MIL,1583.9293557789506,1,2021-22
2022-03-24,22021,MIL,1596.1012607737953,1,2021-22
2022-03-26,22021,MIL,1599.4163058472743,0,2021-22
2022-03-29,22021,MIL,1585.7822361900771,0,2021-22
2022-03-31,22021,MIL,1591.6038926288022,0,2021-22
2022-04-01,22021,MIL,1595.3091456672564,1,2021-22
2022-04-03,22021,MIL,1552.073895233527,1,2021-22
2022-04-05,22021,MIL,1543.021206511242,0,2021-22
2022-04-07,22021,MIL,1559.5917257029748,1,2021-22
2022-04-08,22021,MIL,1570.0806622237594,0,2021-22
2022-04-10,22021,MIL,1582.2927444532231,0,2021-22
2022-10-20,22022,MIL,1538.0436255817303,0,2022-23
2022-10-22,22022,MIL,1544.053867583413,1,2022-23
2022-10-26,22022,MIL,1550.2192752052836,1,2022-23
2022-10-28,22022,MIL,1557.556883847574,1,2022-23
2022-10-29,22022,MIL,1565.6586004408164,1,2022-23
2022-10-31,22022,MIL,1572.5094680873133,1,2022-23
2022-11-02,22022,MIL,1574.2469182575053,1,2022-23
2022-11-04,22022,MIL,1581.016893185055,0,2022-23
2022-11-05,22022,MIL,1592.9539715484498,1,2022-23
2022-11-07,22022,MIL,1597.687709576345,0,2022-23
2022-11-09,22022,MIL,1581.3711656785883,0,2022-23
2022-11-11,22022,MIL,1585.1267099886818,0,2022-23
2022-11-14,22022,MIL,1564.6676313734094,1,2022-23
2022-11-16,22022,MIL,1547.6056181537,1,2022-23
2022-11-18,22022,MIL,1558.4686792016998,0,2022-23
2022-11-21,22022,MIL,1551.150696183483,1,2022-23
2022-11-23,22022,MIL,1555.7025075851222,1,2022-23
2022-11-25,22022,MIL,1545.4328873770062,1,2022-23
2022-11-27,22022,MIL,1557.615378327662,1,2022-23
2022-11-30,22022,MIL,1565.0022929876222,0,2022-23
2022-12-02,22022,MIL,1572.326878537439,1,2022-23
2022-12-03,22022,MIL,1561.8303665863016,0,2022-23
2022-12-05,22022,MIL,1569.1043208327717,0,2022-23
2022-12-07,22022,MIL,1573.159325130042,1,2022-23
2022-12-09,22022,MIL,1581.5447474245232,0,2022-23
2022-12-11,22022,MIL,1586.0833617637088,0,2022-23
2022-12-13,22022,MIL,1574.509798255997,1,2022-23
2022-12-15,22022,MIL,1585.8004862159064,0,2022-23
2022-12-17,22022,MIL,1564.378738640655,1,2022-23
2022-12-19,22022,MIL,1578.7465533815005,0,2022-23
2022-12-21,22022,MIL,1590.2613262995842,0,2022-23
2022-12-23,22022,MIL,1582.6336086223707,0,2022-23
2022-12-25,22022,MIL,1569.71912744123,0,2022-23
2022-12-28,22022,MIL,1558.14566422537,0,2022-23
2022-12-30,22022,MIL,1549.19825165341,1,2022-23
2023-01-01,22022,MIL,1555.2988503588567,1,2022-23
2023-01-03,22022,MIL,1528.6330081422084,1,2022-23
2023-01-04,22022,MIL,1536.6007066127534,0,2022-23
2023-01-06,22022,MIL,1542.2038637040937,1,2022-23
2023-01-09,22022,MIL,1501.3286792395252,0,2022-23
2023-01-11,22022,MIL,1510.4912367317834,0,2022-23
2023-01-12,22022,MIL,1520.621793516248,0,2022-23
2023-01-14,22022,MIL,1514.3342961764577,0,2022-23
2023-01-16,22022,MIL,1503.4818377668823,1,2022-23
2023-01-17,22022,MIL,1512.6319702367173,1,2022-23
2023-01-21,22022,MIL,1519.451636815909,0,2022-23
2023-01-23,22022,MIL,1511.2215318991246,0,2022-23
2023-01-25,22022,MIL,1521.8035240204824,1,2022-23
2023-01-27,22022,MIL,1532.7516911660534,0,2022-23
2023-01-29,22022,MIL,1541.9068612510775,1,2022-23
2023-01-31,22022,MIL,1554.4007639032743,1,2022-23
2023-02-02,22022,MIL,1558.4840095197756,1,2022-23
2023-02-04,22022,MIL,1561.2743128155669,1,2022-23
2023-02-06,22022,MIL,1568.2565115474026,0,2022-23
2023-02-09,22022,MIL,1581.775789603698,0,2022-23
2023-02-10,22022,MIL,1589.4712799862166,0,2022-23
2023-02-14,22022,MIL,1601.0766689802604,1,2022-23
2023-02-16,22022,MIL,1608.3559511078583,0,2022-23
2023-02-24,22022,MIL,1616.8170653575323,1,2022-23
2023-02-26,22022,MIL,1628.9678234093594,1,2022-23
2023-02-28,22022,MIL,1631.9888665674794,0,2022-23
2023-03-01,22022,MIL,1641.2140091019917,1,2022-23
2023-03-04,22022,MIL,1647.6097324425864,1,2022-23
2023-03-05,22022,MIL,1639.8113601073946,0,2022-23
2023-03-07,22022,MIL,1645.4753813504817,0,2022-23
2023-03-09,22022,MIL,1651.8138256066095,1,2022-23
2023-03-11,22022,MIL,1654.9326896826235,0,2022-23
2023-03-13,22022,MIL,1642.022477557508,0,2022-23
2023-03-14,22022,MIL,1650.8039420049258,0,2022-23
2023-03-16,22022,MIL,1660.6285899376842,1,2022-23
2023-03-19,22022,MIL,1629.024375193345,1,2022-23
2023-03-22,22022,MIL,1633.715199768765,1,2022-23
2023-03-24,22022,MIL,1637.532263071294,0,2022-23
2023-03-25,22022,MIL,1649.4480121277666,0,2022-23
2023-03-27,22022,MIL,1630.1486742107218,0,2022-23
2023-03-29,22022,MIL,1632.655698117017,0,2022-23
2023-03-30,22022,MIL,1638.219714567129,1,2022-23
2023-04-02,22022,MIL,1602.8956672510392,1,2022-23
2023-04-04,22022,MIL,1614.3679101401558,0,2022-23
2023-04-05,22022,MIL,1621.979162963216,1,2022-23
2023-04-07,22022,MIL,1629.0793870969565,1,2022-23
2023-04-09,22022,MIL,1603.722818008592,0,2022-23
2023-10-26,22023,MIL,1553.6520641656327,1,2023-24
2023-10-29,22023,MIL,1557.223980906124,1,2023-24
2023-10-30,22023,MIL,1535.9004993172234,1,2023-24
2023-11-01,22023,MIL,1542.432392658177,0,2023-24
2023-11-03,22023,MIL,1527.7859284233928,1,2023-24
2023-11-06,22023,MIL,1534.0655309572946,0,2023-24
2023-11-08,22023,MIL,1541.005306118373,1,2023-24
2023-11-09,22023,MIL,1542.7300879911195,0,2023-24
2023-11-11,22023,MIL,1537.6633987886753,0,2023-24
2023-11-13,22023,MIL,1523.6914578790008,1,2023-24
2023-11-15,22023,MIL,1530.577567762031,0,2023-24
2023-11-17,22023,MIL,1547.3707037987515,0,2023-24
2023-11-18,22023,MIL,1561.812501718907,1,2023-24
2023-11-20,22023,MIL,1567.6825205483483,0,2023-24
2023-11-22,22023,MIL,1575.297795862131,0,2023-24
2023-11-24,22023,MIL,1572.0791596172928,1,2023-24
2023-11-26,22023,MIL,1574.037929641359,1,2023-24
2023-11-28,22023,MIL,1576.3258427401695,0,2023-24
2023-11-30,22023,MIL,1585.636191760823,0,2023-24
2023-12-02,22023,MIL,1573.8126367106315,1,2023-24
2023-12-05,22023,MIL,1580.7698134483437,1,2023-24
2023-12-07,22023,MIL,1596.3958134979996,1,2023-24
2023-12-11,22023,MIL,1581.372825243465,1,2023-24
2023-12-13,22023,MIL,1584.4859594398142,1,2023-24
2023-12-16,22023,MIL,1592.83337362191,1,2023-24
2023-12-17,22023,MIL,1596.492351175099,1,2023-24
2023-12-19,22023,MIL,1602.1187609153085,1,2023-24
2023-12-21,22023,MIL,1604.4757459852465,1,2023-24
2023-12-23,22023,MIL,1608.0804739795624,0,2023-24
2023-12-25,22023,MIL,1625.2833589932354,0,2023-24
2023-12-27,22023,MIL,1616.5323054609923,0,2023-24
2023-12-29,22023,MIL,1629.6397233684684,0,2023-24
2024-01-01,22023,MIL,1637.6689395706867,1,2023-24
2024-01-03,22023,MIL,1620.887164004855,0,2023-24
2024-01-04,22023,MIL,1607.2015660371108,0,2023-24
2024-01-06,22023,MIL,1609.0573001458345,0,2023-24
2024-01-08,22023,MIL,1600.7972743683283,1,2023-24
2024-01-11,22023,MIL,1577.0828455150838,1,2023-24
2024-01-13,22023,MIL,1608.6893417142314,1,2023-24
2024-01-14,22023,MIL,1613.9347128208444,1,2023-24
2024-01-17,22023,MIL,1616.0431038344857,0,2023-24
2024-01-20,22023,MIL,1588.7568118068189,0,2023-24
2024-01-22,22023,MIL,1590.6394003200214,0,2023-24
2024-01-24,22023,MIL,1592.9602534015785,1,2023-24
2024-01-26,22023,MIL,1602.440280055128,1,2023-24
2024-01-27,22023,MIL,1588.9077447844804,1,2023-24
2024-01-29,22023,MIL,1604.093206824841,0,2023-24
2024-01-31,22023,MIL,1597.4954762962304,0,2023-24
2024-02-03,22023,MIL,1587.625314646957,0,2023-24
2024-02-04,22023,MIL,1595.97542456914,0,2023-24
2024-02-06,22023,MIL,1580.313180589843,0,2023-24
2024-02-08,22023,MIL,1572.5399227895705,1,2023-24
2024-02-09,22023,MIL,1553.29428177897,1,2023-24
2024-02-12,22023,MIL,1557.7932816215805,1,2023-24
2024-02-13,22023,MIL,1571.1649965391994,1,2023-24
2024-02-15,22023,MIL,1541.5244789625867,0,2023-24
2024-02-23,22023,MIL,1534.0640187317858,0,2023-24
2024-02-25,22023,MIL,1546.2488994494836,0,2023-24
2024-02-27,22023,MIL,1562.2631278487584,1,2023-24
2024-02-29,22023,MIL,1569.4146173703048,0,2023-24
2024-03-01,22023,MIL,1574.42815754874,0,2023-24
2024-03-04,22023,MIL,1587.031453960347,1,2023-24
2024-03-06,22023,MIL,1594.5298365586375,0,2023-24
2024-03-08,22023,MIL,1572.9506536793824,0,2023-24
2024-03-10,22023,MIL,1568.8094014485223,0,2023-24
2024-03-12,22023,MIL,1580.21826411391,0,2023-24
2024-03-14,22023,MIL,1555.4837953865635,1,2023-24
2024-03-17,22023,MIL,1560.4954195288644,1,2023-24
2024-03-20,22023,MIL,1570.1311533589187,0,2023-24
2024-03-21,22023,MIL,1568.1580007245143,1,2023-24
2024-03-24,22023,MIL,1571.7552769680306,1,2023-24
2024-03-26,22023,MIL,1591.174525711912,1,2023-24
2024-03-28,22023,MIL,1582.4271200664864,0,2023-24
2024-03-30,22023,MIL,1576.4387601273809,0,2023-24
2024-04-02,22023,MIL,1584.8719120654368,0,2023-24
2024-04-03,22023,MIL,1571.895875935748,1,2023-24
2024-04-05,22023,MIL,1549.0041210790043,1,2023-24
2024-04-07,22023,MIL,1531.6749907592591,1,2023-24
2024-04-09,22023,MIL,1518.5168644858113,1,2023-24
2024-04-10,22023,MIL,1540.561439712823,1,2023-24
2024-04-12,22023,MIL,1552.597184525598,0,2023-24
2024-04-14,22023,MIL,1542.6679445866962,0,2023-24
2024-10-23,22024,MIL,1514.748990148887,0,2024-25
2024-10-25,22024,MIL,1530.8398035488192,1,2024-25
2024-10-27,22024,MIL,1515.4375109162831,0,2024-25
2024-10-28,22024,MIL,1501.8005447453224,0,2024-25
2024-10-31,22024,MIL,1497.3472741537562,0,2024-25
2024-11-02,22024,MIL,1475.3853930959135,1,2024-25
2024-11-04,22024,MIL,1471.9569886160532,0,2024-25
2024-11-07,22024,MIL,1469.3941165328497,1,2024-25
2024-11-08,22024,MIL,1479.2786287241197,0,2024-25
2024-11-10,22024,MIL,1469.1254785923095,1,2024-25
2024-11-12,22024,MIL,1464.955407601529,1,2024-25
2024-11-13,22024,MIL,1471.4627773218117,1,2024-25
2024-11-16,22024,MIL,1476.7719872833663,0,2024-25
2024-11-18,22024,MIL,1472.2876633680544,1,2024-25
2024-11-20,22024,MIL,1477.1970937867882,1,2024-25
2024-11-22,22024,MIL,1487.4314016655132,1,2024-25
2024-11-23,22024,MIL,1497.31301212328,1,2024-25
2024-11-26,22024,MIL,1501.456400587898,0,2024-25
2024-11-30,22024,MIL,1508.7781444416926,1,2024-25
2024-12-03,22024,MIL,1511.5758421651844,0,2024-25
2024-12-04,22024,MIL,1525.4832364714653,1,2024-25
2024-12-06,22024,MIL,1507.1112930200663,0,2024-25
2024-12-08,22024,MIL,1504.482581013606,0,2024-25
2024-12-10,22024,MIL,1511.1206061629778,1,2024-25
2024-12-14,22024,MIL,1518.43581623736,1,2024-25
2024-12-20,22024,MIL,1525.2603993693224,0,2024-25
2024-12-21,22024,MIL,1515.2574487266902,1,2024-25
2024-12-23,22024,MIL,1518.209462800566,0,2024-25
2024-12-26,22024,MIL,1535.180158020839,1,2024-25
2024-12-28,22024,MIL,1521.7019635534805,0,2024-25
2024-12-31,22024,MIL,1513.960926179352,0,2024-25
2025-01-02,22024,MIL,1524.978713144809,1,2024-25
2025-01-04,22024,MIL,1515.1432878537855,1,2024-25
2025-01-06,22024,MIL,1504.4535785678493,0,2024-25
2025-01-08,22024,MIL,1516.5044736857328,1,2024-25
2025-01-10,22024,MIL,1526.4235811942656,0,2024-25
2025-01-12,22024,MIL,1532.8507942655997,0,2024-25
2025-01-14,22024,MIL,1517.576418521652,1,2024-25
2025-01-15,22024,MIL,1530.8829639722237,1,2024-25
2025-01-17,22024,MIL,1547.287814131916,1,2024-25
2025-01-19,22024,MIL,1552.5321249574502,1,2024-25
2025-01-23,22024,MIL,1558.7544599644912,1,2024-25
2025-01-25,22024,MIL,1571.551809496837,0,2024-25
2025-01-27,22024,MIL,1561.9671962100392,0,2024-25
2025-01-28,22024,MIL,1569.9199953245409,0,2024-25
2025-01-31,22024,MIL,1551.066532628809,0,2024-25
2025-02-02,22024,MIL,1528.0160862591392,1,2024-25
2025-02-03,22024,MIL,1516.8270899816237,0,2024-25
2025-02-05,22024,MIL,1510.5118883805417,0,2024-25
2025-02-07,22024,MIL,1516.1130968419393,0,2024-25
2025-02-09,22024,MIL,1508.3692641090884,1,2024-25
2025-02-10,22024,MIL,1514.1571942462767,1,2024-25
2025-02-12,22024,MIL,1497.208035511846,0,2024-25
2025-02-20,22024,MIL,1505.0411570032352,1,2024-25
2025-02-21,22024,MIL,1512.4933109968692,0,2024-25
2025-02-23,22024,MIL,1514.7202382931546,1,2024-25
2025-02-25,22024,MIL,1520.1688826183947,0,2024-25
2025-02-27,22024,MIL,1516.055591218903,1,2024-25
2025-03-01,22024,MIL,1527.8588146345014,0,2024-25
2025-03-04,22024,MIL,1543.5233717585995,0,2024-25
2025-03-05,22024,MIL,1549.911410959096,1,2024-25
2025-03-08,22024,MIL,1563.481042893254,1,2024-25
2025-03-09,22024,MIL,1554.5587571331682,1,2024-25
2025-03-11,22024,MIL,1548.1322209626524,0,2024-25
2025-03-13,22024,MIL,1544.7207848762453,1,2024-25
2025-03-15,22024,MIL,1561.575838598403,1,2024-25
2025-03-16,22024,MIL,1568.2530619833326,1,2024-25
2025-03-18,22024,MIL,1560.5929081054248,0,2024-25
2025-03-20,22024,MIL,1552.4198716465962,0,2024-25
2025-03-22,22024,MIL,1582.0593379639809,0,2024-25
2025-03-24,22024,MIL,1588.7709992610876,0,2024-25
2025-03-26,22024,MIL,1583.208895402866,0,2024-25
2025-03-28,22024,MIL,1574.624887772629,1,2024-25
2025-03-30,22024,MIL,1561.881299625585,1,2024-25
2025-04-01,22024,MIL,1534.4596247655468,1,2024-25
2025-04-03,22024,MIL,1540.780232525733,0,2024-25
2025-04-05,22024,MIL,1546.1323977486902,0,2024-25
2025-04-06,22024,MIL,1554.1111980191451,0,2024-25
2025-04-08,22024,MIL,1557.28173229272,1,2024-25
2025-04-10,22024,MIL,1566.8163919514118,1,2024-25
2025-04-11,22024,MIL,1571.917106200523,0,2024-25
2025-04-13,22024,MIL,1580.9356581893048,1,2024-25
2025-10-22,22025,MIL,1552.3232772026731,1,2025-26
2025-10-24,22025,MIL,1556.0722529808495,0,2025-26
2025-10-26,22025,MIL,1562.5658051415746,0,2025-26
2025-10-28,22025,MIL,1557.6223982521155,1,2025-26
2025-10-30,22025,MIL,1565.9330805250304,1,2025-26
2025-11-01,22025,MIL,1575.18504742899,1,2025-26
2025-11-03,22025,MIL,1567.4706277428827,0,2025-26
2025-11-04,22025,MIL,1572.0973533593024,0,2025-26
2025-11-07,22025,MIL,1546.0366092712966,1,2025-26
2025-11-09,22025,MIL,1557.9146047998215,1,2025-26
2025-11-10,22025,MIL,1548.8780947682162,0,2025-26
2025-11-12,22025,MIL,1552.197258988146,0,2025-26
2025-11-14,22025,MIL,1534.5849722352823,1,2025-26
2025-11-15,22025,MIL,1539.286789237121,1,2025-26
2025-11-17,22025,MIL,1518.6425988133212,0,2025-26
2025-11-20,22025,MIL,1511.8273775919993,1,2025-26
2025-11-22,22025,MIL,1496.7960799948517,1,2025-26
2025-11-24,22025,MIL,1486.5652731307746,1,2025-26
2025-11-26,22025,MIL,1472.9250850170165,0,2025-26
2025-11-28,22025,MIL,1470.0531900045662,0,2025-26
2025-11-29,22025,MIL,1464.8363178885402,1,2025-26
2025-12-01,22025,MIL,1471.2951695817585,0,2025-26
2025-12-03,22025,MIL,1462.4522425372936,1,2025-26
2025-12-05,22025,MIL,1471.0239098238396,1,2025-26
2025-12-06,22025,MIL,1452.5829537821169,0,2025-26
2025-12-11,22025,MIL,1447.681581832737,1,2025-26
2025-12-14,22025,MIL,1467.2268489498836,0,2025-26
2025-12-18,22025,MIL,1429.3833144562798,1,2025-26
2025-12-21,22025,MIL,1421.8899848089252,0,2025-26
2025-12-23,22025,MIL,1419.8905368916835,0,2025-26
2025-12-26,22025,MIL,1434.7308371136476,0,2025-26
2025-12-27,22025,MIL,1424.5122432479884,0,2025-26
2025-12-29,22025,MIL,1437.2981908236711,0,2025-26
2025-12-31,22025,MIL,1448.9958213905402,1,2025-26
2026-01-02,22025,MIL,1442.1031484503876,1,2025-26
2026-01-04,22025,MIL,1444.9384646846088,0,2025-26
2026-01-07,22025,MIL,1457.7014976628152,0,2025-26
2026-01-09,22025,MIL,1453.0777595858738,0,2025-26
2026-01-11,22025,MIL,1462.3204652234872,0,2025-26
2026-01-13,22025,MIL,1458.995861046758,1,2025-26
2026-01-15,22025,MIL,1442.7671690045636,0,2025-26
2026-01-19,22025,MIL,1436.3787646071353,0,2025-26
2026-01-21,22025,MIL,1442.745536063693,1,2025-26
2026-01-23,22025,MIL,1436.7580665636192,1,2025-26
2026-01-27,22025,MIL,1432.873189365771,0,2025-26
2026-01-29,22025,MIL,1422.683795045815,0,2025-26
2026-02-01,22025,MIL,1409.7745103368868,0,2025-26
2026-02-03,22025,MIL,1403.343535335467,1,2025-26
2026-02-04,22025,MIL,1417.2970306783382,1,2025-26
2026-02-06,22025,MIL,1421.5396154901327,1,2025-26
2026-02-09,22025,MIL,1426.5387669189497,0,2025-26
2026-02-11,22025,MIL,1415.951604702566,0,2025-26
2026-02-12,22025,MIL,1429.3358989297687,0,2025-26
2026-02-20,22025,MIL,1463.1453004461116,0,2025-26
2026-02-22,22025,MIL,1478.24381644066,1,2025-26
2026-02-24,22025,MIL,1456.346223144852,1,2025-26
2026-02-25,22025,MIL,1469.022853476739,1,2025-26
2026-02-27,22025,MIL,1476.1824823788695,1,2025-26
2026-03-01,22025,MIL,1460.2223362133177,0,2025-26
2026-03-02,22025,MIL,1439.0957431136133,1,2025-26
2026-03-04,22025,MIL,1429.0300607231916,1,2025-26
2026-03-07,22025,MIL,1415.3303997385412,1,2025-26
2026-03-08,22025,MIL,1422.4053141542047,1,2025-26
2026-03-10,22025,MIL,1400.5692326231067,1,2025-26
2026-03-12,22025,MIL,1390.6114736579948,0,2025-26
2026-03-14,22025,MIL,1387.7178142567077,0,2025-26
2026-03-15,22025,MIL,1380.154701056553,1,2025-26
2026-03-17,22025,MIL,1386.153470605463,1,2025-26
2026-03-19,22025,MIL,1382.1253340509895,0,2025-26
2026-03-21,22025,MIL,1356.8006234986303,0,2025-26
2026-03-23,22025,MIL,1367.1980623743846,0,2025-26
2026-03-25,22025,MIL,1358.539314002872,0,2025-26
2026-03-28,22025,MIL,1348.4024832114133,1,2025-26
2026-03-29,22025,MIL,1343.7480814765213,1,2025-26
2026-03-31,22025,MIL,1337.572135484981,1,2025-26
2026-04-01,22025,MIL,1353.9662047534082,0,2025-26
2026-04-03,22025,MIL,1351.8785729059382,1,2025-26
2026-04-05,22025,MIL,1345.177058840662,1,2025-26
2026-04-07,22025,MIL,1355.825618727712,0,2025-26
2026-04-08,22025,MIL,1347.5905570811217,0,2025-26
2026-04-10,22025,MIL,1344.2591504290249,1,2025-26
2026-04-12,22025,MIL,1353.126474605861,0,2025-26
2020-12-23,22020,MIN,1500.0,1,2020-21
2020-12-26,22020,MIN,1508.552208510415,0,2020-21
2020-12-27,22020,MIN,1517.234980742578,0,2020-21
2020-12-29,22020,MIN,1495.617232518821,0,2020-21
2021-01-01,22020,MIN,1479.735802509105,1,2020-21
2021-01-03,22020,MIN,1457.9025726182451,1,2020-21
2021-01-05,22020,MIN,1442.890366307303,0,2020-21
2021-01-07,22020,MIN,1437.2693021229857,0,2020-21
2021-01-09,22020,MIN,1426.9897836941116,1,2020-21
2021-01-10,22020,MIN,1421.740152835821,1,2020-21
2021-01-13,22020,MIN,1431.750536292013,1,2020-21
2021-01-18,22020,MIN,1420.9463534907595,0,2020-21
2021-01-20,22020,MIN,1414.5902425199015,1,2020-21
2021-01-22,22020,MIN,1410.2651753664086,1,2020-21
2021-01-23,22020,MIN,1397.9511861769963,1,2020-21
2021-01-25,22020,MIN,1409.6108785134404,0,2020-21
2021-01-27,22020,MIN,1398.782884829659,0,2020-21
2021-01-29,22020,MIN,1392.2717060550906,1,2020-21
2021-01-31,22020,MIN,1379.5965542376707,1,2020-21
2021-02-01,22020,MIN,1387.3733886695804,0,2020-21
2021-02-03,22020,MIN,1384.3266335699889,0,2020-21
2021-02-05,22020,MIN,1381.356620515834,0,2020-21
2021-02-06,22020,MIN,1389.5279385969384,0,2020-21
2021-02-08,22020,MIN,1386.3175126861795,0,2020-21
2021-02-10,22020,MIN,1382.058121037658,1,2020-21
2021-02-12,22020,MIN,1377.6091094145163,0,2020-21
2021-02-14,22020,MIN,1373.8624498012032,0,2020-21
2021-02-16,22020,MIN,1385.363916255531,1,2020-21
2021-02-17,22020,MIN,1381.147346205663,1,2020-21
2021-02-19,22020,MIN,1375.533417289658,1,2020-21
2021-02-21,22020,MIN,1371.306243632234,0,2020-21
2021-02-23,22020,MIN,1368.3346066190447,0,2020-21
2021-02-24,22020,MIN,1361.8102870363557,0,2020-21
2021-02-27,22020,MIN,1358.2844502997814,0,2020-21
2021-02-28,22020,MIN,1350.4861838840966,1,2020-21
2021-03-03,22020,MIN,1343.79301173013,1,2020-21
2021-03-11,22020,MIN,1327.251694292641,0,2020-21
2021-03-13,22020,MIN,1367.434047816027,1,2020-21
2021-03-14,22020,MIN,1363.0582143901763,1,2020-21
2021-03-16,22020,MIN,1369.7865820697425,0,2020-21
2021-03-18,22020,MIN,1365.9000149538613,0,2020-21
2021-03-19,22020,MIN,1380.1515933991388,0,2020-21
2021-03-22,22020,MIN,1376.9186121241742,1,2020-21
2021-03-24,22020,MIN,1366.7525978606602,1,2020-21
2021-03-26,22020,MIN,1357.7643618524585,1,2020-21
2021-03-27,22020,MIN,1363.1304243706131,1,2020-21
2021-03-29,22020,MIN,1338.6539149859873,0,2020-21
2021-03-31,22020,MIN,1336.9541442646266,1,2020-21
2021-04-02,22020,MIN,1342.9636207290523,0,2020-21
2021-04-03,22020,MIN,1338.619844017455,0,2020-21
2021-04-05,22020,MIN,1336.6986492020785,1,2020-21
2021-04-07,22020,MIN,1349.5662424509526,0,2020-21
2021-04-09,22020,MIN,1346.7110868767031,0,2020-21
2021-04-11,22020,MIN,1342.9844128208638,1,2020-21
2021-04-13,22020,MIN,1351.4811711436732,1,2020-21
2021-04-14,22020,MIN,1341.2985769801885,1,2020-21
2021-04-16,22020,MIN,1333.1873512672437,1,2020-21
2021-04-18,22020,MIN,1346.5253116264112,0,2020-21
2021-04-20,22020,MIN,1343.5122366756682,0,2020-21
2021-04-21,22020,MIN,1362.8723814277118,0,2020-21
2021-04-24,22020,MIN,1358.9597638781609,0,2020-21
2021-04-26,22020,MIN,1376.66373122719,1,2020-21
2021-04-27,22020,MIN,1384.4765094762638,0,2020-21
2021-04-29,22020,MIN,1391.9458262886048,1,2020-21
2021-05-01,22020,MIN,1406.05621712816,1,2020-21
2021-05-05,22020,MIN,1400.8116435930276,1,2020-21
2021-05-07,22020,MIN,1396.1188502557222,0,2020-21
2021-05-09,22020,MIN,1391.4020952813437,0,2020-21
2021-05-11,22020,MIN,1412.0058708607828,0,2020-21
2021-05-13,22020,MIN,1429.2595539365627,1,2020-21
2021-05-15,22020,MIN,1423.0355914324884,1,2020-21
2021-05-16,22020,MIN,1409.5109248227038,1,2020-21
2021-10-20,22021,MIN,1457.4963029823812,1,2021-22
2021-10-23,22021,MIN,1466.4274748976554,1,2021-22
2021-10-25,22021,MIN,1473.1529030792356,1,2021-22
2021-10-27,22021,MIN,1460.7571195484488,0,2021-22
2021-10-30,22021,MIN,1472.2456667402423,1,2021-22
2021-11-01,22021,MIN,1468.262389316012,1,2021-22
2021-11-03,22021,MIN,1442.4378630056513,1,2021-22
2021-11-05,22021,MIN,1433.0833947783435,1,2021-22
2021-11-08,22021,MIN,1420.188736561791,0,2021-22
2021-11-10,22021,MIN,1415.4935499458738,0,2021-22
2021-11-12,22021,MIN,1411.0027850609758,0,2021-22
2021-11-13,22021,MIN,1440.7158918284622,0,2021-22
2021-11-15,22021,MIN,1431.673330051044,1,2021-22
2021-11-17,22021,MIN,1428.3141843825158,1,2021-22
2021-11-18,22021,MIN,1438.4678033449106,1,2021-22
2021-11-20,22021,MIN,1455.1478488254804,1,2021-22
2021-11-22,22021,MIN,1482.4033327365148,0,2021-22
2021-11-24,22021,MIN,1494.0678287141177,1,2021-22
2021-11-26,22021,MIN,1507.8218444105385,0,2021-22
2021-11-27,22021,MIN,1495.069363545119,0,2021-22
2021-11-29,22021,MIN,1500.8492955597728,1,2021-22
2021-12-01,22021,MIN,1505.008966944518,0,2021-22
2021-12-03,22021,MIN,1497.459382603672,0,2021-22
2021-12-06,22021,MIN,1493.5555769906662,1,2021-22
2021-12-08,22021,MIN,1482.6918023922672,1,2021-22
2021-12-10,22021,MIN,1467.7904112610884,1,2021-22
2021-12-12,22021,MIN,1453.8114721628078,0,2021-22
2021-12-15,22021,MIN,1462.6022851080031,0,2021-22
2021-12-17,22021,MIN,1484.9280052971806,1,2021-22
2021-12-19,22021,MIN,1498.489365927267,1,2021-22
2021-12-21,22021,MIN,1505.144158726054,0,2021-22
2021-12-23,22021,MIN,1495.4560275203055,0,2021-22
2021-12-27,22021,MIN,1491.0527610330475,1,2021-22
2021-12-28,22021,MIN,1497.687274180138,1,2021-22
2021-12-31,22021,MIN,1486.4338319609471,0,2021-22
2022-01-02,22021,MIN,1482.6159314332715,0,2021-22
2022-01-03,22021,MIN,1476.511078998113,0,2021-22
2022-01-05,22021,MIN,1496.086935952088,1,2021-22
2022-01-07,22021,MIN,1500.0402105930127,0,2021-22
2022-01-09,22021,MIN,1514.7436048639815,0,2021-22
2022-01-11,22021,MIN,1523.199396355663,0,2021-22
2022-01-13,22021,MIN,1517.0638336066347,0,2021-22
2022-01-16,22021,MIN,1512.3077050610011,1,2021-22
2022-01-18,22021,MIN,1533.96000745335,0,2021-22
2022-01-19,22021,MIN,1539.1178414544706,0,2021-22
2022-01-23,22021,MIN,1525.688805524332,1,2021-22
2022-01-25,22021,MIN,1535.7016189273943,0,2021-22
2022-01-27,22021,MIN,1540.0405579493574,0,2021-22
2022-01-28,22021,MIN,1534.8544533703223,0,2021-22
2022-01-30,22021,MIN,1530.6308997917245,1,2021-22
2022-02-01,22021,MIN,1546.4075887361796,1,2021-22
2022-02-03,22021,MIN,1559.2824327606197,0,2021-22
2022-02-06,22021,MIN,1564.6772979157122,1,2021-22
2022-02-08,22021,MIN,1567.9861087624065,0,2021-22
2022-02-09,22021,MIN,1576.5722586915383,0,2021-22
2022-02-11,22021,MIN,1555.9903105188716,0,2021-22
2022-02-13,22021,MIN,1544.591295132503,0,2021-22
2022-02-15,22021,MIN,1551.4239438545098,1,2021-22
2022-02-16,22021,MIN,1555.7711829623418,1,2021-22
2022-02-24,22021,MIN,1541.7615171536304,1,2021-22
2022-02-25,22021,MIN,1549.8536030779117,1,2021-22
2022-02-28,22021,MIN,1524.496576785254,0,2021-22
2022-03-01,22021,MIN,1533.8492089784395,1,2021-22
2022-03-04,22021,MIN,1548.668997166107,0,2021-22
2022-03-05,22021,MIN,1563.3909169526796,1,2021-22
2022-03-07,22021,MIN,1568.2829609551368,1,2021-22
2022-03-09,22021,MIN,1578.5946513424635,1,2021-22
2022-03-11,22021,MIN,1584.1879626448217,0,2021-22
2022-03-12,22021,MIN,1568.953150014629,0,2021-22
2022-03-14,22021,MIN,1582.887091135438,0,2021-22
2022-03-16,22021,MIN,1590.3466935304875,1,2021-22
2022-03-19,22021,MIN,1596.1978375027982,1,2021-22
2022-03-21,22021,MIN,1609.2677728983788,0,2021-22
2022-03-23,22021,MIN,1604.7049847018611,1,2021-22
2022-03-25,22021,MIN,1596.556162374929,1,2021-22
2022-03-27,22021,MIN,1609.738347756782,0,2021-22
2022-03-30,22021,MIN,1599.9427395636071,0,2021-22
2022-04-01,22021,MIN,1583.5938366732846,0,2021-22
2022-04-03,22021,MIN,1592.524152954663,0,2021-22
2022-04-05,22021,MIN,1595.642540480119,1,2021-22
2022-04-07,22021,MIN,1566.56937385744,1,2021-22
2022-04-10,22021,MIN,1571.4001247375895,1,2021-22
2022-10-19,22022,MIN,1536.4056257008313,1,2022-23
2022-10-21,22022,MIN,1540.044314526774,1,2022-23
2022-10-23,22022,MIN,1531.3878014039522,0,2022-23
2022-10-24,22022,MIN,1538.5153550716225,1,2022-23
2022-10-26,22022,MIN,1524.9882951371133,1,2022-23
2022-10-28,22022,MIN,1533.723638422587,1,2022-23
2022-10-30,22022,MIN,1538.568073253483,0,2022-23
2022-11-01,22022,MIN,1529.21972766096,0,2022-23
2022-11-04,22022,MIN,1523.9716838829472,1,2022-23
2022-11-05,22022,MIN,1512.0346055195523,1,2022-23
2022-11-07,22022,MIN,1516.6972861687475,1,2022-23
2022-11-09,22022,MIN,1501.031915313234,1,2022-23
2022-11-11,22022,MIN,1491.8686549390643,0,2022-23
2022-11-13,22022,MIN,1485.7097342695797,0,2022-23
2022-11-16,22022,MIN,1495.9936184874311,0,2022-23
2022-11-19,22022,MIN,1509.1847982622155,0,2022-23
2022-11-21,22022,MIN,1517.2404488966658,1,2022-23
2022-11-23,22022,MIN,1522.2356223303314,0,2022-23
2022-11-25,22022,MIN,1535.6595082605452,0,2022-23
2022-11-27,22022,MIN,1529.9042174898962,1,2022-23
2022-11-28,22022,MIN,1508.2995754101796,0,2022-23
2022-11-30,22022,MIN,1495.0994466091588,1,2022-23
2022-12-03,22022,MIN,1504.9451363773544,1,2022-23
2022-12-07,22022,MIN,1492.0365676767876,1,2022-23
2022-12-09,22022,MIN,1497.4546303182776,0,2022-23
2022-12-10,22022,MIN,1511.0690272681202,0,2022-23
2022-12-12,22022,MIN,1502.472325210207,0,2022-23
2022-12-14,22022,MIN,1484.7368447319498,0,2022-23
2022-12-16,22022,MIN,1476.1578452310275,0,2022-23
2022-12-18,22022,MIN,1480.980148209558,1,2022-23
2022-12-19,22022,MIN,1496.1771519060765,1,2022-23
2022-12-21,22022,MIN,1506.0659079327534,1,2022-23
2022-12-23,22022,MIN,1498.1608304176827,0,2022-23
2022-12-26,22022,MIN,1492.2913697426593,0,2022-23
2022-12-28,22022,MIN,1487.6419974937546,0,2022-23
2022-12-30,22022,MIN,1485.4343347920756,0,2022-23
2022-12-31,22022,MIN,1479.3337360866287,1,2022-23
2023-01-02,22022,MIN,1459.8388511330472,1,2022-23
2023-01-04,22022,MIN,1475.308494058914,1,2022-23
2023-01-06,22022,MIN,1482.0630178098113,1,2022-23
2023-01-08,22022,MIN,1492.4312814460316,0,2022-23
2023-01-11,22022,MIN,1498.510497561924,0,2022-23
2023-01-13,22022,MIN,1478.5797925489287,1,2022-23
2023-01-14,22022,MIN,1484.832049193951,1,2022-23
2023-01-16,22022,MIN,1495.1436645271096,1,2022-23
2023-01-18,22022,MIN,1490.3662816151784,0,2022-23
2023-01-19,22022,MIN,1487.467083816172,1,2022-23
2023-01-21,22022,MIN,1491.384046873641,1,2022-23
2023-01-23,22022,MIN,1494.757813584297,0,2022-23
2023-01-25,22022,MIN,1483.763080697621,0,2022-23
2023-01-27,22022,MIN,1496.4396356314942,1,2022-23
2023-01-28,22022,MIN,1509.8215569835802,1,2022-23
2023-01-30,22022,MIN,1517.469873658384,1,2022-23
2023-02-01,22022,MIN,1507.7653545923094,1,2022-23
2023-02-03,22022,MIN,1514.2977640312004,1,2022-23
2023-02-05,22022,MIN,1501.8213252135172,1,2022-23
2023-02-07,22022,MIN,1530.2403397876287,0,2022-23
2023-02-08,22022,MIN,1515.681909854037,0,2022-23
2023-02-10,22022,MIN,1536.4419005868697,0,2022-23
2023-02-13,22022,MIN,1524.0773466824644,0,2022-23
2023-02-16,22022,MIN,1530.6022874642404,1,2022-23
2023-02-24,22022,MIN,1519.3079257741929,1,2022-23
2023-02-26,22022,MIN,1503.375259676789,0,2022-23
2023-02-28,22022,MIN,1497.894428341877,0,2022-23
2023-03-03,22022,MIN,1508.7735052967512,0,2022-23
2023-03-04,22022,MIN,1519.3321952766285,0,2022-23
2023-03-07,22022,MIN,1527.508457346392,1,2022-23
2023-03-10,22022,MIN,1511.426964613771,1,2022-23
2023-03-13,22022,MIN,1506.62621300031,0,2022-23
2023-03-15,22022,MIN,1527.255421477002,1,2022-23
2023-03-17,22022,MIN,1522.907757031931,0,2022-23
2023-03-18,22022,MIN,1515.1435003570523,0,2022-23
2023-03-20,22022,MIN,1504.6809745995524,0,2022-23
2023-03-22,22022,MIN,1516.7932394376592,1,2022-23
2023-03-26,22022,MIN,1519.8108728524712,0,2022-23
2023-03-27,22022,MIN,1526.962378360588,0,2022-23
2023-03-29,22022,MIN,1535.3644106689856,0,2022-23
2023-03-31,22022,MIN,1529.0589360501804,1,2022-23
2023-04-02,22022,MIN,1515.4210844190666,1,2022-23
2023-04-04,22022,MIN,1506.1740081177245,0,2022-23
2023-04-08,22022,MIN,1514.9867046847953,0,2022-23
2023-04-09,22022,MIN,1523.1218465655636,1,2022-23
2023-10-25,22023,MIN,1517.6180486457083,0,2023-24
2023-10-28,22023,MIN,1513.383039710407,1,2023-24
2023-10-30,22023,MIN,1525.0480870135084,0,2023-24
2023-11-01,22023,MIN,1513.9190675822863,1,2023-24
2023-11-04,22023,MIN,1531.5444044867957,1,2023-24
2023-11-06,22023,MIN,1543.2464316738592,1,2023-24
2023-11-08,22023,MIN,1551.5668118612846,1,2023-24
2023-11-10,22023,MIN,1562.8668569490874,0,2023-24
2023-11-12,22023,MIN,1567.6344924233106,0,2023-24
2023-11-14,22023,MIN,1576.8483452423288,0,2023-24
2023-11-15,22023,MIN,1583.109022716854,0,2023-24
2023-11-18,22023,MIN,1566.4377419104462,0,2023-24
2023-11-20,22023,MIN,1570.2131864392322,1,2023-24
2023-11-22,22023,MIN,1582.8106199753645,1,2023-24
2023-11-24,22023,MIN,1594.125596947522,1,2023-24
2023-11-26,22023,MIN,1575.5048699670465,0,2023-24
2023-11-28,22023,MIN,1587.976971274568,1,2023-24
2023-11-30,22023,MIN,1592.4303491830804,1,2023-24
2023-12-02,22023,MIN,1596.1511874245218,0,2023-24
2023-12-06,22023,MIN,1599.9593465478388,1,2023-24
2023-12-08,22023,MIN,1601.7588754828523,0,2023-24
2023-12-11,22023,MIN,1614.6462827856158,0,2023-24
2023-12-14,22023,MIN,1599.381871935151,0,2023-24
2023-12-16,22023,MIN,1612.8743695172952,1,2023-24
2023-12-18,22023,MIN,1620.5037852970454,0,2023-24
2023-12-20,22023,MIN,1625.80937409768,0,2023-24
2023-12-21,22023,MIN,1615.4050349489578,1,2023-24
2023-12-23,22023,MIN,1619.5934182299304,0,2023-24
2023-12-26,22023,MIN,1629.9476953220365,0,2023-24
2023-12-28,22023,MIN,1612.49645744112,1,2023-24
2023-12-30,22023,MIN,1616.8532519089654,1,2023-24
2024-01-01,22023,MIN,1619.3776320238885,0,2023-24
2024-01-03,22023,MIN,1610.8824099912383,1,2023-24
2024-01-05,22023,MIN,1596.38163881104,0,2023-24
2024-01-07,22023,MIN,1613.10540787043,0,2023-24
2024-01-09,22023,MIN,1602.484203976334,0,2023-24
2024-01-10,22023,MIN,1617.6340325546405,0,2023-24
2024-01-12,22023,MIN,1613.0559054385765,1,2023-24
2024-01-14,22023,MIN,1616.7004778950195,1,2023-24
2024-01-17,22023,MIN,1622.1051525040132,0,2023-24
2024-01-18,22023,MIN,1623.8213218989426,1,2023-24
2024-01-20,22023,MIN,1629.1050161535914,1,2023-24
2024-01-22,22023,MIN,1620.814362340289,1,2023-24
2024-01-24,22023,MIN,1606.300102073874,0,2023-24
2024-01-25,22023,MIN,1610.139249194348,0,2023-24
2024-01-27,22023,MIN,1613.1504826553407,0,2023-24
2024-01-29,22023,MIN,1605.1444514225918,0,2023-24
2024-01-31,22023,MIN,1615.0984273378308,1,2023-24
2024-02-02,22023,MIN,1624.989831637451,1,2023-24
2024-02-04,22023,MIN,1616.7998693010936,1,2023-24
2024-02-06,22023,MIN,1624.267241438106,0,2023-24
2024-02-08,22023,MIN,1613.501584907944,0,2023-24
2024-02-12,22023,MIN,1632.7472259185445,0,2023-24
2024-02-13,22023,MIN,1654.6584548217083,0,2023-24
2024-02-15,22023,MIN,1658.2098514853635,0,2023-24
2024-02-23,22023,MIN,1665.701775019021,1,2023-24
2024-02-24,22023,MIN,1653.5168943013232,1,2023-24
2024-02-27,22023,MIN,1657.1108770102333,1,2023-24
2024-02-28,22023,MIN,1658.4674847099386,1,2023-24
2024-03-01,22023,MIN,1660.5690712747426,1,2023-24
2024-03-03,22023,MIN,1649.5052586304196,1,2023-24
2024-03-04,22023,MIN,1643.9076508801866,1,2023-24
2024-03-07,22023,MIN,1645.266471358006,0,2023-24
2024-03-08,22023,MIN,1648.9100969496308,0,2023-24
2024-03-10,22023,MIN,1639.418643955344,0,2023-24
2024-03-12,22023,MIN,1625.4804499903487,0,2023-24
2024-03-16,22023,MIN,1642.037747839138,0,2023-24
2024-03-18,22023,MIN,1650.119416895064,0,2023-24
2024-03-19,22023,MIN,1655.023971920249,1,2023-24
2024-03-22,22023,MIN,1647.7657960880651,1,2023-24
2024-03-24,22023,MIN,1655.3719849149174,1,2023-24
2024-03-27,22023,MIN,1658.6205490811662,1,2023-24
2024-03-29,22023,MIN,1660.338314501912,0,2023-24
2024-03-31,22023,MIN,1673.7581721102192,1,2023-24
2024-04-02,22023,MIN,1655.2518466848362,1,2023-24
2024-04-03,22023,MIN,1659.2970900497755,1,2023-24
2024-04-05,22023,MIN,1663.3735083856154,0,2023-24
2024-04-07,22023,MIN,1652.6304510701043,0,2023-24
2024-04-09,22023,MIN,1661.9372247529675,1,2023-24
2024-04-10,22023,MIN,1663.0034475996367,0,2023-24
2024-04-12,22023,MIN,1654.396819794926,1,2023-24
2024-04-14,22023,MIN,1656.3016616623622,1,2023-24
2024-10-22,22024,MIN,1580.5354626926196,0,2024-25
2024-10-24,22024,MIN,1572.547059179383,0,2024-25
2024-10-26,22024,MIN,1577.4147753465058,1,2024-25
2024-10-29,22024,MIN,1580.942092350394,1,2024-25
2024-11-01,22024,MIN,1570.829371765032,1,2024-25
2024-11-02,22024,MIN,1575.455829508623,0,2024-25
2024-11-04,22024,MIN,1561.9288728046124,1,2024-25
2024-11-07,22024,MIN,1568.2108972851086,0,2024-25
2024-11-08,22024,MIN,1579.3199831316374,1,2024-25
2024-11-10,22024,MIN,1586.131202760642,1,2024-25
2024-11-12,22024,MIN,1580.0537156731557,0,2024-25
2024-11-13,22024,MIN,1558.670908583536,0,2024-25
2024-11-15,22024,MIN,1545.196830694896,0,2024-25
2024-11-17,22024,MIN,1552.6913821195271,1,2024-25
2024-11-21,22024,MIN,1557.6019689004977,0,2024-25
2024-11-24,22024,MIN,1546.376324525208,0,2024-25
2024-11-26,22024,MIN,1544.176995823898,1,2024-25
2024-11-27,22024,MIN,1535.873557054393,1,2024-25
2024-11-29,22024,MIN,1521.0762069408056,1,2024-25
2024-12-02,22024,MIN,1524.9446141031522,1,2024-25
2024-12-04,22024,MIN,1542.1330940757334,0,2024-25
2024-12-06,22024,MIN,1569.0332973951963,0,2024-25
2024-12-08,22024,MIN,1587.5874558044684,0,2024-25
2024-12-13,22024,MIN,1579.5507924623062,1,2024-25
2024-12-15,22024,MIN,1585.1146954269425,0,2024-25
2024-12-19,22024,MIN,1594.1616321236356,1,2024-25
2024-12-21,22024,MIN,1570.0581753078511,1,2024-25
2024-12-23,22024,MIN,1556.2821122302537,0,2024-25
2024-12-25,22024,MIN,1542.321779347247,0,2024-25
2024-12-27,22024,MIN,1553.505740081496,0,2024-25
2024-12-29,22024,MIN,1559.1094305073457,1,2024-25
2024-12-31,22024,MIN,1561.6545727062933,0,2024-25
2025-01-02,22024,MIN,1558.0434908525972,1,2024-25
2025-01-04,22024,MIN,1553.406459151688,0,2024-25
2025-01-06,22024,MIN,1537.5992059124264,1,2024-25
2025-01-07,22024,MIN,1541.676330361238,0,2024-25
2025-01-09,22024,MIN,1546.4216585121196,0,2024-25
2025-01-11,22024,MIN,1561.6511832443516,1,2024-25
2025-01-13,22024,MIN,1556.1883143041466,0,2024-25
2025-01-15,22024,MIN,1560.4257158010676,1,2024-25
2025-01-17,22024,MIN,1554.3843023881916,0,2024-25
2025-01-18,22024,MIN,1574.5576489129826,1,2024-25
2025-01-20,22024,MIN,1567.363765800486,0,2024-25
2025-01-22,22024,MIN,1563.9888908312514,0,2024-25
2025-01-25,22024,MIN,1568.3155405627897,1,2024-25
2025-01-27,22024,MIN,1591.1727419236026,1,2024-25
2025-01-29,22024,MIN,1595.1553881416255,0,2024-25
2025-01-30,22024,MIN,1603.0649278111464,0,2024-25
2025-02-01,22024,MIN,1611.7666591703935,1,2024-25
2025-02-03,22024,MIN,1597.8113173640409,1,2024-25
2025-02-05,22024,MIN,1590.7434527143016,1,2024-25
2025-02-06,22024,MIN,1597.1145644067649,1,2024-25
2025-02-08,22024,MIN,1606.4617203694354,1,2024-25
2025-02-10,22024,MIN,1612.9786366178191,0,2024-25
2025-02-12,22024,MIN,1602.5917652357018,1,2024-25
2025-02-13,22024,MIN,1594.7586437443126,1,2024-25
2025-02-21,22024,MIN,1614.291967063392,0,2024-25
2025-02-23,22024,MIN,1606.2769804668378,1,2024-25
2025-02-24,22024,MIN,1600.355452437353,0,2024-25
2025-02-27,22024,MIN,1610.4543851436586,0,2024-25
2025-02-28,22024,MIN,1601.8858573224966,0,2024-25
2025-03-02,22024,MIN,1594.9562232608762,0,2024-25
2025-03-04,22024,MIN,1605.2412483599755,1,2024-25
2025-03-05,22024,MIN,1608.8620568460697,0,2024-25
2025-03-07,22024,MIN,1612.0925879866663,0,2024-25
2025-03-09,22024,MIN,1615.3630028525429,1,2024-25
2025-03-12,22024,MIN,1620.445922660963,0,2024-25
2025-03-14,22024,MIN,1641.2527040077289,1,2024-25
2025-03-16,22024,MIN,1643.7201654609748,1,2024-25
2025-03-17,22024,MIN,1647.0892805888868,1,2024-25
2025-03-19,22024,MIN,1639.3372475960566,1,2024-25
2025-03-21,22024,MIN,1623.7580359341723,1,2024-25
2025-03-24,22024,MIN,1629.6978519728389,0,2024-25
2025-03-28,22024,MIN,1614.654183329953,1,2024-25
2025-03-30,22024,MIN,1621.0707145510064,1,2024-25
2025-04-01,22024,MIN,1632.6452683188313,0,2024-25
2025-04-03,22024,MIN,1636.8848635282857,0,2024-25
2025-04-05,22024,MIN,1640.8445856908486,0,2024-25
2025-04-08,22024,MIN,1642.6075377285506,0,2024-25
2025-04-10,22024,MIN,1633.072878069859,0,2024-25
2025-04-11,22024,MIN,1645.4179220839071,1,2024-25
2025-04-13,22024,MIN,1648.2256309843372,1,2024-25
2025-10-22,22025,MIN,1589.804984872624,0,2025-26
2025-10-24,22025,MIN,1595.3304803839844,0,2025-26
2025-10-26,22025,MIN,1579.62353540546,1,2025-26
2025-10-27,22025,MIN,1583.8664732595023,1,2025-26
2025-10-29,22025,MIN,1568.029354166402,1,2025-26
2025-11-01,22025,MIN,1562.813447117443,0,2025-26
2025-11-03,22025,MIN,1570.444297886669,0,2025-26
2025-11-05,22025,MIN,1576.3502573952949,0,2025-26
2025-11-07,22025,MIN,1559.73445484285,1,2025-26
2025-11-09,22025,MIN,1569.24446968322,0,2025-26
2025-11-10,22025,MIN,1586.3574035055378,0,2025-26
2025-11-14,22025,MIN,1590.447344729507,1,2025-26
2025-11-15,22025,MIN,1595.426117617996,1,2025-26
2025-11-17,22025,MIN,1583.7051924501009,1,2025-26
2025-11-19,22025,MIN,1590.0924393004775,1,2025-26
2025-11-21,22025,MIN,1591.8311734474782,0,2025-26
2025-11-24,22025,MIN,1587.595717136358,0,2025-26
2025-11-26,22025,MIN,1576.9655935016222,0,2025-26
2025-11-29,22025,MIN,1573.423358147532,1,2025-26
2025-11-30,22025,MIN,1578.6734541810647,1,2025-26
2025-12-02,22025,MIN,1587.425465528421,0,2025-26
2025-12-04,22025,MIN,1590.6802879534532,0,2025-26
2025-12-06,22025,MIN,1594.3219790571118,1,2025-26
2025-12-08,22025,MIN,1596.98046954173,1,2025-26
2025-12-12,22025,MIN,1588.8902249096936,0,2025-26
2025-12-14,22025,MIN,1598.0468642625556,1,2025-26
2025-12-17,22025,MIN,1602.0858149841083,1,2025-26
2025-12-19,22025,MIN,1589.9891253188632,1,2025-26
2025-12-21,22025,MIN,1600.4645891406892,1,2025-26
2025-12-23,22025,MIN,1602.464037057931,1,2025-26
2025-12-25,22025,MIN,1611.7527223363395,0,2025-26
2025-12-27,22025,MIN,1606.8978329436443,1,2025-26
2025-12-29,22025,MIN,1578.3334976174465,0,2025-26
2025-12-31,22025,MIN,1595.6977392075732,0,2025-26
2026-01-03,22025,MIN,1568.6046836426044,0,2025-26
2026-01-04,22025,MIN,1580.0371183119632,0,2025-26
2026-01-06,22025,MIN,1589.0138033998014,1,2025-26
2026-01-08,22025,MIN,1602.9075901163765,1,2025-26
2026-01-10,22025,MIN,1609.293157695187,0,2025-26
2026-01-11,22025,MIN,1596.9479046652525,1,2025-26
2026-01-13,22025,MIN,1600.3648554522915,0,2025-26
2026-01-16,22025,MIN,1616.593547494486,0,2025-26
2026-01-17,22025,MIN,1609.7729738063658,0,2025-26
2026-01-20,22025,MIN,1604.9173613608102,0,2025-26
2026-01-22,22025,MIN,1592.234701868123,1,2025-26
2026-01-25,22025,MIN,1580.1774136868455,1,2025-26
2026-01-26,22025,MIN,1554.3842065350418,1,2025-26
2026-01-28,22025,MIN,1571.6335953659843,0,2025-26
2026-01-29,22025,MIN,1581.2191605179205,1,2025-26
2026-01-31,22025,MIN,1595.9374516045134,0,2025-26
2026-02-02,22025,MIN,1605.4495563401574,0,2025-26
2026-02-04,22025,MIN,1590.9073185033676,0,2025-26
2026-02-06,22025,MIN,1595.1489064456334,1,2025-26
2026-02-08,22025,MIN,1581.542855266492,1,2025-26
2026-02-09,22025,MIN,1559.2364938340647,1,2025-26
2026-02-11,22025,MIN,1570.1135851063748,1,2025-26
2026-02-20,22025,MIN,1581.2397205233185,1,2025-26
2026-02-22,22025,MIN,1585.372729455902,1,2025-26
2026-02-24,22025,MIN,1551.1062657727398,0,2025-26
2026-02-26,22025,MIN,1556.298972559118,0,2025-26
2026-03-01,22025,MIN,1565.067105041515,0,2025-26
2026-03-03,22025,MIN,1577.3048112530314,1,2025-26
2026-03-05,22025,MIN,1580.7929192091567,1,2025-26
2026-03-07,22025,MIN,1586.5232149032267,1,2025-26
2026-03-10,22025,MIN,1554.4774495450952,0,2025-26
2026-03-11,22025,MIN,1543.6897119637963,0,2025-26
2026-03-13,22025,MIN,1529.5287732152538,0,2025-26
2026-03-15,22025,MIN,1539.8654120338742,0,2025-26
2026-03-17,22025,MIN,1534.9642810425214,1,2025-26
2026-03-18,22025,MIN,1544.344711349639,1,2025-26
2026-03-20,22025,MIN,1551.0085177695155,1,2025-26
2026-03-22,22025,MIN,1541.6833298361726,0,2025-26
2026-03-25,22025,MIN,1558.852893774149,1,2025-26
2026-03-28,22025,MIN,1562.6820186025368,1,2025-26
2026-03-30,22025,MIN,1547.64581351299,0,2025-26
2026-04-02,22025,MIN,1560.316038869045,0,2025-26
2026-04-03,22025,MIN,1556.7348885938788,0,2025-26
2026-04-05,22025,MIN,1545.1806724560288,1,2025-26
2026-04-07,22025,MIN,1534.6607943772556,0,2025-26
2026-04-08,22025,MIN,1542.9293205066135,0,2025-26
2026-04-10,22025,MIN,1532.288765270312,0,2025-26
2026-04-12,22025,MIN,1541.8665729277927,1,2025-26
2020-12-23,22020,NOP,1500.0,0,2020-21
2020-12-25,22020,NOP,1515.312455596477,0,2020-21
2020-12-27,22020,NOP,1504.3053643281205,1,2020-21
2020-12-29,22020,NOP,1509.19160529341,0,2020-21
2020-12-31,22020,NOP,1493.944440728326,0,2020-21
2021-01-02,22020,NOP,1521.388753305543,1,2020-21
2021-01-04,22020,NOP,1525.8990802629344,1,2020-21
2021-01-06,22020,NOP,1520.1329849389194,1,2020-21
2021-01-08,22020,NOP,1514.3038528650377,1,2020-21
2021-01-13,22020,NOP,1502.5892435178334,0,2020-21
2021-01-15,22020,NOP,1496.9547429962795,0,2020-21
2021-01-17,22020,NOP,1488.998187529653,0,2020-21
2021-01-19,22020,NOP,1495.335990649202,0,2020-21
2021-01-21,22020,NOP,1486.8679405073217,0,2020-21
2021-01-23,22020,NOP,1480.7364516840253,0,2020-21
2021-01-27,22020,NOP,1469.0767593475814,1,2020-21
2021-01-29,22020,NOP,1481.1126542629593,1,2020-21
2021-01-30,22020,NOP,1489.3584094329258,1,2020-21
2021-02-01,22020,NOP,1475.0657372052508,1,2020-21
2021-02-03,22020,NOP,1461.779304735161,1,2020-21
2021-02-05,22020,NOP,1480.4323741108583,0,2020-21
2021-02-06,22020,NOP,1485.848110598812,1,2020-21
2021-02-09,22020,NOP,1495.1222760759636,1,2020-21
2021-02-10,22020,NOP,1513.9128771262872,0,2020-21
2021-02-12,22020,NOP,1502.264528765007,0,2020-21
2021-02-14,22020,NOP,1490.62418152441,0,2020-21
2021-02-16,22020,NOP,1479.7130804907044,0,2020-21
2021-02-17,22020,NOP,1509.6847503369693,1,2020-21
2021-02-19,22020,NOP,1504.361983373964,1,2020-21
2021-02-21,22020,NOP,1488.556879375877,1,2020-21
2021-02-24,22020,NOP,1494.7707038262795,1,2020-21
2021-02-25,22020,NOP,1501.7248684648691,0,2020-21
2021-02-27,22020,NOP,1497.9004692236438,0,2020-21
2021-03-01,22020,NOP,1493.3898473231918,1,2020-21
2021-03-03,22020,NOP,1504.1995440522942,1,2020-21
2021-03-04,22020,NOP,1496.482042337541,1,2020-21
2021-03-11,22020,NOP,1484.0718270350617,1,2020-21
2021-03-12,22020,NOP,1443.8894735116755,1,2020-21
2021-03-14,22020,NOP,1459.9660193770312,1,2020-21
2021-03-16,22020,NOP,1480.7159887393384,0,2020-21
2021-03-18,22020,NOP,1477.7245346698314,0,2020-21
2021-03-21,22020,NOP,1471.1744697130482,0,2020-21
2021-03-23,22020,NOP,1483.6454922351527,1,2020-21
2021-03-26,22020,NOP,1501.1314204568491,1,2020-21
2021-03-27,22020,NOP,1494.7620402812458,1,2020-21
2021-03-29,22020,NOP,1504.65597437472,0,2020-21
2021-04-01,22020,NOP,1513.966131816359,1,2020-21
2021-04-02,22020,NOP,1501.958159896206,1,2020-21
2021-04-04,22020,NOP,1482.543726770288,0,2020-21
2021-04-06,22020,NOP,1487.8889442083976,0,2020-21
2021-04-07,22020,NOP,1479.221615658334,0,2020-21
2021-04-09,22020,NOP,1468.9893149199247,1,2020-21
2021-04-11,22020,NOP,1480.521626619522,0,2020-21
2021-04-12,22020,NOP,1487.8872200435048,1,2020-21
2021-04-14,22020,NOP,1493.0194254962487,1,2020-21
2021-04-16,22020,NOP,1482.433474304246,0,2020-21
2021-04-18,22020,NOP,1477.663871958695,0,2020-21
2021-04-20,22020,NOP,1471.6797324982238,1,2020-21
2021-04-22,22020,NOP,1466.171618126741,0,2020-21
2021-04-24,22020,NOP,1484.1393748544435,1,2020-21
2021-04-26,22020,NOP,1478.4729727274084,1,2020-21
2021-04-28,22020,NOP,1500.4433799138983,0,2020-21
2021-04-29,22020,NOP,1497.9736367915089,0,2020-21
2021-05-01,22020,NOP,1504.5176854688464,0,2020-21
2021-05-03,22020,NOP,1509.762259003979,1,2020-21
2021-05-04,22020,NOP,1492.9707276979202,1,2020-21
2021-05-07,22020,NOP,1499.2333075208228,0,2020-21
2021-05-09,22020,NOP,1497.034746612092,0,2020-21
2021-05-10,22020,NOP,1502.0794766079052,0,2020-21
2021-05-12,22020,NOP,1496.7717854125308,0,2020-21
2021-05-14,22020,NOP,1487.3673929826384,0,2020-21
2021-05-16,22020,NOP,1483.5702366447108,1,2020-21
2021-10-20,22021,NOP,1483.3584795374525,1,2021-22
2021-10-22,22021,NOP,1469.0137738241274,0,2021-22
2021-10-23,22021,NOP,1458.9882051724103,0,2021-22
2021-10-25,22021,NOP,1452.2627769908304,0,2021-22
2021-10-27,22021,NOP,1464.6585605216171,1,2021-22
2021-10-29,22021,NOP,1459.8402278290916,1,2021-22
2021-10-30,22021,NOP,1452.375094780611,1,2021-22
2021-11-02,22021,NOP,1446.4784485216078,0,2021-22
2021-11-03,22021,NOP,1440.4716960813446,0,2021-22
2021-11-05,22021,NOP,1431.2223317645726,0,2021-22
2021-11-08,22021,NOP,1418.895291564004,0,2021-22
2021-11-10,22021,NOP,1411.49232824175,1,2021-22
2021-11-12,22021,NOP,1398.3288563118565,1,2021-22
2021-11-13,22021,NOP,1392.7314939369014,1,2021-22
2021-11-15,22021,NOP,1405.361297709924,0,2021-22
2021-11-17,22021,NOP,1402.4480264523963,0,2021-22
2021-11-19,22021,NOP,1397.5790038885689,1,2021-22
2021-11-20,22021,NOP,1415.426384950562,0,2021-22
2021-11-22,22021,NOP,1406.5362012791018,1,2021-22
2021-11-24,22021,NOP,1394.8717053014989,1,2021-22
2021-11-26,22021,NOP,1420.5530439826568,0,2021-22
2021-11-27,22021,NOP,1428.7529283777897,0,2021-22
2021-11-29,22021,NOP,1422.7122369711562,0,2021-22
2021-12-01,22021,NOP,1448.6646952281762,1,2021-22
2021-12-03,22021,NOP,1426.3439057624282,0,2021-22
2021-12-05,22021,NOP,1448.9225401266804,0,2021-22
2021-12-08,22021,NOP,1436.3672381289243,1,2021-22
2021-12-10,22021,NOP,1429.860469848616,1,2021-22
2021-12-12,22021,NOP,1437.0970900396906,0,2021-22
2021-12-15,22021,NOP,1427.7555958578594,0,2021-22
2021-12-17,22021,NOP,1431.994013874503,1,2021-22
2021-12-21,22021,NOP,1441.068719124091,1,2021-22
2021-12-23,22021,NOP,1452.8685208432082,0,2021-22
2021-12-26,22021,NOP,1458.8178439534463,0,2021-22
2021-12-28,22021,NOP,1449.974570349574,1,2021-22
2022-01-01,22021,NOP,1458.8104361950905,0,2021-22
2022-01-03,22021,NOP,1450.474384290971,1,2021-22
2022-01-04,22021,NOP,1445.2717872872463,1,2021-22
2022-01-06,22021,NOP,1439.073032043714,1,2021-22
2022-01-09,22021,NOP,1450.5944524099154,0,2021-22
2022-01-11,22021,NOP,1447.211973952824,1,2021-22
2022-01-13,22021,NOP,1453.3475367018525,1,2021-22
2022-01-15,22021,NOP,1470.438119091349,0,2021-22
2022-01-17,22021,NOP,1461.8793558194266,0,2021-22
2022-01-20,22021,NOP,1455.1333917526547,0,2021-22
2022-01-24,22021,NOP,1470.0845655188357,1,2021-22
2022-01-25,22021,NOP,1475.1828268835943,0,2021-22
2022-01-28,22021,NOP,1469.6366210519093,1,2021-22
2022-01-29,22021,NOP,1459.5530833887449,1,2021-22
2022-01-31,22021,NOP,1450.4802947485623,0,2021-22
2022-02-01,22021,NOP,1447.9491236804745,0,2021-22
2022-02-04,22021,NOP,1456.634559126499,0,2021-22
2022-02-06,22021,NOP,1471.503204748179,0,2021-22
2022-02-08,22021,NOP,1479.6890282038175,1,2021-22
2022-02-10,22021,NOP,1484.369815230015,1,2021-22
2022-02-12,22021,NOP,1474.1683840756575,1,2021-22
2022-02-14,22021,NOP,1461.7836671716016,1,2021-22
2022-02-15,22021,NOP,1489.3914428445976,1,2021-22
2022-02-17,22021,NOP,1481.5547765674228,1,2021-22
2022-02-25,22021,NOP,1475.1039008416376,0,2021-22
2022-02-27,22021,NOP,1504.6868706522353,0,2021-22
2022-03-02,22021,NOP,1525.4782395423763,1,2021-22
2022-03-04,22021,NOP,1535.1468434443736,1,2021-22
2022-03-06,22021,NOP,1561.7013903171958,0,2021-22
2022-03-08,22021,NOP,1554.6740970061062,0,2021-22
2022-03-09,22021,NOP,1543.379190715039,1,2021-22
2022-03-11,22021,NOP,1527.9654154764155,1,2021-22
2022-03-13,22021,NOP,1503.1551478270042,1,2021-22
2022-03-15,22021,NOP,1509.2834286042769,1,2021-22
2022-03-18,22021,NOP,1500.7995592875177,0,2021-22
2022-03-20,22021,NOP,1523.7449108684025,0,2021-22
2022-03-21,22021,NOP,1532.6070441499771,0,2021-22
2022-03-24,22021,NOP,1528.0300424438117,1,2021-22
2022-03-26,22021,NOP,1538.4540303330175,1,2021-22
2022-03-27,22021,NOP,1528.7625546550305,1,2021-22
2022-03-30,22021,NOP,1533.4567135276748,0,2021-22
2022-04-01,22021,NOP,1537.87758036821,0,2021-22
2022-04-03,22021,NOP,1541.9427723175777,0,2021-22
2022-04-05,22021,NOP,1525.998867130775,0,2021-22
2022-04-07,22021,NOP,1534.5432651835456,1,2021-22
2022-04-09,22021,NOP,1539.7980018859791,0,2021-22
2022-04-10,22021,NOP,1529.4107379367424,1,2021-22
2022-10-19,22022,NOP,1507.152832728054,0,2022-23
2022-10-21,22022,NOP,1529.051675487015,0,2022-23
2022-10-23,22022,NOP,1543.7443691299306,1,2022-23
2022-10-25,22022,NOP,1539.2964348092137,1,2022-23
2022-10-28,22022,NOP,1543.8776140809782,0,2022-23
2022-10-30,22022,NOP,1536.4456686244514,0,2022-23
2022-11-02,22022,NOP,1553.4899688811936,0,2022-23
2022-11-04,22022,NOP,1546.2976874090084,1,2022-23
2022-11-05,22022,NOP,1553.198231907622,0,2022-23
2022-11-07,22022,NOP,1548.2250551928294,0,2022-23
2022-11-09,22022,NOP,1537.525157515481,0,2022-23
2022-11-10,22022,NOP,1544.3559822930486,1,2022-23
2022-11-12,22022,NOP,1526.0070096581303,1,2022-23
2022-11-15,22022,NOP,1530.6762078955533,1,2022-23
2022-11-16,22022,NOP,1541.3823849600742,1,2022-23
2022-11-18,22022,NOP,1549.6393467869184,1,2022-23
2022-11-21,22022,NOP,1542.5452399876076,1,2022-23
2022-11-23,22022,NOP,1565.587746378057,0,2022-23
2022-11-25,22022,NOP,1575.4887522353586,0,2022-23
2022-11-28,22022,NOP,1559.8089402428384,1,2022-23
2022-11-30,22022,NOP,1562.5217349658808,1,2022-23
2022-12-02,22022,NOP,1574.144673201355,0,2022-23
2022-12-04,22022,NOP,1581.9546232122532,1,2022-23
2022-12-07,22022,NOP,1591.4654145671984,1,2022-23
2022-12-09,22022,NOP,1593.9837943003367,1,2022-23
2022-12-11,22022,NOP,1602.9049801655449,1,2022-23
2022-12-13,22022,NOP,1608.1989546944735,0,2022-23
2022-12-15,22022,NOP,1588.0722220302523,0,2022-23
2022-12-17,22022,NOP,1582.2953764755664,0,2022-23
2022-12-19,22022,NOP,1576.814373812232,1,2022-23
2022-12-22,22022,NOP,1565.2996008941484,1,2022-23
2022-12-23,22022,NOP,1568.6107398990428,0,2022-23
2022-12-26,22022,NOP,1572.7519016197307,1,2022-23
2022-12-28,22022,NOP,1581.1646303580994,1,2022-23
2022-12-30,22022,NOP,1583.3722930597785,1,2022-23
2022-12-31,22022,NOP,1592.4930984129385,0,2022-23
2023-01-02,22022,NOP,1581.312338139958,0,2022-23
2023-01-04,22022,NOP,1573.4625832056215,1,2022-23
2023-01-06,22022,NOP,1576.6820687300017,1,2022-23
2023-01-07,22022,NOP,1568.25166827485,0,2022-23
2023-01-09,22022,NOP,1558.5286160443677,0,2022-23
2023-01-11,22022,NOP,1573.737033352576,0,2022-23
2023-01-13,22022,NOP,1566.1515567658105,0,2022-23
2023-01-16,22022,NOP,1570.4421672794256,0,2022-23
2023-01-18,22022,NOP,1561.5396655772145,1,2022-23
2023-01-20,22022,NOP,1535.7187243909525,0,2022-23
2023-01-22,22022,NOP,1519.9251215578274,0,2022-23
2023-01-24,22022,NOP,1515.061009588953,1,2022-23
2023-01-25,22022,NOP,1511.829177703438,1,2022-23
2023-01-28,22022,NOP,1499.152622769565,1,2022-23
2023-01-29,22022,NOP,1486.829592091905,0,2022-23
2023-01-31,22022,NOP,1474.3356894397082,0,2022-23
2023-02-02,22022,NOP,1469.9437009529888,0,2022-23
2023-02-04,22022,NOP,1464.5559340891466,1,2022-23
2023-02-05,22022,NOP,1470.8182963243266,1,2022-23
2023-02-07,22022,NOP,1494.9210757271935,1,2022-23
2023-02-10,22022,NOP,1503.791892242588,1,2022-23
2023-02-13,22022,NOP,1494.7601532491942,0,2022-23
2023-02-15,22022,NOP,1502.1527616229223,0,2022-23
2023-02-23,22022,NOP,1487.6516791614197,0,2022-23
2023-02-25,22022,NOP,1482.5410202609623,0,2022-23
2023-02-27,22022,NOP,1472.716801999268,1,2022-23
2023-03-01,22022,NOP,1461.2788667865298,0,2022-23
2023-03-03,22022,NOP,1473.3604962065028,0,2022-23
2023-03-06,22022,NOP,1467.4965910784103,0,2022-23
2023-03-08,22022,NOP,1459.2704428955994,1,2022-23
2023-03-11,22022,NOP,1467.5655000956745,1,2022-23
2023-03-12,22022,NOP,1453.995354890731,1,2022-23
2023-03-14,22022,NOP,1464.5923112896612,1,2022-23
2023-03-17,22022,NOP,1451.0811024662075,0,2022-23
2023-03-19,22022,NOP,1444.5259242663583,0,2022-23
2023-03-21,22022,NOP,1452.125180936452,1,2022-23
2023-03-23,22022,NOP,1462.7888610727566,1,2022-23
2023-03-25,22022,NOP,1472.2377028739588,0,2022-23
2023-03-27,22022,NOP,1497.149387858324,0,2022-23
2023-03-28,22022,NOP,1515.8144055942237,0,2022-23
2023-03-30,22022,NOP,1507.4304032671118,0,2022-23
2023-04-01,22022,NOP,1532.6780625528754,1,2022-23
2023-04-04,22022,NOP,1540.1880554317956,1,2022-23
2023-04-05,22022,NOP,1522.9362570751125,1,2022-23
2023-04-07,22022,NOP,1531.7244568672334,1,2022-23
2023-04-09,22022,NOP,1541.5331776618048,0,2022-23
2023-10-25,22023,NOP,1521.1749658907124,0,2023-24
2023-10-28,22023,NOP,1532.1959287736609,1,2023-24
2023-10-30,22023,NOP,1540.77298006784,1,2023-24
2023-11-01,22023,NOP,1517.7111525775551,0,2023-24
2023-11-02,22023,NOP,1525.164292590489,1,2023-24
2023-11-04,22023,NOP,1529.3098600484825,1,2023-24
2023-11-06,22023,NOP,1511.2038083869968,0,2023-24
2023-11-08,22023,NOP,1501.6407687607257,0,2023-24
2023-11-10,22023,NOP,1490.3407236729229,0,2023-24
2023-11-12,22023,NOP,1485.106074789048,1,2023-24
2023-11-14,22023,NOP,1472.6632574089365,1,2023-24
2023-11-17,22023,NOP,1490.005918688371,1,2023-24
2023-11-18,22023,NOP,1498.2405729174204,1,2023-24
2023-11-20,22023,NOP,1494.4651283886344,1,2023-24
2023-11-22,22023,NOP,1519.3913432816953,1,2023-24
2023-11-24,22023,NOP,1525.1776930777455,0,2023-24
2023-11-25,22023,NOP,1537.3807736996623,0,2023-24
2023-11-27,22023,NOP,1527.8740614246906,0,2023-24
2023-11-29,22023,NOP,1521.71777415397,1,2023-24
2023-12-01,22023,NOP,1534.1860614945876,1,2023-24
2023-12-02,22023,NOP,1538.111165455615,0,2023-24
2023-12-04,22023,NOP,1529.0847341106162,0,2023-24
2023-12-07,22023,NOP,1541.3249689693428,0,2023-24
2023-12-11,22023,NOP,1515.597500645881,1,2023-24
2023-12-13,22023,NOP,1530.861911496346,0,2023-24
2023-12-15,22023,NOP,1540.863270792115,0,2023-24
2023-12-17,22023,NOP,1545.1365798537115,0,2023-24
2023-12-19,22023,NOP,1556.9670349536343,1,2023-24
2023-12-21,22023,NOP,1548.4440304539548,0,2023-24
2023-12-23,22023,NOP,1567.144517511183,1,2023-24
2023-12-26,22023,NOP,1560.2796427734606,1,2023-24
2023-12-28,22023,NOP,1553.6440796331706,1,2023-24
2023-12-31,22023,NOP,1557.5859746244123,1,2023-24
2024-01-02,22023,NOP,1568.691935851102,1,2023-24
2024-01-03,22023,NOP,1579.206664457664,0,2023-24
2024-01-05,22023,NOP,1593.7074356378623,1,2023-24
2024-01-07,22023,NOP,1577.0842148829245,0,2023-24
2024-01-10,22023,NOP,1600.534227080345,0,2023-24
2024-01-12,22023,NOP,1620.631993527599,0,2023-24
2024-01-13,22023,NOP,1609.3765252916232,0,2023-24
2024-01-15,22023,NOP,1617.3661191536448,0,2023-24
2024-01-17,22023,NOP,1608.0753922446206,1,2023-24
2024-01-19,22023,NOP,1610.752120543022,1,2023-24
2024-01-23,22023,NOP,1591.0119634758812,1,2023-24
2024-01-26,22023,NOP,1605.5323624955415,1,2023-24
2024-01-27,22023,NOP,1586.3119992365068,0,2023-24
2024-01-29,22023,NOP,1571.1265371961465,0,2023-24
2024-01-31,22023,NOP,1567.3657904168308,0,2023-24
2024-02-02,22023,NOP,1576.5897278961472,0,2023-24
2024-02-05,22023,NOP,1578.17460809891,1,2023-24
2024-02-07,22023,NOP,1589.193653959378,0,2023-24
2024-02-09,22023,NOP,1606.1153874801244,0,2023-24
2024-02-10,22023,NOP,1587.6593163168166,0,2023-24
2024-02-12,22023,NOP,1591.9580561346413,0,2023-24
2024-02-14,22023,NOP,1597.347273284487,1,2023-24
2024-02-22,22023,NOP,1598.946122981421,1,2023-24
2024-02-23,22023,NOP,1606.2836607246986,1,2023-24
2024-02-25,22023,NOP,1589.8173569987634,1,2023-24
2024-02-27,22023,NOP,1575.2640534513555,0,2023-24
2024-02-28,22023,NOP,1596.83498870751,0,2023-24
2024-03-01,22023,NOP,1586.347115138071,1,2023-24
2024-03-05,22023,NOP,1599.8658770721984,0,2023-24
2024-03-08,22023,NOP,1615.7101335378177,0,2023-24
2024-03-10,22023,NOP,1621.4804010099622,0,2023-24
2024-03-13,22023,NOP,1629.6659643048654,1,2023-24
2024-03-15,22023,NOP,1605.7015471315212,1,2023-24
2024-03-16,22023,NOP,1612.8116269481216,1,2023-24
2024-03-19,22023,NOP,1616.307389800235,0,2023-24
2024-03-21,22023,NOP,1623.2766459400243,0,2023-24
2024-03-22,22023,NOP,1607.9237294830757,0,2023-24
2024-03-24,22023,NOP,1624.6699021749832,0,2023-24
2024-03-26,22023,NOP,1628.1570118128698,1,2023-24
2024-03-28,22023,NOP,1617.3952256667258,1,2023-24
2024-03-30,22023,NOP,1623.3835856058313,1,2023-24
2024-04-01,22023,NOP,1614.5269837634305,1,2023-24
2024-04-03,22023,NOP,1598.0710331013854,1,2023-24
2024-04-05,22023,NOP,1584.088821176932,1,2023-24
2024-04-07,22023,NOP,1574.1179890583614,0,2023-24
2024-04-09,22023,NOP,1586.399121226493,0,2023-24
2024-04-11,22023,NOP,1590.3367705813637,0,2023-24
2024-04-12,22023,NOP,1602.366434546144,0,2023-24
2024-04-14,22023,NOP,1611.3228473094032,1,2023-24
2024-10-23,22024,NOP,1554.8043226613568,1,2024-25
2024-10-25,22024,NOP,1561.9383424589032,0,2024-25
2024-10-27,22024,NOP,1564.5460183305056,0,2024-25
2024-10-29,22024,NOP,1536.4609433148123,0,2024-25
2024-10-30,22024,NOP,1526.3156578576084,0,2024-25
2024-11-01,22024,NOP,1518.1295772587027,1,2024-25
2024-11-03,22024,NOP,1525.5630172966894,1,2024-25
2024-11-04,22024,NOP,1504.84428662785,1,2024-25
2024-11-06,22024,NOP,1479.066834515016,1,2024-25
2024-11-08,22024,NOP,1470.8866558633963,0,2024-25
2024-11-11,22024,NOP,1455.6529635438446,1,2024-25
2024-11-13,22024,NOP,1449.672350785371,0,2024-25
2024-11-15,22024,NOP,1444.6213901031713,1,2024-25
2024-11-16,22024,NOP,1456.2195086459274,1,2024-25
2024-11-19,22024,NOP,1449.992671698363,0,2024-25
2024-11-20,22024,NOP,1436.0769563912495,0,2024-25
2024-11-22,22024,NOP,1428.7719894994448,1,2024-25
2024-11-25,22024,NOP,1425.490507918766,0,2024-25
2024-11-27,22024,NOP,1421.5223371640802,1,2024-25
2024-11-29,22024,NOP,1393.4133105735257,0,2024-25
2024-12-01,22024,NOP,1388.2577515703892,0,2024-25
2024-12-02,22024,NOP,1380.5317698273725,0,2024-25
2024-12-05,22024,NOP,1374.227078000075,1,2024-25
2024-12-07,22024,NOP,1381.4768850604205,1,2024-25
2024-12-08,22024,NOP,1377.991900668618,0,2024-25
2024-12-12,22024,NOP,1373.521505232755,1,2024-25
2024-12-15,22024,NOP,1370.4553520685024,0,2024-25
2024-12-19,22024,NOP,1362.8755089365688,0,2024-25
2024-12-21,22024,NOP,1358.1880528124373,1,2024-25
2024-12-22,22024,NOP,1353.6727678834222,1,2024-25
2024-12-26,22024,NOP,1350.9932240105538,1,2024-25
2024-12-27,22024,NOP,1344.7724906843573,1,2024-25
2024-12-30,22024,NOP,1340.9343447558865,1,2024-25
2025-01-01,22024,NOP,1338.2686793056878,0,2024-25
2025-01-03,22024,NOP,1335.0234206244947,1,2024-25
2025-01-05,22024,NOP,1343.3669267560306,0,2024-25
2025-01-07,22024,NOP,1355.004710964496,1,2024-25
2025-01-08,22024,NOP,1350.2593828136146,1,2024-25
2025-01-10,22024,NOP,1331.3361359960131,0,2024-25
2025-01-12,22024,NOP,1347.2876880777967,0,2024-25
2025-01-14,22024,NOP,1346.573088520623,0,2024-25
2025-01-15,22024,NOP,1359.233973379677,1,2024-25
2025-01-17,22024,NOP,1367.6454272908531,1,2024-25
2025-01-20,22024,NOP,1379.5026571998196,1,2024-25
2025-01-24,22024,NOP,1385.090628922119,0,2024-25
2025-01-25,22024,NOP,1381.7188723100587,0,2024-25
2025-01-27,22024,NOP,1360.2875328454704,0,2024-25
2025-01-29,22024,NOP,1353.856590857009,1,2024-25
2025-01-31,22024,NOP,1351.5319044557596,1,2024-25
2025-02-03,22024,NOP,1349.8744181235422,0,2024-25
2025-02-05,22024,NOP,1347.0175166622391,0,2024-25
2025-02-08,22024,NOP,1342.457074999063,0,2024-25
2025-02-10,22024,NOP,1339.6849097579188,0,2024-25
2025-02-12,22024,NOP,1337.3380697062628,1,2024-25
2025-02-13,22024,NOP,1331.883196231768,1,2024-25
2025-02-21,22024,NOP,1344.7687258457197,0,2024-25
2025-02-23,22024,NOP,1341.7545980655243,1,2024-25
2025-02-25,22024,NOP,1360.980544185493,1,2024-25
2025-02-27,22024,NOP,1369.5755910851092,0,2024-25
2025-02-28,22024,NOP,1383.432258488289,0,2024-25
2025-03-02,22024,NOP,1373.8803185186125,0,2024-25
2025-03-04,22024,NOP,1384.1395170026185,0,2024-25
2025-03-06,22024,NOP,1379.4445127820093,1,2024-25
2025-03-08,22024,NOP,1371.7311053642245,0,2024-25
2025-03-09,22024,NOP,1363.615721700713,1,2024-25
2025-03-11,22024,NOP,1360.8570410119,1,2024-25
2025-03-13,22024,NOP,1373.4151552817766,1,2024-25
2025-03-15,22024,NOP,1356.093418707862,0,2024-25
2025-03-17,22024,NOP,1351.919655424701,1,2024-25
2025-03-19,22024,NOP,1336.5054192036569,0,2024-25
2025-03-21,22024,NOP,1352.0846308655412,0,2024-25
2025-03-23,22024,NOP,1346.1448148268746,0,2024-25
2025-03-24,22024,NOP,1343.9260289673732,1,2024-25
2025-03-28,22024,NOP,1354.360814398892,1,2024-25
2025-03-30,22024,NOP,1346.8714656107943,1,2024-25
2025-04-02,22024,NOP,1350.7272685438893,0,2024-25
2025-04-04,22024,NOP,1347.4725680309905,0,2024-25
2025-04-06,22024,NOP,1342.6502960202788,1,2024-25
2025-04-08,22024,NOP,1339.4797617467038,0,2024-25
2025-04-10,22024,NOP,1332.9062577455352,0,2024-25
2025-04-11,22024,NOP,1327.805543496424,1,2024-25
2025-04-13,22024,NOP,1308.2563898207034,1,2024-25
2025-10-22,22025,NOP,1383.7702425916646,0,2025-26
2025-10-24,22025,NOP,1380.4410786636267,1,2025-26
2025-10-27,22025,NOP,1375.2410435748975,1,2025-26
2025-10-29,22025,NOP,1363.2636905837203,0,2025-26
2025-10-31,22025,NOP,1356.0384350522838,0,2025-26
2025-11-02,22025,NOP,1354.576109696484,0,2025-26
2025-11-04,22025,NOP,1350.9214448282244,1,2025-26
2025-11-05,22025,NOP,1356.5229594346958,0,2025-26
2025-11-08,22025,NOP,1363.401658420573,0,2025-26
2025-11-10,22025,NOP,1359.8121754254612,0,2025-26
2025-11-12,22025,NOP,1351.3274802032756,1,2025-26
2025-11-14,22025,NOP,1345.863819161959,1,2025-26
2025-11-16,22025,NOP,1339.3066584104624,1,2025-26
2025-11-17,22025,NOP,1332.2870408929375,1,2025-26
2025-11-19,22025,NOP,1329.4416346287455,1,2025-26
2025-11-21,22025,NOP,1326.7658222009711,0,2025-26
2025-11-22,22025,NOP,1323.218158508202,1,2025-26
2025-11-24,22025,NOP,1315.606487809879,1,2025-26
2025-11-26,22025,NOP,1334.3338189987269,1,2025-26
2025-11-29,22025,NOP,1329.2198750960497,0,2025-26
2025-11-30,22025,NOP,1326.5438662700512,0,2025-26
2025-12-02,22025,NOP,1324.037503709827,1,2025-26
2025-12-04,22025,NOP,1320.7826812847948,1,2025-26
2025-12-06,22025,NOP,1317.1409901811362,0,2025-26
2025-12-08,22025,NOP,1305.5997567240515,1,2025-26
2025-12-11,22025,NOP,1303.0768531465728,1,2025-26
2025-12-14,22025,NOP,1330.415583785333,0,2025-26
2025-12-18,22025,NOP,1346.2403316470788,1,2025-26
2025-12-20,22025,NOP,1359.7561005653224,1,2025-26
2025-12-22,22025,NOP,1374.4725886595463,1,2025-26
2025-12-23,22025,NOP,1382.725992989176,0,2025-26
2025-12-26,22025,NOP,1374.5936465546822,1,2025-26
2025-12-27,22025,NOP,1369.4421231021408,1,2025-26
2025-12-29,22025,NOP,1363.7570801507864,1,2025-26
2025-12-31,22025,NOP,1360.7151421449232,0,2025-26
2026-01-02,22025,NOP,1351.933243434256,1,2025-26
2026-01-04,22025,NOP,1341.9899043188927,0,2025-26
2026-01-06,22025,NOP,1336.728268033756,1,2025-26
2026-01-07,22025,NOP,1331.6247446014129,0,2025-26
2026-01-09,22025,NOP,1324.6909928207529,0,2025-26
2026-01-11,22025,NOP,1346.29874049144,0,2025-26
2026-01-13,22025,NOP,1342.025797625576,1,2025-26
2026-01-14,22025,NOP,1338.4005849543064,1,2025-26
2026-01-16,22025,NOP,1343.9840008937122,0,2025-26
2026-01-18,22025,NOP,1337.133874267694,0,2025-26
2026-01-21,22025,NOP,1334.6933191428093,1,2025-26
2026-01-23,22025,NOP,1331.83984859809,0,2025-26
2026-01-25,22025,NOP,1345.77679165066,0,2025-26
2026-01-27,22025,NOP,1367.9149208166257,0,2025-26
2026-01-30,22025,NOP,1366.413560462667,1,2025-26
2026-01-31,22025,NOP,1376.6537835918143,0,2025-26
2026-02-02,22025,NOP,1371.3883790521857,0,2025-26
2026-02-04,22025,NOP,1368.7468125552175,0,2025-26
2026-02-06,22025,NOP,1364.5042277434231,0,2025-26
2026-02-09,22025,NOP,1378.1102789225647,1,2025-26
2026-02-11,22025,NOP,1391.7721276372806,1,2025-26
2026-02-20,22025,NOP,1382.6996889005388,1,2025-26
2026-02-21,22025,NOP,1367.6011729059903,1,2025-26
2026-02-24,22025,NOP,1384.287315067019,1,2025-26
2026-02-26,22025,NOP,1393.0194843556335,0,2025-26
2026-02-28,22025,NOP,1403.761048801042,0,2025-26
2026-03-01,22025,NOP,1413.0883939662333,0,2025-26
2026-03-03,22025,NOP,1405.2070651382005,0,2025-26
2026-03-05,22025,NOP,1400.6854473901406,0,2025-26
2026-03-06,22025,NOP,1409.4551743484153,0,2025-26
2026-03-08,22025,NOP,1406.8945298977178,1,2025-26
2026-03-11,22025,NOP,1414.564628057804,1,2025-26
2026-03-13,22025,NOP,1427.64752226256,0,2025-26
2026-03-16,22025,NOP,1425.4945483201122,1,2025-26
2026-03-18,22025,NOP,1436.0228859888985,1,2025-26
2026-03-19,22025,NOP,1453.3709299012912,1,2025-26
2026-03-21,22025,NOP,1462.2732601406062,1,2025-26
2026-03-24,22025,NOP,1457.6243608218954,0,2025-26
2026-03-26,22025,NOP,1455.3343604366232,0,2025-26
2026-03-27,22025,NOP,1449.6691953079865,0,2025-26
2026-03-29,22025,NOP,1441.9359325058674,1,2025-26
2026-04-02,22025,NOP,1423.7535927112174,0,2025-26
2026-04-03,22025,NOP,1417.1396757975142,0,2025-26
2026-04-05,22025,NOP,1409.8915496130778,1,2025-26
2026-04-07,22025,NOP,1404.2310422690446,1,2025-26
2026-04-10,22025,NOP,1411.347051203894,0,2025-26
2026-04-12,22025,NOP,1407.0492157160113,0,2025-26
2020-12-23,22020,NYK,1500.0,0,2020-21
2020-12-26,22020,NYK,1489.4005645085,1,2020-21
2020-12-27,22020,NYK,1470.98114304837,1,2020-21
2020-12-29,22020,NYK,1487.1458666889437,0,2020-21
2020-12-31,22020,NYK,1500.5532788213714,0,2020-21
2021-01-02,22020,NYK,1487.114296268631,0,2020-21
2021-01-04,22020,NYK,1495.831286802265,0,2020-21
2021-01-06,22020,NYK,1505.445218739642,1,2020-21
2021-01-08,22020,NYK,1515.1007790121914,1,2020-21
2021-01-10,22020,NYK,1498.8386911355217,1,2020-21
2021-01-11,22020,NYK,1476.4954668127332,0,2020-21
2021-01-13,22020,NYK,1464.299745848293,1,2020-21
2021-01-15,22020,NYK,1456.1199379618786,0,2020-21
2021-01-17,22020,NYK,1451.542714286971,0,2020-21
2021-01-18,22020,NYK,1485.262735712306,1,2020-21
2021-01-21,22020,NYK,1491.2912536538238,0,2020-21
2021-01-22,22020,NYK,1507.8560973444696,0,2020-21
2021-01-24,22020,NYK,1495.9104470776674,0,2020-21
2021-01-26,22020,NYK,1491.1721348258773,0,2020-21
2021-01-29,22020,NYK,1484.3506183508002,1,2020-21
2021-01-31,22020,NYK,1497.5596916411343,1,2020-21
2021-02-01,22020,NYK,1486.394490474103,0,2020-21
2021-02-03,22020,NYK,1478.557202933222,0,2020-21
2021-02-06,22020,NYK,1486.1895657269763,1,2020-21
2021-02-07,22020,NYK,1496.0472480386609,1,2020-21
2021-02-09,22020,NYK,1484.9458582894074,0,2020-21
2021-02-12,22020,NYK,1480.3154013363917,0,2020-21
2021-02-13,22020,NYK,1494.0135475238028,1,2020-21
2021-02-15,22020,NYK,1507.7242029314534,1,2020-21
2021-02-17,22020,NYK,1515.7368033275322,0,2020-21
2021-02-21,22020,NYK,1496.0526997929217,1,2020-21
2021-02-23,22020,NYK,1499.0243368061108,1,2020-21
2021-02-25,22020,NYK,1488.757626720007,1,2020-21
2021-02-27,22020,NYK,1497.6268319679996,1,2020-21
2021-02-28,22020,NYK,1502.3296704152062,0,2020-21
2021-03-02,22020,NYK,1516.9371758632976,0,2020-21
2021-03-04,22020,NYK,1499.3516738059768,1,2020-21
2021-03-11,22020,NYK,1506.248506290645,0,2020-21
2021-03-13,22020,NYK,1490.8666753615723,0,2020-21
2021-03-15,22020,NYK,1508.2823895537813,0,2020-21
2021-03-16,22020,NYK,1504.3702470715646,0,2020-21
2021-03-18,22020,NYK,1501.5850157050693,1,2020-21
2021-03-21,22020,NYK,1503.406647132903,1,2020-21
2021-03-23,22020,NYK,1500.268841819055,1,2020-21
2021-03-25,22020,NYK,1509.2063599370613,1,2020-21
2021-03-27,22020,NYK,1512.6198200725528,0,2020-21
2021-03-29,22020,NYK,1524.5336295177174,1,2020-21
2021-03-31,22020,NYK,1510.102133100948,0,2020-21
2021-04-02,22020,NYK,1504.0926566365224,1,2020-21
2021-04-03,22020,NYK,1492.029409848809,0,2020-21
2021-04-05,22020,NYK,1519.2842825118155,0,2020-21
2021-04-07,22020,NYK,1516.3722309151276,0,2020-21
2021-04-09,22020,NYK,1512.2540057301833,1,2020-21
2021-04-11,22020,NYK,1518.8067061570362,1,2020-21
2021-04-12,22020,NYK,1523.7832616085832,1,2020-21
2021-04-14,22020,NYK,1537.5822568965846,0,2020-21
2021-04-16,22020,NYK,1548.168208088587,0,2020-21
2021-04-18,22020,NYK,1559.6024014927195,1,2020-21
2021-04-20,22020,NYK,1565.5865409531907,1,2020-21
2021-04-21,22020,NYK,1572.404490480279,1,2020-21
2021-04-24,22020,NYK,1580.7018739223026,1,2020-21
2021-04-26,22020,NYK,1588.4026467957883,1,2020-21
2021-04-28,22020,NYK,1578.1794799568047,1,2020-21
2021-05-02,22020,NYK,1586.128407292374,0,2020-21
2021-05-03,22020,NYK,1592.7672215905004,0,2020-21
2021-05-05,22020,NYK,1605.4394221201271,0,2020-21
2021-05-07,22020,NYK,1594.3764132463832,0,2020-21
2021-05-09,22020,NYK,1580.8402969420426,0,2020-21
2021-05-11,22020,NYK,1591.5289697114192,0,2020-21
2021-05-13,22020,NYK,1586.433320274704,1,2020-21
2021-05-15,22020,NYK,1589.8701098878994,1,2020-21
2021-05-16,22020,NYK,1593.8789511326827,1,2020-21
2021-10-20,22021,NYK,1558.3670524318177,1,2021-22
2021-10-22,22021,NYK,1562.358490076952,0,2021-22
2021-10-24,22021,NYK,1572.360804202226,1,2021-22
2021-10-26,22021,NYK,1555.9715156595369,1,2021-22
2021-10-28,22021,NYK,1566.9985166160732,0,2021-22
2021-10-30,22021,NYK,1571.1744686170111,0,2021-22
2021-11-01,22021,NYK,1577.0711148760147,1,2021-22
2021-11-03,22021,NYK,1561.6445594549912,0,2021-22
2021-11-05,22021,NYK,1547.4102196586828,0,2021-22
2021-11-07,22021,NYK,1563.3453413718614,1,2021-22
2021-11-08,22021,NYK,1538.6152469193553,0,2021-22
2021-11-10,22021,NYK,1551.1658895305884,1,2021-22
2021-11-12,22021,NYK,1536.6892979923975,0,2021-22
2021-11-15,22021,NYK,1526.71320580447,1,2021-22
2021-11-17,22021,NYK,1533.7014869708091,1,2021-22
2021-11-20,22021,NYK,1518.3272869209268,1,2021-22
2021-11-21,22021,NYK,1520.859092824006,0,2021-22
2021-11-23,22021,NYK,1515.7654744121471,1,2021-22
2021-11-26,22021,NYK,1520.8291300416363,1,2021-22
2021-11-27,22021,NYK,1507.918803170047,0,2021-22
2021-11-30,22021,NYK,1521.930770385194,0,2021-22
2021-12-02,22021,NYK,1518.8880983398735,1,2021-22
2021-12-04,22021,NYK,1512.0665438187257,1,2021-22
2021-12-07,22021,NYK,1497.416461491763,0,2021-22
2021-12-08,22021,NYK,1511.1137070268546,0,2021-22
2021-12-10,22021,NYK,1496.8786731962684,0,2021-22
2021-12-12,22021,NYK,1491.780337756977,1,2021-22
2021-12-14,22021,NYK,1480.4989204168298,1,2021-22
2021-12-16,22021,NYK,1474.6673326562725,0,2021-22
2021-12-18,22021,NYK,1484.6656094038542,0,2021-22
2021-12-21,22021,NYK,1478.7066759209374,1,2021-22
2021-12-23,22021,NYK,1483.7569214252212,1,2021-22
2021-12-25,22021,NYK,1473.0747725409449,1,2021-22
2021-12-28,22021,NYK,1485.3161168559006,0,2021-22
2021-12-29,22021,NYK,1496.5695590750915,0,2021-22
2021-12-31,22021,NYK,1501.9150453009972,0,2021-22
2022-01-02,22021,NYK,1482.688519468507,0,2021-22
2022-01-04,22021,NYK,1472.0510703025204,1,2021-22
2022-01-06,22021,NYK,1480.7778068286052,1,2021-22
2022-01-08,22021,NYK,1486.153359621367,0,2021-22
2022-01-10,22021,NYK,1472.5360669144889,1,2021-22
2022-01-12,22021,NYK,1484.1854665142048,1,2021-22
2022-01-15,22021,NYK,1505.2352620661832,0,2021-22
2022-01-17,22021,NYK,1514.6756604152058,1,2021-22
2022-01-18,22021,NYK,1502.0483862253548,1,2021-22
2022-01-20,22021,NYK,1496.8905522242342,1,2021-22
2022-01-23,22021,NYK,1481.9393784580534,1,2021-22
2022-01-24,22021,NYK,1488.9549908277631,0,2021-22
2022-01-26,22021,NYK,1486.3984093308882,0,2021-22
2022-01-28,22021,NYK,1479.8725873076835,0,2021-22
2022-01-31,22021,NYK,1472.0840621978784,1,2021-22
2022-02-02,22021,NYK,1479.8952115447146,1,2021-22
2022-02-05,22021,NYK,1471.1626053536988,0,2021-22
2022-02-07,22021,NYK,1463.9488686540524,0,2021-22
2022-02-08,22021,NYK,1458.9757292738395,0,2021-22
2022-02-10,22021,NYK,1451.296022155755,0,2021-22
2022-02-12,22021,NYK,1460.7859896940076,0,2021-22
2022-02-14,22021,NYK,1449.9007926416684,1,2021-22
2022-02-16,22021,NYK,1439.8456058931447,1,2021-22
2022-02-25,22021,NYK,1432.010189319367,1,2021-22
2022-02-27,22021,NYK,1424.0925382702771,1,2021-22
2022-03-02,22021,NYK,1415.3724218126447,0,2021-22
2022-03-04,22021,NYK,1410.6795957456711,0,2021-22
2022-03-06,22021,NYK,1409.8046165490157,0,2021-22
2022-03-07,22021,NYK,1439.2310007423712,0,2021-22
2022-03-09,22021,NYK,1453.162276673346,0,2021-22
2022-03-11,22021,NYK,1495.07386712914,0,2021-22
2022-03-13,22021,NYK,1492.045984190176,0,2021-22
2022-03-16,22021,NYK,1487.1017526010694,1,2021-22
2022-03-18,22021,NYK,1498.2189638913794,1,2021-22
2022-03-20,22021,NYK,1501.03427011064,1,2021-22
2022-03-22,22021,NYK,1489.8778718646868,1,2021-22
2022-03-23,22021,NYK,1481.9262916509745,0,2021-22
2022-03-25,22021,NYK,1501.0398462755095,0,2021-22
2022-03-27,22021,NYK,1515.2362749460897,0,2021-22
2022-03-28,22021,NYK,1518.444955940504,1,2021-22
2022-03-30,22021,NYK,1523.6073144485426,1,2021-22
2022-04-02,22021,NYK,1510.8818783385684,1,2021-22
2022-04-03,22021,NYK,1490.4341628699383,0,2021-22
2022-04-06,22021,NYK,1503.5363296747537,1,2021-22
2022-04-08,22021,NYK,1490.1127363344158,0,2021-22
2022-04-10,22021,NYK,1507.870450025728,1,2021-22
2022-10-19,22022,NYK,1512.4638342296894,0,2022-23
2022-10-21,22022,NYK,1509.0289126416285,1,2022-23
2022-10-24,22022,NYK,1519.6292837484418,1,2022-23
2022-10-26,22022,NYK,1525.2040756940294,1,2022-23
2022-10-28,22022,NYK,1530.3008412945867,0,2022-23
2022-10-30,22022,NYK,1522.1991247013443,0,2022-23
2022-11-02,22022,NYK,1512.9494776434385,1,2022-23
2022-11-04,22022,NYK,1498.688971391765,0,2022-23
2022-11-05,22022,NYK,1505.4033479000088,1,2022-23
2022-11-07,22022,NYK,1494.5500335686104,0,2022-23
2022-11-09,22022,NYK,1510.2154044241242,0,2022-23
2022-11-11,22022,NYK,1493.0561204221449,1,2022-23
2022-11-13,22022,NYK,1497.920870172441,1,2022-23
2022-11-15,22022,NYK,1482.5292957775512,0,2022-23
2022-11-16,22022,NYK,1495.6108474328096,0,2022-23
2022-11-18,22022,NYK,1503.6063976254272,0,2022-23
2022-11-20,22022,NYK,1495.4823142594648,0,2022-23
2022-11-21,22022,NYK,1486.4703284802436,0,2022-23
2022-11-25,22022,NYK,1496.9477717031928,1,2022-23
2022-11-27,22022,NYK,1488.7342461490412,1,2022-23
2022-11-29,22022,NYK,1482.9374963770397,0,2022-23
2022-11-30,22022,NYK,1500.4793474579144,1,2022-23
2022-12-03,22022,NYK,1493.1547619080975,1,2022-23
2022-12-04,22022,NYK,1474.9741669995442,1,2022-23
2022-12-07,22022,NYK,1488.0404575880036,1,2022-23
2022-12-09,22022,NYK,1505.694210366945,0,2022-23
2022-12-11,22022,NYK,1519.5944472000272,1,2022-23
2022-12-14,22022,NYK,1530.3755815725392,0,2022-23
2022-12-16,22022,NYK,1540.364683284558,0,2022-23
2022-12-18,22022,NYK,1558.8822050518168,0,2022-23
2022-12-20,22022,NYK,1563.319510561259,1,2022-23
2022-12-21,22022,NYK,1583.1138528885192,1,2022-23
2022-12-23,22022,NYK,1569.460176875532,1,2022-23
2022-12-25,22022,NYK,1563.2416882668172,1,2022-23
2022-12-27,22022,NYK,1553.949430293683,0,2022-23
2022-12-29,22022,NYK,1547.8548909431513,0,2022-23
2022-12-31,22022,NYK,1534.9616084496993,0,2022-23
2023-01-02,22022,NYK,1545.2190769354145,1,2022-23
2023-01-04,22022,NYK,1557.70836003697,1,2022-23
2023-01-06,22022,NYK,1559.5901682066942,0,2022-23
2023-01-09,22022,NYK,1565.2789083626828,1,2022-23
2023-01-11,22022,NYK,1556.1163508704246,1,2022-23
2023-01-13,22022,NYK,1561.1765264096468,0,2022-23
2023-01-15,22022,NYK,1566.7693376724674,0,2022-23
2023-01-16,22022,NYK,1573.412405523606,1,2022-23
2023-01-18,22022,NYK,1565.875800841994,1,2022-23
2023-01-20,22022,NYK,1548.122423005245,0,2022-23
2023-01-22,22022,NYK,1534.8753794213026,0,2022-23
2023-01-24,22022,NYK,1524.842126743311,1,2022-23
2023-01-26,22022,NYK,1529.485241402799,0,2022-23
2023-01-28,22022,NYK,1538.2613634344552,0,2022-23
2023-01-31,22022,NYK,1531.7807287876328,1,2022-23
2023-02-02,22022,NYK,1520.5991862053688,1,2022-23
2023-02-04,22022,NYK,1525.053102707779,1,2022-23
2023-02-05,22022,NYK,1515.4991248998388,1,2022-23
2023-02-07,22022,NYK,1527.6504885435356,0,2022-23
2023-02-10,22022,NYK,1533.6108248680969,0,2022-23
2023-02-11,22022,NYK,1525.988903150542,1,2022-23
2023-02-13,22022,NYK,1531.1870909438203,1,2022-23
2023-02-15,22022,NYK,1543.9881285637452,0,2022-23
2023-02-24,22022,NYK,1562.1536965295763,0,2022-23
2023-02-25,22022,NYK,1570.354127934031,1,2022-23
2023-02-27,22022,NYK,1580.1783461957257,1,2022-23
2023-03-01,22022,NYK,1594.1172121387988,1,2022-23
2023-03-03,22022,NYK,1603.7684182521132,0,2022-23
2023-03-05,22022,NYK,1607.7202941392138,0,2022-23
2023-03-07,22022,NYK,1613.5470103600862,1,2022-23
2023-03-09,22022,NYK,1595.5526257200463,0,2022-23
2023-03-11,22022,NYK,1588.5032511487227,0,2022-23
2023-03-12,22022,NYK,1576.4234344545032,0,2022-23
2023-03-14,22022,NYK,1582.5945521762449,0,2022-23
2023-03-18,22022,NYK,1591.1441804250223,1,2022-23
2023-03-20,22022,NYK,1596.9645825708878,1,2022-23
2023-03-22,22022,NYK,1584.852317732781,0,2022-23
2023-03-23,22022,NYK,1575.9104084440385,0,2022-23
2023-03-27,22022,NYK,1566.782221914049,1,2022-23
2023-03-29,22022,NYK,1570.5315829321664,1,2022-23
2023-03-31,22022,NYK,1576.160974257415,0,2022-23
2023-04-02,22022,NYK,1593.5297083582236,1,2022-23
2023-04-05,22022,NYK,1598.0100783206697,0,2022-23
2023-04-07,22022,NYK,1603.2117753672965,0,2022-23
2023-04-09,22022,NYK,1593.403054572725,1,2022-23
2023-10-25,22023,NYK,1547.2698039876025,1,2023-24
2023-10-27,22023,NYK,1540.9696160753876,0,2023-24
2023-10-28,22023,NYK,1548.948151558123,0,2023-24
2023-10-31,22023,NYK,1540.371100263944,0,2023-24
2023-11-01,22023,NYK,1558.211802737687,1,2023-24
2023-11-03,22023,NYK,1547.749619913115,0,2023-24
2023-11-06,22023,NYK,1541.4700173792137,1,2023-24
2023-11-08,22023,NYK,1552.130434014858,1,2023-24
2023-11-12,22023,NYK,1558.5153998819992,1,2023-24
2023-11-13,22023,NYK,1565.555521496937,0,2023-24
2023-11-15,22023,NYK,1557.305970267062,0,2023-24
2023-11-17,22023,NYK,1562.635060886273,0,2023-24
2023-11-18,22023,NYK,1573.9698639575552,0,2023-24
2023-11-20,22023,NYK,1580.8326099294209,0,2023-24
2023-11-24,22023,NYK,1568.2351763932886,1,2023-24
2023-11-26,22023,NYK,1572.3007798558388,1,2023-24
2023-11-28,22023,NYK,1565.3706970371056,1,2023-24
2023-11-30,22023,NYK,1571.8007879560632,1,2023-24
2023-12-01,22023,NYK,1573.4597174142418,0,2023-24
2023-12-05,22023,NYK,1585.2320817692605,0,2023-24
2023-12-08,22023,NYK,1569.6060817196044,0,2023-24
2023-12-11,22023,NYK,1563.38620143278,1,2023-24
2023-12-13,22023,NYK,1567.8858543351707,0,2023-24
2023-12-15,22023,NYK,1557.9073044989125,0,2023-24
2023-12-16,22023,NYK,1573.8581245546677,0,2023-24
2023-12-18,22023,NYK,1558.8926742059696,0,2023-24
2023-12-20,22023,NYK,1566.3091466996902,0,2023-24
2023-12-23,22023,NYK,1581.646037281086,1,2023-24
2023-12-25,22023,NYK,1564.443152267413,1,2023-24
2023-12-27,22023,NYK,1573.1942057996562,0,2023-24
2023-12-29,22023,NYK,1566.2233123882108,0,2023-24
2023-12-30,22023,NYK,1556.5384242459857,0,2023-24
2024-01-01,22023,NYK,1543.0941644685197,1,2023-24
2024-01-03,22023,NYK,1551.5893865011694,1,2023-24
2024-01-05,22023,NYK,1560.287389155818,0,2023-24
2024-01-06,22023,NYK,1598.0284852296454,0,2023-24
2024-01-09,22023,NYK,1603.3442671597554,1,2023-24
2024-01-11,22023,NYK,1608.073816544879,0,2023-24
2024-01-13,22023,NYK,1599.9580588290742,0,2023-24
2024-01-15,22023,NYK,1608.1512276690394,1,2023-24
2024-01-17,22023,NYK,1597.78770239827,1,2023-24
2024-01-18,22023,NYK,1603.926712019341,1,2023-24
2024-01-20,22023,NYK,1605.3206218501946,1,2023-24
2024-01-23,22023,NYK,1614.1223454395936,0,2023-24
2024-01-25,22023,NYK,1618.5162272717978,1,2023-24
2024-01-27,22023,NYK,1639.18278388076,1,2023-24
2024-01-29,22023,NYK,1644.7338733678416,0,2023-24
2024-01-30,22023,NYK,1648.3957479733645,1,2023-24
2024-02-01,22023,NYK,1654.4568710009394,1,2023-24
2024-02-03,22023,NYK,1657.6802701532818,1,2023-24
2024-02-06,22023,NYK,1639.9897715297873,1,2023-24
2024-02-08,22023,NYK,1643.0911875037834,1,2023-24
2024-02-10,22023,NYK,1619.1882356458063,1,2023-24
2024-02-12,22023,NYK,1598.4783754204927,0,2023-24
2024-02-14,22023,NYK,1591.86811858593,0,2023-24
2024-02-22,22023,NYK,1573.9822808794554,0,2023-24
2024-02-24,22023,NYK,1584.8015910611873,1,2023-24
2024-02-26,22023,NYK,1575.158304678014,1,2023-24
2024-02-27,22023,NYK,1576.1053080462011,1,2023-24
2024-02-29,22023,NYK,1554.5343727900467,1,2023-24
2024-03-03,22023,NYK,1542.145419406051,0,2023-24
2024-03-05,22023,NYK,1557.2942193914398,1,2023-24
2024-03-08,22023,NYK,1532.869171772811,1,2023-24
2024-03-10,22023,NYK,1548.9890813578772,1,2023-24
2024-03-12,22023,NYK,1536.6364924390675,1,2023-24
2024-03-14,22023,NYK,1548.6989701344835,0,2023-24
2024-03-16,22023,NYK,1554.9521752682024,0,2023-24
2024-03-18,22023,NYK,1565.18480560825,0,2023-24
2024-03-21,22023,NYK,1575.3136094434667,0,2023-24
2024-03-23,22023,NYK,1567.499521814451,1,2023-24
2024-03-25,22023,NYK,1572.4020412370298,1,2023-24
2024-03-27,22023,NYK,1576.5146286859274,0,2023-24
2024-03-29,22023,NYK,1588.703747550524,0,2023-24
2024-03-31,22023,NYK,1578.0530048882729,1,2023-24
2024-04-02,22023,NYK,1573.8874856975133,0,2023-24
2024-04-04,22023,NYK,1564.2054289565929,1,2023-24
2024-04-05,22023,NYK,1572.6514550704585,0,2023-24
2024-04-07,22023,NYK,1561.8881157124526,0,2023-24
2024-04-09,22023,NYK,1575.0462419859005,0,2023-24
2024-04-11,22023,NYK,1584.1432849502614,0,2023-24
2024-04-12,22023,NYK,1602.1631214395336,1,2023-24
2024-04-14,22023,NYK,1604.4294188703436,1,2023-24
2024-10-22,22024,NYK,1563.7926081717924,0,2024-25
2024-10-25,22024,NYK,1552.9646956690665,1,2024-25
2024-10-28,22024,NYK,1569.1319391951738,1,2024-25
2024-10-30,22024,NYK,1558.8325015962216,0,2024-25
2024-11-01,22024,NYK,1569.102543537368,0,2024-25
2024-11-04,22024,NYK,1581.399343411307,0,2024-25
2024-11-06,22024,NYK,1568.9571593458772,0,2024-25
2024-11-08,22024,NYK,1560.025593517664,1,2024-25
2024-11-10,22024,NYK,1570.178743649474,0,2024-25
2024-11-12,22024,NYK,1559.2372205422214,0,2024-25
2024-11-13,22024,NYK,1568.2823909614715,1,2024-25
2024-11-15,22024,NYK,1561.6068164661513,1,2024-25
2024-11-17,22024,NYK,1563.9131841648214,1,2024-25
2024-11-18,22024,NYK,1568.755668045285,1,2024-25
2024-11-20,22024,NYK,1573.493338194076,0,2024-25
2024-11-23,22024,NYK,1588.9650901281543,0,2024-25
2024-11-25,22024,NYK,1565.845061281357,0,2024-25
2024-11-27,22024,NYK,1591.8169016967408,0,2024-25
2024-11-29,22024,NYK,1580.2017196799586,0,2024-25
2024-12-01,22024,NYK,1582.3808488063537,1,2024-25
2024-12-03,22024,NYK,1590.1068305493704,1,2024-25
2024-12-05,22024,NYK,1601.0234595860088,1,2024-25
2024-12-07,22024,NYK,1606.030472290496,1,2024-25
2024-12-09,22024,NYK,1585.8903556558716,0,2024-25
2024-12-11,22024,NYK,1589.721500727792,1,2024-25
2024-12-15,22024,NYK,1574.890483692539,0,2024-25
2024-12-19,22024,NYK,1586.082041507702,0,2024-25
2024-12-21,22024,NYK,1610.1854983234864,0,2024-25
2024-12-23,22024,NYK,1614.7007832525014,1,2024-25
2024-12-25,22024,NYK,1617.894027695868,1,2024-25
2024-12-27,22024,NYK,1620.0043184769286,0,2024-25
2024-12-28,22024,NYK,1637.2825227909818,0,2024-25
2024-12-30,22024,NYK,1638.7950354114494,0,2024-25
2025-01-01,22024,NYK,1642.6472521837595,1,2024-25
2025-01-03,22024,NYK,1645.665852856171,0,2024-25
2025-01-04,22024,NYK,1639.7045728486075,0,2024-25
2025-01-06,22024,NYK,1619.9155557029785,1,2024-25
2025-01-08,22024,NYK,1604.1726906928552,1,2024-25
2025-01-10,22024,NYK,1606.9995241964118,1,2024-25
2025-01-12,22024,NYK,1592.848405482702,1,2024-25
2025-01-13,22024,NYK,1608.1227812266495,1,2024-25
2025-01-15,22024,NYK,1595.7993730979506,0,2024-25
2025-01-17,22024,NYK,1600.91419717341,1,2024-25
2025-01-20,22024,NYK,1580.740850648619,1,2024-25
2025-01-21,22024,NYK,1586.637536907877,0,2024-25
2025-01-25,22024,NYK,1589.4481732370743,1,2024-25
2025-01-27,22024,NYK,1602.62581877626,1,2024-25
2025-01-29,22024,NYK,1625.2456528347525,1,2024-25
2025-02-01,22024,NYK,1632.935880313398,1,2024-25
2025-02-03,22024,NYK,1609.903515882289,1,2024-25
2025-02-04,22024,NYK,1615.8312044104457,0,2024-25
2025-02-08,22024,NYK,1620.0780231774302,1,2024-25
2025-02-11,22024,NYK,1597.6433991662884,0,2024-25
2025-02-12,22024,NYK,1610.7192104256806,1,2024-25
2025-02-20,22024,NYK,1612.4129626343429,1,2024-25
2025-02-21,22024,NYK,1613.6879461208212,0,2024-25
2025-02-23,22024,NYK,1599.41531341713,0,2024-25
2025-02-26,22024,NYK,1592.3926435115184,1,2024-25
2025-02-28,22024,NYK,1594.5392224402033,0,2024-25
2025-03-02,22024,NYK,1599.45041833006,0,2024-25
2025-03-04,22024,NYK,1603.9995634524576,1,2024-25
2025-03-06,22024,NYK,1587.5865041461802,0,2024-25
2025-03-07,22024,NYK,1582.94293393568,0,2024-25
2025-03-10,22024,NYK,1572.1106487298264,0,2024-25
2025-03-12,22024,NYK,1594.770454381625,0,2024-25
2025-03-15,22024,NYK,1597.8831339965873,0,2024-25
2025-03-17,22024,NYK,1593.1681791929086,1,2024-25
2025-03-19,22024,NYK,1599.2288578792875,0,2024-25
2025-03-20,22024,NYK,1578.1627287270555,0,2024-25
2025-03-22,22024,NYK,1547.8157782442324,1,2024-25
2025-03-25,22024,NYK,1551.2211449260017,1,2024-25
2025-03-26,22024,NYK,1558.1326562950978,1,2024-25
2025-03-28,22024,NYK,1544.8516376611449,0,2024-25
2025-03-30,22024,NYK,1557.5952258081888,1,2024-25
2025-04-01,22024,NYK,1566.6205689916233,1,2024-25
2025-04-02,22024,NYK,1569.54456721942,0,2024-25
2025-04-05,22024,NYK,1562.1397922034496,0,2024-25
2025-04-06,22024,NYK,1573.8501738041628,1,2024-25
2025-04-08,22024,NYK,1580.0294572998291,1,2024-25
2025-04-10,22024,NYK,1576.2861390368932,0,2024-25
2025-04-11,22024,NYK,1567.625450660475,1,2024-25
2025-04-13,22024,NYK,1561.7332344916365,0,2024-25
2025-10-22,22025,NYK,1539.1471558120727,1,2025-26
2025-10-24,22025,NYK,1548.8136861327682,1,2025-26
2025-10-26,22025,NYK,1559.0896854367445,0,2025-26
2025-10-28,22025,NYK,1550.6097478850756,0,2025-26
2025-10-31,22025,NYK,1542.2990656121608,0,2025-26
2025-11-02,22025,NYK,1534.0932847330616,1,2025-26
2025-11-03,22025,NYK,1544.7436340151253,1,2025-26
2025-11-05,22025,NYK,1548.6189182432022,1,2025-26
2025-11-09,22025,NYK,1565.234720795647,1,2025-26
2025-11-11,22025,NYK,1571.797601726973,1,2025-26
2025-11-12,22025,NYK,1578.3939846750038,1,2025-26
2025-11-14,22025,NYK,1556.2276985145186,1,2025-26
2025-11-17,22025,NYK,1562.9746580999088,0,2025-26
2025-11-19,22025,NYK,1558.346804749145,0,2025-26
2025-11-22,22025,NYK,1561.3229989050692,0,2025-26
2025-11-24,22025,NYK,1551.065381437074,0,2025-26
2025-11-26,22025,NYK,1557.3461892067178,0,2025-26
2025-11-28,22025,NYK,1567.5733646914462,1,2025-26
2025-11-30,22025,NYK,1572.7902368074722,1,2025-26
2025-12-02,22025,NYK,1585.560395839564,0,2025-26
2025-12-03,22025,NYK,1578.9368079212545,1,2025-26
2025-12-05,22025,NYK,1582.5304340737114,1,2025-26
2025-12-07,22025,NYK,1590.9588186635438,1,2025-26
2025-12-09,22025,NYK,1596.9511768790624,0,2025-26
2025-12-13,22025,NYK,1607.9413050165012,0,2025-26
2025-12-18,22025,NYK,1620.405823102038,0,2025-26
2025-12-19,22025,NYK,1622.2761582572195,1,2025-26
2025-12-21,22025,NYK,1603.5207023148455,1,2025-26
2025-12-23,22025,NYK,1608.240765194549,0,2025-26
2025-12-25,22025,NYK,1598.9520799161407,1,2025-26
2025-12-27,22025,NYK,1601.8338474366071,0,2025-26
2025-12-29,22025,NYK,1605.3046476814595,0,2025-26
2025-12-31,22025,NYK,1608.3465856873229,0,2025-26
2026-01-02,22025,NYK,1604.1203304126368,1,2025-26
2026-01-03,22025,NYK,1583.2305015865843,1,2025-26
2026-01-05,22025,NYK,1564.8816294203757,0,2025-26
2026-01-07,22025,NYK,1550.1545139339146,1,2025-26
2026-01-09,22025,NYK,1558.677793462112,0,2025-26
2026-01-11,22025,NYK,1553.2388835091656,0,2025-26
2026-01-14,22025,NYK,1562.9690167075887,0,2025-26
2026-01-15,22025,NYK,1545.8868690116242,0,2025-26
2026-01-17,22025,NYK,1536.1730203768643,1,2025-26
2026-01-19,22025,NYK,1527.278488835182,1,2025-26
2026-01-21,22025,NYK,1504.2228442829169,1,2025-26
2026-01-24,22025,NYK,1519.4559030343787,0,2025-26
2026-01-27,22025,NYK,1525.6179738803728,1,2025-26
2026-01-28,22025,NYK,1531.1653790553005,0,2025-26
2026-01-30,22025,NYK,1555.8904417534195,1,2025-26
2026-02-01,22025,NYK,1569.7640417506286,1,2025-26
2026-02-03,22025,NYK,1577.4606766049735,0,2025-26
2026-02-04,22025,NYK,1586.1863907046084,1,2025-26
2026-02-06,22025,NYK,1591.9961731409187,0,2025-26
2026-02-08,22025,NYK,1572.413863147876,0,2025-26
2026-02-10,22025,NYK,1598.6962024823006,1,2025-26
2026-02-11,22025,NYK,1586.3184857652907,0,2025-26
2026-02-19,22025,NYK,1616.2242209223346,1,2025-26
2026-02-21,22025,NYK,1602.0946769952766,1,2025-26
2026-02-22,22025,NYK,1605.8910222276622,0,2025-26
2026-02-24,22025,NYK,1609.6793771248142,0,2025-26
2026-02-27,22025,NYK,1599.5119437642425,0,2025-26
2026-03-01,22025,NYK,1615.4720899297945,1,2025-26
2026-03-03,22025,NYK,1635.7185137174702,0,2025-26
2026-03-04,22025,NYK,1647.032017462137,1,2025-26
2026-03-06,22025,NYK,1641.1342574434036,0,2025-26
2026-03-08,22025,NYK,1666.3771930900998,0,2025-26
2026-03-09,22025,NYK,1650.204301530849,0,2025-26
2026-03-11,22025,NYK,1639.7267850868336,0,2025-26
2026-03-13,22025,NYK,1644.0465859047615,0,2025-26
2026-03-15,22025,NYK,1646.3436336655318,1,2025-26
2026-03-17,22025,NYK,1648.3467472865611,1,2025-26
2026-03-20,22025,NYK,1650.787047465363,0,2025-26
2026-03-22,22025,NYK,1651.7683348148637,1,2025-26
2026-03-24,22025,NYK,1654.1589208258265,1,2025-26
2026-03-26,22025,NYK,1656.4489212110984,0,2025-26
2026-03-29,22025,NYK,1647.0440136121715,0,2025-26
2026-03-31,22025,NYK,1640.1580819337578,0,2025-26
2026-04-01,22025,NYK,1624.3752275317804,0,2025-26
2026-04-03,22025,NYK,1628.2301691687849,1,2025-26
2026-04-06,22025,NYK,1633.889326780867,0,2025-26
2026-04-09,22025,NYK,1639.9443752070597,1,2025-26
2026-04-10,22025,NYK,1647.6488770114006,1,2025-26
2026-04-12,22025,NYK,1655.6329411004083,1,2025-26
2020-12-26,22020,OKC,1500.0,0,2020-21
2020-12-28,22020,OKC,1505.6214359350822,1,2020-21
2020-12-29,22020,OKC,1500.8916546672583,1,2020-21
2020-12-31,22020,OKC,1488.8970279099756,1,2020-21
2021-01-02,22020,OKC,1461.4527153327583,0,2020-21
2021-01-04,22020,OKC,1475.1424336667249,0,2020-21
2021-01-06,22020,OKC,1457.783083015872,0,2020-21
2021-01-08,22020,OKC,1463.612215089754,0,2020-21
2021-01-10,22020,OKC,1479.874302966424,0,2020-21
2021-01-12,22020,OKC,1497.0476126429649,1,2020-21
2021-01-13,22020,OKC,1484.3650178182158,1,2020-21
2021-01-15,22020,OKC,1465.981678664508,1,2020-21
2021-01-19,22020,OKC,1469.9787908002932,0,2020-21
2021-01-22,22020,OKC,1459.8947094619343,0,2020-21
2021-01-24,22020,OKC,1453.250297132562,0,2020-21
2021-01-25,22020,OKC,1448.8519471387733,0,2020-21
2021-01-27,22020,OKC,1456.513164084459,0,2020-21
2021-01-29,22020,OKC,1466.5162195445032,1,2020-21
2021-02-01,22020,OKC,1450.1566924339372,1,2020-21
2021-02-03,22020,OKC,1430.1759294937235,1,2020-21
2021-02-05,22020,OKC,1448.4181496698563,1,2020-21
2021-02-06,22020,OKC,1440.246831588752,1,2020-21
2021-02-08,22020,OKC,1443.457257499511,0,2020-21
2021-02-10,22020,OKC,1440.3982764508294,0,2020-21
2021-02-12,22020,OKC,1438.9747361981936,0,2020-21
2021-02-14,22020,OKC,1436.5654331475246,1,2020-21
2021-02-16,22020,OKC,1446.7533617563108,1,2020-21
2021-02-17,22020,OKC,1436.767439692305,0,2020-21
2021-02-19,22020,OKC,1430.2783095690688,0,2020-21
2021-02-21,22020,OKC,1424.5511728378565,0,2020-21
2021-02-22,22020,OKC,1438.341829362707,1,2020-21
2021-02-24,22020,OKC,1424.44298451363,1,2020-21
2021-02-26,22020,OKC,1430.771785503321,1,2020-21
2021-02-27,22020,OKC,1440.83742305975,1,2020-21
2021-03-03,22020,OKC,1423.1592355262476,0,2020-21
2021-03-04,22020,OKC,1417.637708689688,0,2020-21
2021-03-11,22020,OKC,1428.8009667919448,1,2020-21
2021-03-13,22020,OKC,1439.3981499993552,1,2020-21
2021-03-14,22020,OKC,1421.9824358071462,1,2020-21
2021-03-16,22020,OKC,1431.288420169459,0,2020-21
2021-03-18,22020,OKC,1420.516987883508,0,2020-21
2021-03-21,22020,OKC,1410.9582432178686,0,2020-21
2021-03-22,22020,OKC,1414.9593113231251,0,2020-21
2021-03-24,22020,OKC,1425.125325586639,1,2020-21
2021-03-27,22020,OKC,1416.6326865749104,1,2020-21
2021-03-29,22020,OKC,1403.4725314117522,1,2020-21
2021-03-31,22020,OKC,1391.4548958816588,1,2020-21
2021-04-02,22020,OKC,1401.6528364425296,0,2020-21
2021-04-03,22020,OKC,1394.911973445475,0,2020-21
2021-04-05,22020,OKC,1379.5163017606892,1,2020-21
2021-04-07,22020,OKC,1358.6882233627955,1,2020-21
2021-04-08,22020,OKC,1351.0997105371025,1,2020-21
2021-04-10,22020,OKC,1330.1815218048305,1,2020-21
2021-04-13,22020,OKC,1323.297945861865,0,2020-21
2021-04-14,22020,OKC,1321.8176651961164,1,2020-21
2021-04-16,22020,OKC,1303.159238302805,0,2020-21
2021-04-18,22020,OKC,1299.322861244041,0,2020-21
2021-04-19,22020,OKC,1296.3192959121754,0,2020-21
2021-04-21,22020,OKC,1291.6736234963685,0,2020-21
2021-04-23,22020,OKC,1288.955151953064,1,2020-21
2021-04-26,22020,OKC,1279.2232906165452,0,2020-21
2021-04-27,22020,OKC,1275.11366723486,0,2020-21
2021-04-29,22020,OKC,1289.5821768233095,1,2020-21
2021-05-01,22020,OKC,1283.038128145972,1,2020-21
2021-05-02,22020,OKC,1262.150353793526,1,2020-21
2021-05-04,22020,OKC,1260.98178484663,1,2020-21
2021-05-06,22020,OKC,1257.1664919471923,0,2020-21
2021-05-08,22020,OKC,1253.0122720963252,0,2020-21
2021-05-09,22020,OKC,1246.8047778980006,0,2020-21
2021-05-11,22020,OKC,1239.9460282602054,0,2020-21
2021-05-14,22020,OKC,1235.636368276818,1,2020-21
2021-05-16,22020,OKC,1233.224032266995,1,2020-21
2021-10-20,22021,OKC,1350.0314634996826,0,2021-22
2021-10-22,22021,OKC,1345.800185165094,0,2021-22
2021-10-24,22021,OKC,1328.345910462712,1,2021-22
2021-10-26,22021,OKC,1323.398314014035,1,2021-22
2021-10-27,22021,OKC,1319.238962725331,1,2021-22
2021-10-30,22021,OKC,1333.880695624212,0,2021-22
2021-11-01,22021,OKC,1328.915865950863,0,2021-22
2021-11-04,22021,OKC,1326.7124789698305,0,2021-22
2021-11-07,22021,OKC,1337.8752645520938,1,2021-22
2021-11-10,22021,OKC,1347.284806681898,0,2021-22
2021-11-12,22021,OKC,1360.4482786117917,1,2021-22
2021-11-14,22021,OKC,1366.239418657578,1,2021-22
2021-11-15,22021,OKC,1356.612704605878,1,2021-22
2021-11-17,22021,OKC,1350.6118294310104,1,2021-22
2021-11-19,22021,OKC,1358.8870330052882,0,2021-22
2021-11-20,22021,OKC,1355.7863278064929,0,2021-22
2021-11-22,22021,OKC,1352.7789428614087,0,2021-22
2021-11-24,22021,OKC,1348.6675130358387,1,2021-22
2021-11-26,22021,OKC,1345.7890078100356,1,2021-22
2021-11-29,22021,OKC,1342.7180565736528,0,2021-22
2021-12-01,22021,OKC,1331.7409275977284,1,2021-22
2021-12-02,22021,OKC,1324.2355186470386,0,2021-22
2021-12-06,22021,OKC,1305.9216013149494,0,2021-22
2021-12-08,22021,OKC,1320.6334134767078,0,2021-22
2021-12-10,22021,OKC,1328.0838876791474,1,2021-22
2021-12-12,22021,OKC,1316.9823517937775,1,2021-22
2021-12-15,22021,OKC,1307.571524651196,1,2021-22
2021-12-18,22021,OKC,1303.3331066345525,1,2021-22
2021-12-20,22021,OKC,1310.14423978758,0,2021-22
2021-12-22,22021,OKC,1322.3815673672802,1,2021-22
2021-12-23,22021,OKC,1343.9745668943756,0,2021-22
2021-12-26,22021,OKC,1342.1420545659753,1,2021-22
2021-12-28,22021,OKC,1350.985328169848,0,2021-22
2021-12-29,22021,OKC,1345.670737817827,0,2021-22
2021-12-31,22021,OKC,1342.9944170292288,1,2021-22
2022-01-02,22021,OKC,1362.220942861719,1,2021-22
2022-01-05,22021,OKC,1355.9933972107574,0,2021-22
2022-01-07,22021,OKC,1352.0401225698326,1,2021-22
2022-01-09,22021,OKC,1337.3367282988638,1,2021-22
2022-01-11,22021,OKC,1333.703356372725,0,2021-22
2022-01-13,22021,OKC,1330.7964931146769,0,2021-22
2022-01-15,22021,OKC,1367.7315715136422,1,2021-22
2022-01-17,22021,OKC,1364.4185232857274,0,2021-22
2022-01-19,22021,OKC,1363.0680505692376,0,2021-22
2022-01-21,22021,OKC,1353.485312089125,0,2021-22
2022-01-22,22021,OKC,1347.0666711253189,0,2021-22
2022-01-24,22021,OKC,1344.901268686945,1,2021-22
2022-01-28,22021,OKC,1342.2462124506833,1,2021-22
2022-01-31,22021,OKC,1337.5255449919266,1,2021-22
2022-02-02,22021,OKC,1355.2461031785333,0,2021-22
2022-02-04,22021,OKC,1371.9758385354546,0,2021-22
2022-02-05,22021,OKC,1379.7022996827009,0,2021-22
2022-02-07,22021,OKC,1370.3217475906893,1,2021-22
2022-02-09,22021,OKC,1366.3151236801948,1,2021-22
2022-02-11,22021,OKC,1358.12874177646,0,2021-22
2022-02-12,22021,OKC,1354.6335257397157,0,2021-22
2022-02-14,22021,OKC,1351.97914315482,0,2021-22
2022-02-16,22021,OKC,1362.034329903344,1,2021-22
2022-02-24,22021,OKC,1355.0324694892004,1,2021-22
2022-02-25,22021,OKC,1351.208779660028,0,2021-22
2022-02-28,22021,OKC,1360.026040548242,1,2021-22
2022-03-02,22021,OKC,1340.4362776856512,0,2021-22
2022-03-04,22021,OKC,1366.9631996047003,1,2021-22
2022-03-06,22021,OKC,1352.241279818128,1,2021-22
2022-03-08,22021,OKC,1346.7730425526772,1,2021-22
2022-03-09,22021,OKC,1337.5260622164758,0,2021-22
2022-03-13,22021,OKC,1331.9327509141176,1,2021-22
2022-03-14,22021,OKC,1329.0552426619147,1,2021-22
2022-03-16,22021,OKC,1319.6704954956394,0,2021-22
2022-03-18,22021,OKC,1317.3812745576267,0,2021-22
2022-03-20,22021,OKC,1315.231951067438,0,2021-22
2022-03-21,22021,OKC,1309.9683990515125,1,2021-22
2022-03-23,22021,OKC,1307.89977724163,1,2021-22
2022-03-26,22021,OKC,1321.8027107371477,0,2021-22
2022-03-28,22021,OKC,1319.800147870236,0,2021-22
2022-03-30,22021,OKC,1325.9217041125544,1,2021-22
2022-04-01,22021,OKC,1318.0977008542172,1,2021-22
2022-04-03,22021,OKC,1308.5482042775147,1,2021-22
2022-04-05,22021,OKC,1350.5926962949954,1,2021-22
2022-04-06,22021,OKC,1354.3202974548412,0,2021-22
2022-04-08,22021,OKC,1346.8891482303532,0,2021-22
2022-04-10,22021,OKC,1335.98458815948,0,2021-22
2022-10-19,22022,OKC,1394.9804399330387,0,2022-23
2022-10-22,22022,OKC,1391.341751107096,0,2022-23
2022-10-23,22022,OKC,1388.1980587619742,1,2022-23
2022-10-25,22022,OKC,1381.0705050943038,1,2022-23
2022-10-27,22022,OKC,1398.1737414437796,1,2022-23
2022-10-29,22022,OKC,1409.0064456550629,0,2022-23
2022-11-01,22022,OKC,1423.5546425591308,1,2022-23
2022-11-03,22022,OKC,1430.28735434975,1,2022-23
2022-11-05,22022,OKC,1419.8937610439368,0,2022-23
2022-11-07,22022,OKC,1415.1600230160416,0,2022-23
2022-11-09,22022,OKC,1405.7805203490173,1,2022-23
2022-11-11,22022,OKC,1402.0249760389238,1,2022-23
2022-11-13,22022,OKC,1425.6482390726194,0,2022-23
2022-11-14,22022,OKC,1441.0398134675092,0,2022-23
2022-11-16,22022,OKC,1439.048129493038,0,2022-23
2022-11-18,22022,OKC,1444.4316004151158,0,2022-23
2022-11-21,22022,OKC,1439.0827812327657,1,2022-23
2022-11-23,22022,OKC,1428.6053380098165,1,2022-23
2022-11-25,22022,OKC,1422.7243804730772,1,2022-23
2022-11-26,22022,OKC,1429.6835741826492,0,2022-23
2022-11-28,22022,OKC,1416.7293603367134,0,2022-23
2022-11-30,22022,OKC,1414.016565613671,1,2022-23
2022-12-03,22022,OKC,1420.330864085426,0,2022-23
2022-12-05,22022,OKC,1433.239432785993,0,2022-23
2022-12-07,22022,OKC,1446.8320208642206,0,2022-23
2022-12-10,22022,OKC,1439.0925535897118,0,2022-23
2022-12-12,22022,OKC,1434.5986748831913,0,2022-23
2022-12-14,22022,OKC,1430.183222241472,1,2022-23
2022-12-16,22022,OKC,1425.6196287163,1,2022-23
2022-12-17,22022,OKC,1420.7973257377694,1,2022-23
2022-12-19,22022,OKC,1433.1696508131529,1,2022-23
2022-12-21,22022,OKC,1437.7838256508392,1,2022-23
2022-12-23,22022,OKC,1442.9382097232767,1,2022-23
2022-12-27,22022,OKC,1438.7970480025888,1,2022-23
2022-12-29,22022,OKC,1447.5029965343128,0,2022-23
2022-12-31,22022,OKC,1437.8192337800697,1,2022-23
2023-01-03,22022,OKC,1426.6983704191673,1,2022-23
2023-01-04,22022,OKC,1463.7069103446358,0,2022-23
2023-01-06,22022,OKC,1451.7668274642344,1,2022-23
2023-01-08,22022,OKC,1466.5075547030017,1,2022-23
2023-01-10,22022,OKC,1478.7134119029126,0,2022-23
2023-01-12,22022,OKC,1475.9280286806804,0,2022-23
2023-01-13,22022,OKC,1502.0374973646958,0,2022-23
2023-01-15,22022,OKC,1517.4369780757063,0,2022-23
2023-01-18,22022,OKC,1533.3508932685404,1,2022-23
2023-01-20,22022,OKC,1543.6630291290994,0,2022-23
2023-01-22,22022,OKC,1537.4617637880556,0,2022-23
2023-01-25,22022,OKC,1545.0359444058472,1,2022-23
2023-01-27,22022,OKC,1535.2725365131175,1,2022-23
2023-01-30,22022,OKC,1546.0896914536847,1,2022-23
2023-02-01,22022,OKC,1534.571545735124,0,2022-23
2023-02-04,22022,OKC,1521.4783854549237,1,2022-23
2023-02-06,22022,OKC,1528.765323473942,0,2022-23
2023-02-07,22022,OKC,1512.052185315715,0,2022-23
2023-02-10,22022,OKC,1517.9654147392023,0,2022-23
2023-02-13,22022,OKC,1527.7791744813303,1,2022-23
2023-02-15,22022,OKC,1520.3865661076022,1,2022-23
2023-02-23,22022,OKC,1527.601256123977,0,2022-23
2023-02-24,22022,OKC,1523.5311170853902,0,2022-23
2023-02-26,22022,OKC,1515.5640856735288,1,2022-23
2023-02-28,22022,OKC,1504.244726277719,1,2022-23
2023-03-01,22022,OKC,1495.9257553989169,1,2022-23
2023-03-03,22022,OKC,1486.6124580668763,1,2022-23
2023-03-05,22022,OKC,1501.8930363054455,1,2022-23
2023-03-07,22022,OKC,1508.7500209657162,1,2022-23
2023-03-08,22022,OKC,1517.901090695878,0,2022-23
2023-03-11,22022,OKC,1502.760461384854,0,2022-23
2023-03-12,22022,OKC,1516.3306065897975,0,2022-23
2023-03-14,22022,OKC,1521.7204491357224,1,2022-23
2023-03-16,22022,OKC,1532.418817384576,0,2022-23
2023-03-19,22022,OKC,1519.557516512591,1,2022-23
2023-03-21,22022,OKC,1525.4295166223126,0,2022-23
2023-03-23,22022,OKC,1530.339497819712,0,2022-23
2023-03-24,22022,OKC,1515.6930564739512,0,2022-23
2023-03-26,22022,OKC,1510.1314184227274,0,2022-23
2023-03-28,22022,OKC,1515.9777460840169,1,2022-23
2023-03-29,22022,OKC,1506.720980974274,1,2022-23
2023-03-31,22022,OKC,1507.8877236132353,0,2022-23
2023-04-02,22022,OKC,1500.0467870081263,1,2022-23
2023-04-04,22022,OKC,1490.4916162117831,0,2022-23
2023-04-06,22022,OKC,1483.2292961033615,0,2022-23
2023-04-09,22022,OKC,1496.9570998276245,1,2022-23
2023-10-25,22023,OKC,1507.936905179869,0,2023-24
2023-10-27,22023,OKC,1528.6115539482253,0,2023-24
2023-10-29,22023,OKC,1536.001356956593,1,2023-24
2023-10-30,22023,OKC,1508.7787474878874,1,2023-24
2023-11-01,22023,OKC,1514.6345256998516,1,2023-24
2023-11-03,22023,OKC,1507.1813856869178,1,2023-24
2023-11-06,22023,OKC,1502.8744167472,1,2023-24
2023-11-08,22023,OKC,1512.4294549751587,1,2023-24
2023-11-10,22023,OKC,1520.525286484259,0,2023-24
2023-11-12,22023,OKC,1512.5672750837496,0,2023-24
2023-11-14,22023,OKC,1526.8619232311407,1,2023-24
2023-11-16,22023,OKC,1536.7419323756906,0,2023-24
2023-11-18,22023,OKC,1556.543068301574,0,2023-24
2023-11-19,22023,OKC,1565.7784600852522,0,2023-24
2023-11-22,22023,OKC,1580.7521912897555,1,2023-24
2023-11-25,22023,OKC,1586.86801533597,1,2023-24
2023-11-28,22023,OKC,1579.670214603027,0,2023-24
2023-11-30,22023,OKC,1575.2168366945148,1,2023-24
2023-12-02,22023,OKC,1587.0962209847214,0,2023-24
2023-12-06,22023,OKC,1593.344001803816,0,2023-24
2023-12-08,22023,OKC,1580.8494657120634,1,2023-24
2023-12-11,22023,OKC,1583.9997509063078,1,2023-24
2023-12-14,22023,OKC,1587.9542018885577,0,2023-24
2023-12-16,22023,OKC,1580.5556125078124,0,2023-24
2023-12-18,22023,OKC,1585.2583925217268,1,2023-24
2023-12-21,22023,OKC,1591.4353808564665,1,2023-24
2023-12-23,22023,OKC,1605.1421842108384,1,2023-24
2023-12-26,22023,OKC,1589.303834784842,1,2023-24
2023-12-27,22023,OKC,1606.7550726657582,1,2023-24
2023-12-29,22023,OKC,1613.7259660772036,0,2023-24
2023-12-31,22023,OKC,1637.246328530647,1,2023-24
2024-01-02,22023,OKC,1642.5717957060049,1,2023-24
2024-01-03,22023,OKC,1649.32710895754,0,2023-24
2024-01-05,22023,OKC,1641.0388555433249,0,2023-24
2024-01-08,22023,OKC,1625.6833871303656,0,2023-24
2024-01-10,22023,OKC,1628.5714082201685,0,2023-24
2024-01-11,22023,OKC,1636.5279677934948,1,2023-24
2024-01-13,22023,OKC,1643.4325523786272,1,2023-24
2024-01-15,22023,OKC,1648.5073044204391,0,2023-24
2024-01-16,22023,OKC,1635.3596971541767,0,2023-24
2024-01-18,22023,OKC,1625.7220185045148,0,2023-24
2024-01-20,22023,OKC,1632.281450273509,0,2023-24
2024-01-23,22023,OKC,1640.5721040868114,1,2023-24
2024-01-24,22023,OKC,1641.3921549685654,0,2023-24
2024-01-26,22023,OKC,1646.8580347613497,0,2023-24
2024-01-28,22023,OKC,1666.0783980203842,0,2023-24
2024-01-29,22023,OKC,1629.467564888574,1,2023-24
2024-01-31,22023,OKC,1619.5135889733351,1,2023-24
2024-02-02,22023,OKC,1624.9105617338942,1,2023-24
2024-02-04,22023,OKC,1627.0440988590062,1,2023-24
2024-02-06,22023,OKC,1630.080010584365,0,2023-24
2024-02-10,22023,OKC,1619.6823633582078,0,2023-24
2024-02-11,22023,OKC,1589.1452620596633,1,2023-24
2024-02-13,22023,OKC,1597.2907460841132,0,2023-24
2024-02-22,22023,OKC,1608.3133714021965,1,2023-24
2024-02-23,22023,OKC,1624.8659189725895,1,2023-24
2024-02-25,22023,OKC,1629.1973816151944,0,2023-24
2024-02-27,22023,OKC,1636.4310406432433,1,2023-24
2024-02-29,22023,OKC,1641.3306458620098,0,2023-24
2024-03-03,22023,OKC,1613.500053341031,0,2023-24
2024-03-04,22023,OKC,1622.605991242681,0,2023-24
2024-03-06,22023,OKC,1608.3808171828473,0,2023-24
2024-03-08,22023,OKC,1612.0062998163494,1,2023-24
2024-03-10,22023,OKC,1617.5026563407432,1,2023-24
2024-03-12,22023,OKC,1622.6787527628703,1,2023-24
2024-03-14,22023,OKC,1606.6632049234745,1,2023-24
2024-03-16,22023,OKC,1612.361431505322,0,2023-24
2024-03-20,22023,OKC,1615.274105136972,1,2023-24
2024-03-22,22023,OKC,1619.1194737958122,0,2023-24
2024-03-24,22023,OKC,1625.2531133897398,0,2023-24
2024-03-26,22023,OKC,1605.8338646458585,0,2023-24
2024-03-27,22023,OKC,1616.5956507920023,1,2023-24
2024-03-29,22023,OKC,1604.8453917433433,1,2023-24
2024-03-31,22023,OKC,1619.7925011638915,0,2023-24
2024-04-02,22023,OKC,1623.958020354651,0,2023-24
2024-04-03,22023,OKC,1614.9405090974983,0,2023-24
2024-04-05,22023,OKC,1604.182811289858,0,2023-24
2024-04-07,22023,OKC,1591.8136581605402,0,2023-24
2024-04-09,22023,OKC,1593.7078551979669,1,2023-24
2024-04-10,22023,OKC,1599.6093609110494,1,2023-24
2024-04-12,22023,OKC,1607.5872817875943,1,2023-24
2024-04-14,22023,OKC,1617.5165217264964,1,2023-24
2024-10-24,22024,OKC,1585.6215003674783,0,2024-25
2024-10-26,22024,OKC,1601.8895431574606,0,2024-25
2024-10-27,22024,OKC,1614.5272100791542,1,2024-25
2024-10-30,22024,OKC,1622.839489970517,1,2024-25
2024-11-01,22024,OKC,1626.822727751411,0,2024-25
2024-11-02,22024,OKC,1634.9364790373163,0,2024-25
2024-11-04,22024,OKC,1644.5174171580256,1,2024-25
2024-11-06,22024,OKC,1650.6566876282138,0,2024-25
2024-11-08,22024,OKC,1645.3599459542845,1,2024-25
2024-11-10,22024,OKC,1653.425975211674,1,2024-25
2024-11-11,22024,OKC,1638.496305243464,1,2024-25
2024-11-13,22024,OKC,1642.6257168802497,1,2024-25
2024-11-15,22024,OKC,1647.6766775624492,1,2024-25
2024-11-17,22024,OKC,1656.222305878645,1,2024-25
2024-11-19,22024,OKC,1648.4103182072154,0,2024-25
2024-11-20,22024,OKC,1636.202725586312,1,2024-25
2024-11-25,22024,OKC,1639.0214744651164,0,2024-25
2024-11-27,22024,OKC,1651.3931523897668,0,2024-25
2024-11-29,22024,OKC,1657.7645716388847,0,2024-25
2024-12-01,22024,OKC,1664.240821642719,0,2024-25
2024-12-03,22024,OKC,1658.0946256974194,1,2024-25
2024-12-05,22024,OKC,1661.7951724927173,0,2024-25
2024-12-07,22024,OKC,1672.0547985281585,0,2024-25
2024-12-10,22024,OKC,1675.539782919961,1,2024-25
2024-12-14,22024,OKC,1683.7838111170297,1,2024-25
2024-12-19,22024,OKC,1691.154855332553,0,2024-25
2024-12-20,22024,OKC,1696.5898311368182,0,2024-25
2024-12-23,22024,OKC,1702.4703029698535,1,2024-25
2024-12-26,22024,OKC,1703.8351037647308,0,2024-25
2024-12-28,22024,OKC,1708.185603442917,0,2024-25
2024-12-29,22024,OKC,1710.5138097511497,1,2024-25
2024-12-31,22024,OKC,1719.6494612224203,1,2024-25
2025-01-02,22024,OKC,1723.2605430761164,1,2024-25
2025-01-03,22024,OKC,1728.427829206042,1,2024-25
2025-01-05,22024,OKC,1734.3891092136057,1,2024-25
2025-01-08,22024,OKC,1742.3345938161845,0,2024-25
2025-01-10,22024,OKC,1733.504148225643,0,2024-25
2025-01-12,22024,OKC,1747.6552669393525,0,2024-25
2025-01-14,22024,OKC,1750.7867322373404,0,2024-25
2025-01-16,22024,OKC,1755.2237932502414,1,2024-25
2025-01-17,22024,OKC,1764.740265473497,0,2024-25
2025-01-19,22024,OKC,1748.8344800530704,1,2024-25
2025-01-22,22024,OKC,1750.904324559379,1,2024-25
2025-01-23,22024,OKC,1752.1722599835823,1,2024-25
2025-01-26,22024,OKC,1735.7678369605935,0,2024-25
2025-01-29,22024,OKC,1738.3095714506137,0,2024-25
2025-02-01,22024,OKC,1722.7345224441417,1,2024-25
2025-02-03,22024,OKC,1731.0672973444755,1,2024-25
2025-02-05,22024,OKC,1737.3824989455577,1,2024-25
2025-02-07,22024,OKC,1743.2119724755685,1,2024-25
2025-02-08,22024,OKC,1744.9529683030155,0,2024-25
2025-02-10,22024,OKC,1754.527543340687,1,2024-25
2025-02-12,22024,OKC,1756.8743833923431,1,2024-25
2025-02-13,22024,OKC,1759.2105016735334,0,2024-25
2025-02-21,22024,OKC,1739.677178354454,0,2024-25
2025-02-23,22024,OKC,1743.83887721388,0,2024-25
2025-02-24,22024,OKC,1749.7604052433646,1,2024-25
2025-02-26,22024,OKC,1739.6614725370591,0,2024-25
2025-02-28,22024,OKC,1741.704737551226,0,2024-25
2025-03-02,22024,OKC,1746.1506543695234,0,2024-25
2025-03-03,22024,OKC,1750.0336397771628,1,2024-25
2025-03-05,22024,OKC,1753.0210167982204,0,2024-25
2025-03-07,22024,OKC,1761.739541109317,1,2024-25
2025-03-09,22024,OKC,1765.1203747614154,1,2024-25
2025-03-10,22024,OKC,1773.278642918596,1,2024-25
2025-03-12,22024,OKC,1750.8458938437586,0,2024-25
2025-03-15,22024,OKC,1758.1065883483654,0,2024-25
2025-03-16,22024,OKC,1762.28763531322,0,2024-25
2025-03-19,22024,OKC,1769.947789191128,1,2024-25
2025-03-21,22024,OKC,1772.3023331222016,1,2024-25
2025-03-23,22024,OKC,1773.8955995398992,0,2024-25
2025-03-25,22024,OKC,1776.6366539466371,0,2024-25
2025-03-27,22024,OKC,1781.220995012049,1,2024-25
2025-03-29,22024,OKC,1786.039382716304,1,2024-25
2025-03-31,22024,OKC,1791.3167343593643,1,2024-25
2025-04-02,22024,OKC,1795.5448565534905,1,2024-25
2025-04-04,22024,OKC,1799.7020091099218,0,2024-25
2025-04-06,22024,OKC,1779.3255886298684,1,2024-25
2025-04-08,22024,OKC,1734.887044159505,1,2024-25
2025-04-09,22024,OKC,1740.6634834721467,0,2024-25
2025-04-11,22024,OKC,1744.3646065122523,0,2024-25
2025-04-13,22024,OKC,1747.653058055684,0,2024-25
2025-10-21,22025,OKC,1649.7754261341677,1,2025-26
2025-10-23,22025,OKC,1651.9237048674863,0,2025-26
2025-10-25,22025,OKC,1658.4243148331057,0,2025-26
2025-10-27,22025,OKC,1666.881035409176,0,2025-26
2025-10-28,22025,OKC,1670.443035197224,1,2025-26
2025-10-30,22025,OKC,1673.1267418467116,1,2025-26
2025-11-02,22025,OKC,1675.346132686328,1,2025-26
2025-11-04,22025,OKC,1679.0007975545875,0,2025-26
2025-11-05,22025,OKC,1691.1558641580475,0,2025-26
2025-11-07,22025,OKC,1684.1754039820037,0,2025-26
2025-11-09,22025,OKC,1696.2194887617227,0,2025-26
2025-11-11,22025,OKC,1702.5684632553828,1,2025-26
2025-11-12,22025,OKC,1710.7712659378817,1,2025-26
2025-11-15,22025,OKC,1719.6977660048938,0,2025-26
2025-11-17,22025,OKC,1722.603248610777,0,2025-26
2025-11-19,22025,OKC,1725.448654874969,1,2025-26
2025-11-21,22025,OKC,1727.6791661805617,0,2025-26
2025-11-23,22025,OKC,1733.4187070491885,1,2025-26
2025-11-26,22025,OKC,1738.7221317568813,1,2025-26
2025-11-28,22025,OKC,1742.2643671109713,1,2025-26
2025-11-30,22025,OKC,1744.2056991751183,0,2025-26
2025-12-02,22025,OKC,1747.9079712070234,0,2025-26
2025-12-05,22025,OKC,1754.0431160553237,1,2025-26
2025-12-07,22025,OKC,1756.7150701421715,0,2025-26
2025-12-10,22025,OKC,1761.6308718768637,1,2025-26
2025-12-13,22025,OKC,1770.6531162849187,1,2025-26
2025-12-18,22025,OKC,1760.6148270785704,1,2025-26
2025-12-19,22025,OKC,1763.5609787252245,0,2025-26
2025-12-22,22025,OKC,1753.0855149033985,1,2025-26
2025-12-23,22025,OKC,1756.4994979616624,0,2025-26
2025-12-25,22025,OKC,1732.7981999150725,1,2025-26
2025-12-28,22025,OKC,1710.3666167826575,1,2025-26
2025-12-29,22025,OKC,1714.7455805754134,1,2025-26
2025-12-31,22025,OKC,1716.9846962981048,1,2025-26
2026-01-02,22025,OKC,1722.0026732758863,0,2025-26
2026-01-04,22025,OKC,1738.560002882826,0,2025-26
2026-01-05,22025,OKC,1729.995413445601,1,2025-26
2026-01-07,22025,OKC,1679.236509466668,1,2025-26
2026-01-09,22025,OKC,1680.500501029478,0,2025-26
2026-01-11,22025,OKC,1682.6045279279645,1,2025-26
2026-01-13,22025,OKC,1686.611180979739,1,2025-26
2026-01-15,22025,OKC,1696.1665172184985,0,2025-26
2026-01-17,22025,OKC,1709.2269648172694,0,2025-26
2026-01-19,22025,OKC,1701.2386881430086,0,2025-26
2026-01-21,22025,OKC,1717.129544600679,0,2025-26
2026-01-23,22025,OKC,1723.1170141007528,1,2025-26
2026-01-25,22025,OKC,1707.7793000172612,1,2025-26
2026-01-27,22025,OKC,1698.4587904319171,1,2025-26
2026-01-29,22025,OKC,1699.9601507858756,0,2025-26
2026-02-01,22025,OKC,1685.2418596992825,0,2025-26
2026-02-03,22025,OKC,1692.7774547640329,1,2025-26
2026-02-04,22025,OKC,1699.945259663416,0,2025-26
2026-02-07,22025,OKC,1687.421733241389,1,2025-26
2026-02-09,22025,OKC,1674.546148668355,0,2025-26
2026-02-11,22025,OKC,1681.2359908069716,0,2025-26
2026-02-12,22025,OKC,1696.5108484619118,1,2025-26
2026-02-20,22025,OKC,1662.701446945569,1,2025-26
2026-02-22,22025,OKC,1665.2210440073725,1,2025-26
2026-02-24,22025,OKC,1671.886652897452,0,2025-26
2026-02-25,22025,OKC,1678.7858103180818,0,2025-26
2026-02-27,22025,OKC,1670.6766739253756,1,2025-26
2026-03-01,22025,OKC,1675.0855470975025,0,2025-26
2026-03-03,22025,OKC,1679.246443236799,0,2025-26
2026-03-04,22025,OKC,1682.265250387955,0,2025-26
2026-03-07,22025,OKC,1688.1630104066885,1,2025-26
2026-03-09,22025,OKC,1691.0665122461598,1,2025-26
2026-03-12,22025,OKC,1693.5215973704323,1,2025-26
2026-03-15,22025,OKC,1696.742794858272,1,2025-26
2026-03-17,22025,OKC,1701.6439258496248,0,2025-26
2026-03-18,22025,OKC,1706.3511498613973,0,2025-26
2026-03-21,22025,OKC,1710.2233852581312,0,2025-26
2026-03-23,22025,OKC,1712.512298793911,0,2025-26
2026-03-25,22025,OKC,1720.5531644369144,0,2025-26
2026-03-27,22025,OKC,1708.8968558291429,1,2025-26
2026-03-29,22025,OKC,1711.3002685687798,1,2025-26
2026-03-30,22025,OKC,1718.1862002471937,1,2025-26
2026-04-02,22025,OKC,1722.3886631534674,1,2025-26
2026-04-05,22025,OKC,1737.1784547838442,1,2025-26
2026-04-07,22025,OKC,1738.8825759713934,0,2025-26
2026-04-08,22025,OKC,1755.5071389419145,0,2025-26
2026-04-10,22025,OKC,1763.7560804779498,0,2025-26
2026-04-12,22025,OKC,1741.6456577992158,1,2025-26
2020-12-23,22020,ORL,1500.0,1,2020-21
2020-12-26,22020,ORL,1506.372613900132,0,2020-21
2020-12-27,22020,ORL,1518.21148723224,0,2020-21
2020-12-29,22020,ORL,1527.0488248982635,0,2020-21
2020-12-31,22020,ORL,1539.0434516555465,1,2020-21
2021-01-02,22020,ORL,1515.1039475572334,1,2020-21
2021-01-04,22020,ORL,1501.4142292232668,1,2020-21
2021-01-06,22020,ORL,1515.7468900292818,1,2020-21
2021-01-08,22020,ORL,1524.3247685061172,0,2020-21
2021-01-09,22020,ORL,1496.625355190358,0,2020-21
2021-01-11,22020,ORL,1487.18584993535,1,2020-21
2021-01-15,22020,ORL,1470.1228980256294,0,2020-21
2021-01-16,22020,ORL,1456.89650509875,0,2020-21
2021-01-18,22020,ORL,1451.8446784688897,0,2020-21
2021-01-20,22020,ORL,1445.8161605273715,0,2020-21
2021-01-22,22020,ORL,1450.1412276808646,0,2020-21
2021-01-24,22020,ORL,1447.12790095367,1,2020-21
2021-01-25,22020,ORL,1441.2518891130107,1,2020-21
2021-01-27,22020,ORL,1450.9149493416876,1,2020-21
2021-01-29,22020,ORL,1433.522188968465,1,2020-21
2021-01-31,22020,ORL,1419.6195853936422,0,2020-21
2021-02-02,22020,ORL,1412.077027288507,1,2020-21
2021-02-05,22020,ORL,1400.193217960865,1,2020-21
2021-02-06,22020,ORL,1407.1069300009265,1,2020-21
2021-02-09,22020,ORL,1388.1823987820758,0,2020-21
2021-02-11,22020,ORL,1383.243023887596,0,2020-21
2021-02-12,22020,ORL,1379.9030112100727,0,2020-21
2021-02-14,22020,ORL,1396.7310293036944,0,2020-21
2021-02-17,22020,ORL,1390.1303641712195,1,2020-21
2021-02-19,22020,ORL,1409.81446770583,1,2020-21
2021-02-21,22020,ORL,1417.7710530693328,1,2020-21
2021-02-23,22020,ORL,1426.5745950699072,1,2020-21
2021-02-25,22020,ORL,1412.986228563986,0,2020-21
2021-02-27,22020,ORL,1403.56244127183,1,2020-21
2021-03-01,22020,ORL,1398.5227353872658,1,2020-21
2021-03-03,22020,ORL,1392.2487091258968,1,2020-21
2021-03-11,22020,ORL,1387.5914360278434,0,2020-21
2021-03-12,22020,ORL,1383.2237421567718,0,2020-21
2021-03-14,22020,ORL,1373.074682175988,1,2020-21
2021-03-18,22020,ORL,1368.403153287092,0,2020-21
2021-03-19,22020,ORL,1366.5815218592586,1,2020-21
2021-03-21,22020,ORL,1382.7425801535542,0,2020-21
2021-03-23,22020,ORL,1375.1842269272213,1,2020-21
2021-03-24,22020,ORL,1370.0116915206956,1,2020-21
2021-03-26,22020,ORL,1377.4669793228427,1,2020-21
2021-03-28,22020,ORL,1370.9599820225071,0,2020-21
2021-03-30,22020,ORL,1369.0980716937377,0,2020-21
2021-04-01,22020,ORL,1388.2986868826297,0,2020-21
2021-04-03,22020,ORL,1400.3066588027823,0,2020-21
2021-04-04,22020,ORL,1394.238674914085,0,2020-21
2021-04-07,22020,ORL,1391.2895286636638,1,2020-21
2021-04-09,22020,ORL,1375.1874891853586,1,2020-21
2021-04-11,22020,ORL,1369.6223767058457,1,2020-21
2021-04-12,22020,ORL,1356.386158291359,1,2020-21
2021-04-14,22020,ORL,1340.2533845553664,0,2020-21
2021-04-16,22020,ORL,1356.8789568705918,0,2020-21
2021-04-18,22020,ORL,1351.0245367589548,1,2020-21
2021-04-20,22020,ORL,1342.438589971939,0,2020-21
2021-04-22,22020,ORL,1338.371358795562,1,2020-21
2021-04-25,22020,ORL,1320.4036020678593,1,2020-21
2021-04-26,22020,ORL,1310.345354887861,1,2020-21
2021-04-28,22020,ORL,1305.495162693998,0,2020-21
2021-04-30,22020,ORL,1315.988773705705,0,2020-21
2021-05-01,22020,ORL,1311.9138817998503,1,2020-21
2021-05-03,22020,ORL,1318.9502997496545,0,2020-21
2021-05-05,22020,ORL,1331.732468070864,1,2020-21
2021-05-07,22020,ORL,1317.8760607097704,0,2020-21
2021-05-09,22020,ORL,1313.2739060469753,1,2020-21
2021-05-11,22020,ORL,1292.670130467536,0,2020-21
2021-05-13,22020,ORL,1290.561543380586,0,2020-21
2021-05-14,22020,ORL,1286.6910748215294,0,2020-21
2021-05-16,22020,ORL,1283.586251124542,0,2020-21
2021-10-20,22021,ORL,1369.119497768536,0,2021-22
2021-10-22,22021,ORL,1359.1893949993332,1,2021-22
2021-10-24,22021,ORL,1349.1870808740591,0,2021-22
2021-10-25,22021,ORL,1365.5763694167483,0,2021-22
2021-10-27,22021,ORL,1360.3817374809637,1,2021-22
2021-10-29,22021,ORL,1352.9674558285053,0,2021-22
2021-10-30,22021,ORL,1351.013982516526,0,2021-22
2021-11-01,22021,ORL,1345.146333712028,0,2021-22
2021-11-03,22021,ORL,1370.9708600223887,1,2021-22
2021-11-05,22021,ORL,1360.3196099792506,1,2021-22
2021-11-07,22021,ORL,1350.397132197968,1,2021-22
2021-11-10,22021,ORL,1366.825784145111,1,2021-22
2021-11-13,22021,ORL,1353.5379521486002,1,2021-22
2021-11-15,22021,ORL,1347.2460830561936,0,2021-22
2021-11-17,22021,ORL,1341.3739429258662,0,2021-22
2021-11-19,22021,ORL,1356.7481429757486,0,2021-22
2021-11-20,22021,ORL,1355.306191360488,0,2021-22
2021-11-22,22021,ORL,1351.8411491455493,0,2021-22
2021-11-24,22021,ORL,1344.1536572006485,1,2021-22
2021-11-26,22021,ORL,1338.650719094202,1,2021-22
2021-11-27,22021,ORL,1325.2088691967124,0,2021-22
2021-11-29,22021,ORL,1319.2679731656217,0,2021-22
2021-12-01,22021,ORL,1317.3491569025457,1,2021-22
2021-12-03,22021,ORL,1329.182069779159,0,2021-22
2021-12-06,22021,ORL,1325.3762050038326,0,2021-22
2021-12-08,22021,ORL,1321.918311524238,0,2021-22
2021-12-11,22021,ORL,1316.0151652070808,0,2021-22
2021-12-12,22021,ORL,1314.4192470223204,0,2021-22
2021-12-15,22021,ORL,1310.2600251247134,1,2021-22
2021-12-17,22021,ORL,1304.729181857043,1,2021-22
2021-12-18,22021,ORL,1300.2343533897565,0,2021-22
2021-12-22,22021,ORL,1320.61432197948,0,2021-22
2021-12-23,22021,ORL,1336.1911075340852,1,2021-22
2021-12-26,22021,ORL,1330.2417844238469,0,2021-22
2021-12-28,22021,ORL,1327.248952982224,1,2021-22
2021-12-30,22021,ORL,1321.1165229606354,1,2021-22
2022-01-02,22021,ORL,1315.1255558155967,0,2021-22
2022-01-03,22021,ORL,1312.9875296832297,0,2021-22
2022-01-05,22021,ORL,1311.5700702887043,1,2021-22
2022-01-08,22021,ORL,1307.3597242693136,0,2021-22
2022-01-09,22021,ORL,1301.75180225651,1,2021-22
2022-01-12,22021,ORL,1298.6447148549064,0,2021-22
2022-01-14,22021,ORL,1295.7108392016746,0,2021-22
2022-01-15,22021,ORL,1313.8009496361385,0,2021-22
2022-01-17,22021,ORL,1310.780387633718,1,2021-22
2022-01-19,22021,ORL,1302.833430797942,0,2021-22
2022-01-21,22021,ORL,1300.1410414603183,1,2021-22
2022-01-23,22021,ORL,1293.0461286945815,1,2021-22
2022-01-26,22021,ORL,1320.4797262433508,1,2021-22
2022-01-28,22021,ORL,1313.8018201777363,1,2021-22
2022-01-30,22021,ORL,1326.9143409484586,1,2021-22
2022-02-01,22021,ORL,1336.0836857321708,0,2021-22
2022-02-02,22021,ORL,1331.982984603127,0,2021-22
2022-02-05,22021,ORL,1338.5897007740532,1,2021-22
2022-02-06,22021,ORL,1332.5475004030022,1,2021-22
2022-02-08,22021,ORL,1322.9073655701304,0,2021-22
2022-02-11,22021,ORL,1345.5862437130347,0,2021-22
2022-02-12,22021,ORL,1342.3633262432654,0,2021-22
2022-02-14,22021,ORL,1339.8046178980424,0,2021-22
2022-02-16,22021,ORL,1336.9661327520353,1,2021-22
2022-02-25,22021,ORL,1326.6627077810958,1,2021-22
2022-02-28,22021,ORL,1333.0956418464164,1,2021-22
2022-03-02,22021,ORL,1349.3727625132276,1,2021-22
2022-03-04,22021,ORL,1340.5942728037276,0,2021-22
2022-03-05,22021,ORL,1356.0211666718503,0,2021-22
2022-03-08,22021,ORL,1351.4673383506008,1,2021-22
2022-03-09,22021,ORL,1349.84646868593,0,2021-22
2022-03-11,22021,ORL,1365.2602439245532,1,2021-22
2022-03-13,22021,ORL,1380.4950565547458,1,2021-22
2022-03-15,22021,ORL,1377.730954264547,1,2021-22
2022-03-17,22021,ORL,1354.784919110822,1,2021-22
2022-03-20,22021,ORL,1338.621225844341,1,2021-22
2022-03-22,22021,ORL,1343.8847778602667,1,2021-22
2022-03-23,22021,ORL,1354.8824052359053,0,2021-22
2022-03-26,22021,ORL,1340.9794717403877,1,2021-22
2022-03-28,22021,ORL,1334.2067722984225,0,2021-22
2022-03-30,22021,ORL,1331.0896392015472,0,2021-22
2022-04-01,22021,ORL,1321.365203237836,1,2021-22
2022-04-03,22021,ORL,1316.8162595615156,1,2021-22
2022-04-05,22021,ORL,1303.7140927567004,1,2021-22
2022-04-07,22021,ORL,1314.5003195933862,0,2021-22
2022-04-10,22021,ORL,1308.0828061080258,1,2021-22
2022-10-19,22022,ORL,1400.825022941985,0,2022-23
2022-10-21,22022,ORL,1395.999530806159,0,2022-23
2022-10-22,22022,ORL,1391.5722707731177,1,2022-23
2022-10-24,22022,ORL,1388.359617308831,0,2022-23
2022-10-26,22022,ORL,1382.7848253632435,0,2022-23
2022-10-28,22022,ORL,1378.001719566333,1,2022-23
2022-10-30,22022,ORL,1401.978885679813,0,2022-23
2022-11-01,22022,ORL,1398.139363317399,0,2022-23
2022-11-03,22022,ORL,1391.4066515267798,1,2022-23
2022-11-05,22022,ORL,1396.6072975823995,1,2022-23
2022-11-07,22022,ORL,1390.49904448464,1,2022-23
2022-11-09,22022,ORL,1379.148009561972,1,2022-23
2022-11-11,22022,ORL,1392.5061501636571,1,2022-23
2022-11-14,22022,ORL,1417.6911111878392,1,2022-23
2022-11-16,22022,ORL,1408.381236888951,1,2022-23
2022-11-18,22022,ORL,1395.1900571141664,0,2022-23
2022-11-19,22022,ORL,1401.3061407582716,0,2022-23
2022-11-21,22022,ORL,1398.8454276271923,0,2022-23
2022-11-25,22022,ORL,1388.7578271991256,1,2022-23
2022-11-27,22022,ORL,1383.2333971905543,1,2022-23
2022-11-28,22022,ORL,1370.5891539334953,0,2022-23
2022-11-30,22022,ORL,1367.0816318987418,1,2022-23
2022-12-02,22022,ORL,1357.4192153314284,0,2022-23
2022-12-03,22022,ORL,1354.1426441319256,0,2022-23
2022-12-05,22022,ORL,1349.560441051251,1,2022-23
2022-12-07,22022,ORL,1345.5054367539803,1,2022-23
2022-12-09,22022,ORL,1354.76719872414,1,2022-23
2022-12-11,22022,ORL,1364.2669354035806,1,2022-23
2022-12-14,22022,ORL,1380.832225894109,1,2022-23
2022-12-16,22022,ORL,1394.511144090555,0,2022-23
2022-12-18,22022,ORL,1415.1778776726123,0,2022-23
2022-12-19,22022,ORL,1426.913910165476,0,2022-23
2022-12-21,22022,ORL,1424.4163806268389,0,2022-23
2022-12-23,22022,ORL,1432.012800115824,1,2022-23
2022-12-27,22022,ORL,1442.5412669709003,1,2022-23
2022-12-28,22022,ORL,1424.0685254932753,0,2022-23
2022-12-30,22022,ORL,1406.193094125793,1,2022-23
2023-01-04,22022,ORL,1391.1657266643365,1,2022-23
2023-01-05,22022,ORL,1403.1058095447377,1,2022-23
2023-01-07,22022,ORL,1398.5779976431395,0,2022-23
2023-01-09,22022,ORL,1420.832455455646,0,2022-23
2023-01-10,22022,ORL,1408.9063006658296,0,2022-23
2023-01-13,22022,ORL,1416.3969754994994,0,2022-23
2023-01-15,22022,ORL,1412.7366906897482,0,2022-23
2023-01-20,22022,ORL,1410.9657184100508,1,2022-23
2023-01-21,22022,ORL,1426.759321243176,0,2022-23
2023-01-23,22022,ORL,1416.0142592513685,1,2022-23
2023-01-25,22022,ORL,1439.604237712973,1,2022-23
2023-01-27,22022,ORL,1446.425299871719,0,2022-23
2023-01-28,22022,ORL,1442.7244611190445,1,2022-23
2023-01-30,22022,ORL,1426.962323694038,0,2022-23
2023-02-01,22022,ORL,1446.922311517542,0,2022-23
2023-02-03,22022,ORL,1442.0562433510947,0,2022-23
2023-02-05,22022,ORL,1454.532682168778,0,2022-23
2023-02-07,22022,ORL,1461.794486932989,1,2022-23
2023-02-09,22022,ORL,1455.8341506084278,1,2022-23
2023-02-11,22022,ORL,1471.5876795533293,1,2022-23
2023-02-13,22022,ORL,1465.7369759058988,0,2022-23
2023-02-14,22022,ORL,1478.5942963871105,0,2022-23
2023-02-23,22022,ORL,1471.1086078621931,1,2022-23
2023-02-25,22022,ORL,1473.32519043952,1,2022-23
2023-02-27,22022,ORL,1455.2487084190298,0,2022-23
2023-03-01,22022,ORL,1466.686643631768,0,2022-23
2023-03-03,22022,ORL,1460.2909202911733,0,2022-23
2023-03-05,22022,ORL,1471.0412035455415,1,2022-23
2023-03-07,22022,ORL,1463.156869068454,1,2022-23
2023-03-09,22022,ORL,1456.818424812326,1,2022-23
2023-03-11,22022,ORL,1446.2085746042217,1,2022-23
2023-03-14,22022,ORL,1458.5455214569067,0,2022-23
2023-03-16,22022,ORL,1435.7678791430735,0,2022-23
2023-03-18,22022,ORL,1432.9618292843982,0,2022-23
2023-03-19,22022,ORL,1444.2069638952703,0,2022-23
2023-03-21,22022,ORL,1439.426503343811,1,2022-23
2023-03-23,22022,ORL,1449.139455236396,1,2022-23
2023-03-26,22022,ORL,1458.2676417663854,1,2022-23
2023-03-28,22022,ORL,1470.9469177408346,0,2022-23
2023-03-31,22022,ORL,1467.7432987674574,0,2022-23
2023-04-02,22022,ORL,1477.995033319199,1,2022-23
2023-04-04,22022,ORL,1484.3713567400025,1,2022-23
2023-04-06,22022,ORL,1479.527647807961,1,2022-23
2023-04-07,22022,ORL,1465.837563309331,0,2022-23
2023-04-09,22022,ORL,1456.1960951330689,0,2022-23
2023-10-25,22023,ORL,1469.182506063422,1,2023-24
2023-10-27,22023,ORL,1482.7693924598834,0,2023-24
2023-10-30,22023,ORL,1488.7057100982738,0,2023-24
2023-10-31,22023,ORL,1484.845267091384,0,2023-24
2023-11-02,22023,ORL,1475.6813567427755,0,2023-24
2023-11-04,22023,ORL,1480.946056437914,1,2023-24
2023-11-06,22023,ORL,1497.3240702218818,1,2023-24
2023-11-09,22023,ORL,1481.417063407125,1,2023-24
2023-11-11,22023,ORL,1477.4769898094896,1,2023-24
2023-11-14,22023,ORL,1491.448930719164,0,2023-24
2023-11-15,22023,ORL,1478.9478700590385,0,2023-24
2023-11-17,22023,ORL,1484.7282209101973,0,2023-24
2023-11-19,22023,ORL,1493.629273016758,0,2023-24
2023-11-21,22023,ORL,1507.4680219213046,1,2023-24
2023-11-22,22023,ORL,1521.1194812004371,1,2023-24
2023-11-24,22023,ORL,1528.08375560727,1,2023-24
2023-11-26,22023,ORL,1547.4345179550855,1,2023-24
2023-11-29,22023,ORL,1552.1943293133602,1,2023-24
2023-12-01,22023,ORL,1558.2924842786715,1,2023-24
2023-12-02,22023,ORL,1560.841317246373,0,2023-24
2023-12-06,22023,ORL,1540.7068531845075,0,2023-24
2023-12-08,22023,ORL,1531.614137097126,1,2023-24
2023-12-11,22023,ORL,1537.2875027015025,1,2023-24
2023-12-15,22023,ORL,1546.2402081518137,0,2023-24
2023-12-17,22023,ORL,1538.9209796361465,0,2023-24
2023-12-20,22023,ORL,1532.1068371672338,1,2023-24
2023-12-21,22023,ORL,1520.0369817453134,0,2023-24
2023-12-23,22023,ORL,1516.4322537509977,0,2023-24
2023-12-26,22023,ORL,1525.1063741260557,0,2023-24
2023-12-27,22023,ORL,1530.8568882881957,1,2023-24
2023-12-29,22023,ORL,1517.5917654945683,1,2023-24
2023-12-31,22023,ORL,1527.2766536367935,0,2023-24
2024-01-02,22023,ORL,1520.924444752939,0,2023-24
2024-01-03,22023,ORL,1514.265546077561,0,2023-24
2024-01-05,22023,ORL,1509.7272937415426,0,2023-24
2024-01-07,22023,ORL,1517.2375656148374,1,2023-24
2024-01-09,22023,ORL,1522.9068648389214,1,2023-24
2024-01-12,22023,ORL,1507.7570362606152,0,2023-24
2024-01-13,22023,ORL,1503.6605124516009,0,2023-24
2024-01-15,22023,ORL,1498.585760409789,0,2023-24
2024-01-17,22023,ORL,1508.9492856805584,0,2023-24
2024-01-19,22023,ORL,1503.5842983358064,1,2023-24
2024-01-21,22023,ORL,1491.99457204222,1,2023-24
2024-01-22,22023,ORL,1505.9778900935771,1,2023-24
2024-01-26,22023,ORL,1489.0108040210805,0,2023-24
2024-01-28,22023,ORL,1485.3803262674282,1,2023-24
2024-01-29,22023,ORL,1500.4678144803815,0,2023-24
2024-01-31,22023,ORL,1495.7997809463511,0,2023-24
2024-02-02,22023,ORL,1502.0139382334098,0,2023-24
2024-02-04,22023,ORL,1510.2039005697673,0,2023-24
2024-02-06,22023,ORL,1515.1419260671687,0,2023-24
2024-02-08,22023,ORL,1496.0986404329894,1,2023-24
2024-02-10,22023,ORL,1500.8378459101273,1,2023-24
2024-02-13,22023,ORL,1507.0241942390055,1,2023-24
2024-02-14,22023,ORL,1496.0015689209222,1,2023-24
2024-02-22,22023,ORL,1513.8874066273968,0,2023-24
2024-02-24,22023,ORL,1529.1893722132806,0,2023-24
2024-02-25,22023,ORL,1531.6204788252146,0,2023-24
2024-02-27,22023,ORL,1513.161000010375,1,2023-24
2024-02-29,22023,ORL,1525.2648315325296,1,2023-24
2024-03-03,22023,ORL,1530.6781805154649,1,2023-24
2024-03-05,22023,ORL,1535.5313945120567,0,2023-24
2024-03-06,22023,ORL,1541.1053440264743,0,2023-24
2024-03-08,22023,ORL,1545.1194087789845,0,2023-24
2024-03-10,22023,ORL,1528.999499193918,1,2023-24
2024-03-13,22023,ORL,1513.2387496996143,1,2023-24
2024-03-15,22023,ORL,1519.097841054643,0,2023-24
2024-03-17,22023,ORL,1526.1980669795682,1,2023-24
2024-03-19,22023,ORL,1531.545396768695,1,2023-24
2024-03-21,22023,ORL,1536.145830233649,1,2023-24
2024-03-23,22023,ORL,1551.4987466905975,1,2023-24
2024-03-27,22023,ORL,1545.727613188159,1,2023-24
2024-03-29,22023,ORL,1535.6316704492256,1,2023-24
2024-03-30,22023,ORL,1528.9787680024244,1,2023-24
2024-04-01,22023,ORL,1536.0063449417946,1,2023-24
2024-04-03,22023,ORL,1537.108827338503,0,2023-24
2024-04-05,22023,ORL,1551.0910392629564,0,2023-24
2024-04-07,22023,ORL,1532.8059588988624,1,2023-24
2024-04-09,22023,ORL,1541.8556229931391,0,2023-24
2024-04-10,22023,ORL,1530.3187249992434,0,2023-24
2024-04-12,22023,ORL,1518.2829801864682,0,2023-24
2024-04-14,22023,ORL,1508.2627799048864,1,2023-24
2024-10-23,22024,ORL,1515.8094445460624,0,2024-25
2024-10-25,22024,ORL,1535.6846228848383,1,2024-25
2024-10-26,22024,ORL,1543.059725677132,0,2024-25
2024-10-28,22024,ORL,1525.944569372463,1,2024-25
2024-10-30,22024,ORL,1531.3192115111033,0,2024-25
2024-11-01,22024,ORL,1525.843756128858,0,2024-25
2024-11-03,22024,ORL,1517.991123551814,0,2024-25
2024-11-04,22024,ORL,1505.0085895346251,0,2024-25
2024-11-06,22024,ORL,1498.869319064437,0,2024-25
2024-11-08,22024,ORL,1493.0227653301831,1,2024-25
2024-11-10,22024,ORL,1508.256457649735,1,2024-25
2024-11-12,22024,ORL,1516.0144052791948,1,2024-25
2024-11-13,22024,ORL,1525.758549255621,1,2024-25
2024-11-15,22024,ORL,1531.121637309139,1,2024-25
2024-11-18,22024,ORL,1537.2654454439346,0,2024-25
2024-11-20,22024,ORL,1550.7131265765704,0,2024-25
2024-11-21,22024,ORL,1540.7531469970793,0,2024-25
2024-11-23,22024,ORL,1545.671726271367,1,2024-25
2024-11-25,22024,ORL,1550.526255521605,0,2024-25
2024-11-27,22024,ORL,1557.7069287912611,1,2024-25
2024-11-29,22024,ORL,1564.2025529733437,0,2024-25
2024-12-01,22024,ORL,1579.3897056478484,0,2024-25
2024-12-03,22024,ORL,1586.1203361309497,0,2024-25
2024-12-04,22024,ORL,1575.2037070943113,0,2024-25
2024-12-06,22024,ORL,1579.4940986759557,0,2024-25
2024-12-08,22024,ORL,1566.690012283418,1,2024-25
2024-12-10,22024,ORL,1571.7651889034416,0,2024-25
2024-12-15,22024,ORL,1564.4499788290595,1,2024-25
2024-12-19,22024,ORL,1553.2584210138966,1,2024-25
2024-12-21,22024,ORL,1547.8234452096317,1,2024-25
2024-12-23,22024,ORL,1554.861639098923,1,2024-25
2024-12-26,22024,ORL,1563.0109587675468,1,2024-25
2024-12-27,22024,ORL,1557.9979185854904,1,2024-25
2024-12-29,22024,ORL,1540.7197142714372,1,2024-25
2025-01-01,22024,ORL,1542.509016394232,0,2024-25
2025-01-03,22024,ORL,1530.384188510308,0,2024-25
2025-01-05,22024,ORL,1536.1314484649668,1,2024-25
2025-01-06,22024,ORL,1515.439848717457,0,2024-25
2025-01-09,22024,ORL,1531.1827137275802,1,2024-25
2025-01-10,22024,ORL,1515.9531889953482,1,2024-25
2025-01-12,22024,ORL,1509.5259759240143,1,2024-25
2025-01-15,22024,ORL,1514.0837783589814,0,2024-25
2025-01-17,22024,ORL,1497.6789281992887,0,2024-25
2025-01-19,22024,ORL,1488.467321699781,1,2024-25
2025-01-21,22024,ORL,1479.3986220993706,0,2024-25
2025-01-23,22024,ORL,1461.3662936560693,1,2024-25
2025-01-25,22024,ORL,1432.570248139713,1,2024-25
2025-01-27,22024,ORL,1442.2584150052153,0,2024-25
2025-01-30,22024,ORL,1436.8061596970977,0,2024-25
2025-02-01,22024,ORL,1416.7360977804078,0,2024-25
2025-02-03,22024,ORL,1403.678299309806,0,2024-25
2025-02-05,22024,ORL,1399.3493973733032,0,2024-25
2025-02-06,22024,ORL,1427.1568041505411,0,2024-25
2025-02-08,22024,ORL,1420.8969852044877,1,2024-25
2025-02-10,22024,ORL,1424.8589039363123,1,2024-25
2025-02-12,22024,ORL,1416.5436440773997,1,2024-25
2025-02-20,22024,ORL,1423.5991820426773,0,2024-25
2025-02-21,22024,ORL,1433.9714910374496,1,2024-25
2025-02-23,22024,ORL,1431.4605365033672,1,2024-25
2025-02-25,22024,ORL,1437.3091856409928,1,2024-25
2025-02-27,22024,ORL,1427.857433674715,1,2024-25
2025-03-02,22024,ORL,1422.0625466909992,1,2024-25
2025-03-04,22024,ORL,1415.7230664769222,1,2024-25
2025-03-06,22024,ORL,1410.6259468680316,1,2024-25
2025-03-08,22024,ORL,1404.5786758940783,0,2024-25
2025-03-10,22024,ORL,1413.5009616541645,0,2024-25
2025-03-13,22024,ORL,1407.9743037374406,0,2024-25
2025-03-14,22024,ORL,1425.2960403113552,0,2024-25
2025-03-16,22024,ORL,1422.8285788581093,0,2024-25
2025-03-19,22024,ORL,1441.2011881153887,1,2024-25
2025-03-21,22024,ORL,1434.6911755254807,0,2024-25
2025-03-24,22024,ORL,1443.6694606073038,1,2024-25
2025-03-25,22024,ORL,1457.1281709628186,0,2024-25
2025-03-27,22024,ORL,1462.2597943543956,1,2024-25
2025-03-29,22024,ORL,1449.7233498523651,1,2024-25
2025-03-31,22024,ORL,1470.941546670837,1,2024-25
2025-04-01,22024,ORL,1463.9198931777398,0,2024-25
2025-04-03,22024,ORL,1475.2572017073692,0,2024-25
2025-04-08,22024,ORL,1480.9934477466256,1,2024-25
2025-04-09,22024,ORL,1487.2875549695348,1,2024-25
2025-04-11,22024,ORL,1514.2625993436322,0,2024-25
2025-04-13,22024,ORL,1534.0316302843264,0,2024-25
2025-10-22,22025,ORL,1513.1463369770076,1,2025-26
2025-10-24,22025,ORL,1518.1263778044504,1,2025-26
2025-10-25,22025,ORL,1509.3216493010657,1,2025-26
2025-10-27,22025,ORL,1496.2836932611797,0,2025-26
2025-10-29,22025,ORL,1482.0568679608623,0,2025-26
2025-10-30,22025,ORL,1471.1765857263945,0,2025-26
2025-11-01,22025,ORL,1482.7502003603097,0,2025-26
2025-11-04,22025,ORL,1497.1172917959125,0,2025-26
2025-11-07,22025,ORL,1485.5769365163308,1,2025-26
2025-11-09,22025,ORL,1499.627590862012,1,2025-26
2025-11-10,22025,ORL,1493.5494639761648,1,2025-26
2025-11-12,22025,ORL,1498.8509774659062,0,2025-26
2025-11-14,22025,ORL,1521.0172636263917,1,2025-26
2025-11-16,22025,ORL,1523.631949437446,0,2025-26
2025-11-18,22025,ORL,1520.084934580302,1,2025-26
2025-11-20,22025,ORL,1529.3286051799232,1,2025-26
2025-11-22,22025,ORL,1544.4650778009495,1,2025-26
2025-11-23,22025,ORL,1554.7226952689448,0,2025-26
2025-11-25,22025,ORL,1546.9391068736882,0,2025-26
2025-11-28,22025,ORL,1568.2984099239627,0,2025-26
2025-12-01,22025,ORL,1575.712494984728,1,2025-26
2025-12-03,22025,ORL,1579.2277183015192,1,2025-26
2025-12-05,22025,ORL,1572.7438542442103,1,2025-26
2025-12-07,22025,ORL,1576.0069405504346,0,2025-26
2025-12-09,22025,ORL,1570.014582334916,1,2025-26
2025-12-13,22025,ORL,1577.01355897508,1,2025-26
2025-12-18,22025,ORL,1564.5490408895434,0,2025-26
2025-12-20,22025,ORL,1558.0484916740395,0,2025-26
2025-12-22,22025,ORL,1560.6551553558777,0,2025-26
2025-12-23,22025,ORL,1544.8561259435105,0,2025-26
2025-12-26,22025,ORL,1550.5314242313557,1,2025-26
2025-12-27,22025,ORL,1525.944595655196,1,2025-26
2025-12-29,22025,ORL,1530.88226124802,0,2025-26
2025-12-31,22025,ORL,1526.8088168911988,0,2025-26
2026-01-02,22025,ORL,1529.561648251203,0,2025-26
2026-01-04,22025,ORL,1519.6920352929187,1,2025-26
2026-01-06,22025,ORL,1522.8435326002648,0,2025-26
2026-01-07,22025,ORL,1508.9758466787164,0,2025-26
2026-01-09,22025,ORL,1512.377111891589,1,2025-26
2026-01-11,22025,ORL,1497.4837041945311,1,2025-26
2026-01-15,22025,ORL,1501.7566470603952,1,2025-26
2026-01-18,22025,ORL,1508.0642082081583,0,2025-26
2026-01-22,22025,ORL,1494.1922941382927,1,2025-26
2026-01-24,22025,ORL,1471.3985211942909,1,2025-26
2026-01-26,22025,ORL,1460.1274079941668,0,2025-26
2026-01-28,22025,ORL,1452.9327188758302,0,2025-26
2026-01-30,22025,ORL,1467.2575520675846,1,2025-26
2026-02-01,22025,ORL,1477.5113625742165,0,2025-26
2026-02-03,22025,ORL,1472.6789640544089,0,2025-26
2026-02-05,22025,ORL,1465.5111591550258,1,2025-26
2026-02-07,22025,ORL,1473.057788010267,1,2025-26
2026-02-09,22025,ORL,1475.4595222536748,1,2025-26
2026-02-11,22025,ORL,1486.0466844700582,1,2025-26
2026-02-19,22025,ORL,1472.6623902428555,0,2025-26
2026-02-21,22025,ORL,1488.5302229263657,0,2025-26
2026-02-22,22025,ORL,1484.7266075162065,0,2025-26
2026-02-24,22025,ORL,1491.728671323796,0,2025-26
2026-02-26,22025,ORL,1496.8065119738542,1,2025-26
2026-03-01,22025,ORL,1490.9699452495615,1,2025-26
2026-03-03,22025,ORL,1483.477330716723,1,2025-26
2026-03-05,22025,ORL,1488.5328302269309,1,2025-26
2026-03-07,22025,ORL,1490.5571174724794,0,2025-26
2026-03-08,22025,ORL,1522.602882830611,0,2025-26
2026-03-11,22025,ORL,1544.438964361709,1,2025-26
2026-03-12,22025,ORL,1553.2218287279916,1,2025-26
2026-03-14,22025,ORL,1554.6502243627122,0,2025-26
2026-03-16,22025,ORL,1562.8055147544896,0,2025-26
2026-03-17,22025,ORL,1552.4373174677737,1,2025-26
2026-03-19,22025,ORL,1547.7300934560012,0,2025-26
2026-03-21,22025,ORL,1538.6008504593524,1,2025-26
2026-03-23,22025,ORL,1534.7229697305872,1,2025-26
2026-03-24,22025,ORL,1523.6569476922737,0,2025-26
2026-03-26,22025,ORL,1519.845100374982,1,2025-26
2026-03-29,22025,ORL,1521.9536796565465,0,2025-26
2026-03-31,22025,ORL,1494.5805719040466,1,2025-26
2026-04-01,22025,ORL,1500.7299357280049,1,2025-26
2026-04-03,22025,ORL,1481.612449001468,0,2025-26
2026-04-05,22025,ORL,1489.1513729892963,0,2025-26
2026-04-06,22025,ORL,1494.8118803333296,1,2025-26
2026-04-08,22025,ORL,1516.6625386959724,1,2025-26
2026-04-10,22025,ORL,1527.303093932274,0,2025-26
2026-04-12,22025,ORL,1539.14102073513,0,2025-26
2020-12-23,22020,PHI,1500.0,1,2020-21
2020-12-26,22020,PHI,1506.372613900132,0,2020-21
2020-12-27,22020,PHI,1524.792035360262,0,2020-21
2020-12-29,22020,PHI,1509.014987362216,1,2020-21
2020-12-31,22020,PHI,1515.146704622096,0,2020-21
2021-01-02,22020,PHI,1539.0862087204089,1,2020-21
2021-01-04,22020,PHI,1548.293191457787,1,2020-21
2021-01-06,22020,PHI,1557.521967171154,1,2020-21
2021-01-07,22020,PHI,1561.7094259757523,0,2020-21
2021-01-09,22020,PHI,1550.2034288854416,1,2020-21
2021-01-11,22020,PHI,1533.4533524415267,0,2020-21
2021-01-12,22020,PHI,1519.6376887071794,1,2020-21
2021-01-14,22020,PHI,1523.7314588385443,1,2020-21
2021-01-16,22020,PHI,1534.086191190921,0,2020-21
2021-01-20,22020,PHI,1529.493428308028,1,2020-21
2021-01-22,22020,PHI,1536.2327033586791,1,2020-21
2021-01-23,22020,PHI,1544.3840362088054,0,2020-21
2021-01-25,22020,PHI,1549.587265042837,0,2020-21
2021-01-27,22020,PHI,1532.9828524502195,1,2020-21
2021-01-29,22020,PHI,1537.5221991576475,0,2020-21
2021-01-31,22020,PHI,1550.1973509750674,0,2020-21
2021-02-03,22020,PHI,1560.8523296752592,0,2020-21
2021-02-04,22020,PHI,1568.846661846339,1,2020-21
2021-02-06,22020,PHI,1547.348575884528,1,2020-21
2021-02-09,22020,PHI,1558.5818621143023,0,2020-21
2021-02-11,22020,PHI,1566.4432391447483,0,2020-21
2021-02-13,22020,PHI,1559.780721900675,0,2020-21
2021-02-15,22020,PHI,1550.976867782798,0,2020-21
2021-02-17,22020,PHI,1545.331563701552,1,2020-21
2021-02-19,22020,PHI,1549.2449395319122,1,2020-21
2021-02-21,22020,PHI,1554.687282029454,0,2020-21
2021-02-23,22020,PHI,1547.702534142667,0,2020-21
2021-02-25,22020,PHI,1558.1219383486805,1,2020-21
2021-02-27,22020,PHI,1565.869693213215,1,2020-21
2021-03-01,22020,PHI,1554.8160291541976,1,2020-21
2021-03-03,22020,PHI,1563.907043742848,1,2020-21
2021-03-11,22020,PHI,1574.8479638501597,0,2020-21
2021-03-12,22020,PHI,1591.0622287209055,0,2020-21
2021-03-14,22020,PHI,1604.1025318681045,1,2020-21
2021-03-16,22020,PHI,1617.1222763858475,1,2020-21
2021-03-17,22020,PHI,1619.907507752343,1,2020-21
2021-03-20,22020,PHI,1611.5572721718502,1,2020-21
2021-03-21,22020,PHI,1617.930905203126,0,2020-21
2021-03-23,22020,PHI,1621.0687105169736,0,2020-21
2021-03-25,22020,PHI,1629.1920770237218,0,2020-21
2021-03-27,22020,PHI,1637.8677272443767,0,2020-21
2021-03-30,22020,PHI,1628.211390085791,0,2020-21
2021-04-01,22020,PHI,1619.1316963960903,0,2020-21
2021-04-03,22020,PHI,1626.1311930427105,1,2020-21
2021-04-04,22020,PHI,1628.0523878580868,1,2020-21
2021-04-06,22020,PHI,1604.964780230006,0,2020-21
2021-04-09,22020,PHI,1613.9400118843073,0,2020-21
2021-04-10,22020,PHI,1602.40770018471,0,2020-21
2021-04-12,22020,PHI,1609.2912761276752,0,2020-21
2021-04-14,22020,PHI,1625.5262188729382,1,2020-21
2021-04-16,22020,PHI,1630.9751368158602,1,2020-21
2021-04-19,22020,PHI,1635.84983899176,1,2020-21
2021-04-21,22020,PHI,1615.8340941584586,1,2020-21
2021-04-22,22020,PHI,1609.2951658599256,0,2020-21
2021-04-24,22020,PHI,1601.6881121590086,0,2020-21
2021-04-26,22020,PHI,1579.5361085807092,1,2020-21
2021-04-28,22020,PHI,1583.6457319623944,1,2020-21
2021-04-30,22020,PHI,1604.8807415416868,1,2020-21
2021-05-02,22020,PHI,1615.501498529548,0,2020-21
2021-05-03,22020,PHI,1619.0977501352954,0,2020-21
2021-05-05,22020,PHI,1626.0692094884737,0,2020-21
2021-05-07,22020,PHI,1630.489118214103,1,2020-21
2021-05-08,22020,PHI,1632.6876791228335,1,2020-21
2021-05-11,22020,PHI,1636.134280156691,0,2020-21
2021-05-13,22020,PHI,1621.901972797013,0,2020-21
2021-05-14,22020,PHI,1608.8003875569773,1,2020-21
2021-05-16,22020,PHI,1611.9052112539646,1,2020-21
2021-10-20,22021,PHI,1568.175379658568,0,2021-22
2021-10-22,22021,PHI,1582.520085371893,1,2021-22
2021-10-24,22021,PHI,1573.1732240589736,0,2021-22
2021-10-26,22021,PHI,1578.120820507651,0,2021-22
2021-10-28,22021,PHI,1567.0938195511146,1,2021-22
2021-10-30,22021,PHI,1570.435247207731,1,2021-22
2021-11-01,22021,PHI,1586.055860767965,1,2021-22
2021-11-03,22021,PHI,1593.845125538469,1,2021-22
2021-11-04,22021,PHI,1598.558785483924,0,2021-22
2021-11-06,22021,PHI,1603.729915868044,0,2021-22
2021-11-08,22021,PHI,1612.9858994079912,1,2021-22
2021-11-09,22021,PHI,1600.435256796758,1,2021-22
2021-11-11,22021,PHI,1585.7893878823363,1,2021-22
2021-11-13,22021,PHI,1573.2129798850217,0,2021-22
2021-11-16,22021,PHI,1565.6324061600533,0,2021-22
2021-11-18,22021,PHI,1547.6932427810823,0,2021-22
2021-11-20,22021,PHI,1565.1249107324927,0,2021-22
2021-11-22,22021,PHI,1557.699015872084,0,2021-22
2021-11-24,22021,PHI,1564.5006005797436,0,2021-22
2021-11-27,22021,PHI,1554.4633863291976,1,2021-22
2021-11-29,22021,PHI,1548.6834543145435,1,2021-22
2021-12-01,22021,PHI,1550.6022705776195,0,2021-22
2021-12-03,22021,PHI,1546.735954562073,0,2021-22
2021-12-06,22021,PHI,1552.7659236574514,0,2021-22
2021-12-08,22021,PHI,1558.3720087484733,0,2021-22
2021-12-09,22021,PHI,1564.4551184997529,1,2021-22
2021-12-11,22021,PHI,1549.3566841036657,1,2021-22
2021-12-13,22021,PHI,1561.4603760644968,0,2021-22
2021-12-15,22021,PHI,1537.3673534205134,1,2021-22
2021-12-16,22021,PHI,1528.992627922151,0,2021-22
2021-12-20,22021,PHI,1522.7455821800072,0,2021-22
2021-12-23,22021,PHI,1531.2343840660249,1,2021-22
2021-12-26,22021,PHI,1524.9488446238154,0,2021-22
2021-12-28,22021,PHI,1541.867050127611,0,2021-22
2021-12-30,22021,PHI,1548.911119841628,0,2021-22
2022-01-03,22021,PHI,1561.296050723383,1,2021-22
2022-01-05,22021,PHI,1565.6614324637678,0,2021-22
2022-01-07,22021,PHI,1569.8717784831586,1,2021-22
2022-01-10,22021,PHI,1579.3884203142693,0,2021-22
2022-01-12,22021,PHI,1585.7333751260994,1,2021-22
2022-01-14,22021,PHI,1569.2255817915784,1,2021-22
2022-01-15,22021,PHI,1577.9951587964374,0,2021-22
2022-01-17,22021,PHI,1592.207767706124,0,2021-22
2022-01-19,22021,PHI,1571.2904137139017,1,2021-22
2022-01-21,22021,PHI,1573.9828030515253,1,2021-22
2022-01-23,22021,PHI,1567.2776141389336,0,2021-22
2022-01-25,22021,PHI,1573.2963794008,1,2021-22
2022-01-27,22021,PHI,1578.8425852324851,1,2021-22
2022-01-29,22021,PHI,1586.8371441287795,1,2021-22
2022-01-31,22021,PHI,1588.1135360577402,1,2021-22
2022-02-02,22021,PHI,1593.090223198347,1,2021-22
2022-02-04,22021,PHI,1582.686333376305,0,2021-22
2022-02-06,22021,PHI,1574.3125577266164,0,2021-22
2022-02-08,22021,PHI,1584.8590601881974,1,2021-22
2022-02-11,22021,PHI,1579.229694848955,1,2021-22
2022-02-12,22021,PHI,1582.7249108856993,1,2021-22
2022-02-15,22021,PHI,1591.3405425053195,1,2021-22
2022-02-17,22021,PHI,1558.1877080563015,0,2021-22
2022-02-25,22021,PHI,1564.7910833657136,0,2021-22
2022-02-27,22021,PHI,1590.1481096583711,0,2021-22
2022-03-02,22021,PHI,1598.8682261160036,1,2021-22
2022-03-04,22021,PHI,1603.5610521829772,1,2021-22
2022-03-05,22021,PHI,1608.0644002523636,0,2021-22
2022-03-07,22021,PHI,1596.909837570666,1,2021-22
2022-03-10,22021,PHI,1604.609592074388,1,2021-22
2022-03-13,22021,PHI,1564.1509887922275,0,2021-22
2022-03-14,22021,PHI,1566.9150910824264,1,2021-22
2022-03-16,22021,PHI,1559.3309287220443,0,2021-22
2022-03-18,22021,PHI,1565.963373406125,1,2021-22
2022-03-20,22021,PHI,1575.859337920372,1,2021-22
2022-03-21,22021,PHI,1566.8776846970436,1,2021-22
2022-03-23,22021,PHI,1575.3472003557044,0,2021-22
2022-03-25,22021,PHI,1580.1028246586498,0,2021-22
2022-03-27,22021,PHI,1594.361786277406,0,2021-22
2022-03-29,22021,PHI,1589.4145966791093,1,2021-22
2022-03-31,22021,PHI,1583.5929402403842,0,2021-22
2022-04-02,22021,PHI,1568.094832059384,1,2021-22
2022-04-03,22021,PHI,1584.4866205486435,0,2021-22
2022-04-05,22021,PHI,1589.8872871259175,0,2021-22
2022-04-07,22021,PHI,1594.6818629750362,0,2021-22
2022-04-09,22021,PHI,1588.9218755113206,1,2021-22
2022-04-10,22021,PHI,1592.4585048339572,1,2021-22
2022-10-18,22022,PHI,1557.4423673144756,0,2022-23
2022-10-20,22022,PHI,1551.524572651363,1,2022-23
2022-10-22,22022,PHI,1545.5143306496807,1,2022-23
2022-10-24,22022,PHI,1531.1305375606985,1,2022-23
2022-10-26,22022,PHI,1537.3383210995587,0,2022-23
2022-10-28,22022,PHI,1529.4476315336078,0,2022-23
2022-10-29,22022,PHI,1552.7611332045592,0,2022-23
2022-10-31,22022,PHI,1559.3112773903572,0,2022-23
2022-11-02,22022,PHI,1565.9169807350802,1,2022-23
2022-11-04,22022,PHI,1548.2388723297186,1,2022-23
2022-11-07,22022,PHI,1541.524495821475,1,2022-23
2022-11-10,22022,PHI,1554.63995186825,0,2022-23
2022-11-12,22022,PHI,1546.3670441107931,1,2022-23
2022-11-13,22022,PHI,1556.3061539525725,1,2022-23
2022-11-18,22022,PHI,1563.9136325978045,1,2022-23
2022-11-19,22022,PHI,1571.2316156160211,1,2022-23
2022-11-22,22022,PHI,1563.175964981571,1,2022-23
2022-11-23,22022,PHI,1569.6275326684238,0,2022-23
2022-11-25,22022,PHI,1559.0352118289095,0,2022-23
2022-11-27,22022,PHI,1564.559641837481,0,2022-23
2022-11-28,22022,PHI,1577.20388509454,1,2022-23
2022-11-30,22022,PHI,1580.8627048440032,0,2022-23
2022-12-02,22022,PHI,1561.6121370394983,0,2022-23
2022-12-05,22022,PHI,1554.0139238165743,0,2022-23
2022-12-09,22022,PHI,1539.077504051079,1,2022-23
2022-12-11,22022,PHI,1545.681724624989,1,2022-23
2022-12-13,22022,PHI,1552.3942564980632,1,2022-23
2022-12-16,22022,PHI,1564.449364977748,1,2022-23
2022-12-19,22022,PHI,1573.029504248362,1,2022-23
2022-12-21,22022,PHI,1576.095354344439,1,2022-23
2022-12-23,22022,PHI,1581.1970242247469,1,2022-23
2022-12-25,22022,PHI,1585.406108277974,0,2022-23
2022-12-27,22022,PHI,1594.6983662511082,0,2022-23
2022-12-30,22022,PHI,1584.6258755801837,0,2022-23
2022-12-31,22022,PHI,1575.5050702270237,0,2022-23
2023-01-02,22022,PHI,1586.6259335879258,1,2022-23
2023-01-04,22022,PHI,1594.475688522262,1,2022-23
2023-01-06,22022,PHI,1597.4288153519856,1,2022-23
2023-01-08,22022,PHI,1576.216570543657,0,2022-23
2023-01-10,22022,PHI,1582.1539854151536,1,2022-23
2023-01-12,22022,PHI,1588.5914263551197,1,2022-23
2023-01-14,22022,PHI,1562.4819576711045,0,2022-23
2023-01-15,22022,PHI,1566.3577938200965,0,2022-23
2023-01-17,22022,PHI,1569.948697595644,0,2022-23
2023-01-19,22022,PHI,1578.883893444359,0,2022-23
2023-01-21,22022,PHI,1586.840637722932,0,2022-23
2023-01-25,22022,PHI,1591.6062760428383,1,2022-23
2023-01-28,22022,PHI,1596.557800960847,1,2022-23
2023-01-30,22022,PHI,1604.0124875759975,1,2022-23
2023-02-01,22022,PHI,1584.0524997524935,1,2022-23
2023-02-03,22022,PHI,1588.9185679189409,0,2022-23
2023-02-05,22022,PHI,1593.069958193452,0,2022-23
2023-02-08,22022,PHI,1580.9185945497552,0,2022-23
2023-02-10,22022,PHI,1575.021748156162,1,2022-23
2023-02-11,22022,PHI,1582.6436698737168,0,2022-23
2023-02-13,22022,PHI,1588.4247297259187,1,2022-23
2023-02-15,22022,PHI,1591.5440603790655,1,2022-23
2023-02-23,22022,PHI,1598.673227743064,1,2022-23
2023-02-25,22022,PHI,1603.939198052679,1,2022-23
2023-02-27,22022,PHI,1597.9257778648644,1,2022-23
2023-03-01,22022,PHI,1590.4668681595094,0,2022-23
2023-03-02,22022,PHI,1607.1044866331597,0,2022-23
2023-03-04,22022,PHI,1596.7650672982063,0,2022-23
2023-03-06,22022,PHI,1604.563439633398,0,2022-23
2023-03-07,22022,PHI,1608.1998778270447,0,2022-23
2023-03-10,22022,PHI,1624.281370559666,1,2022-23
2023-03-12,22022,PHI,1625.571318561825,1,2022-23
2023-03-15,22022,PHI,1632.718353727662,0,2022-23
2023-03-17,22022,PHI,1643.5258357187486,0,2022-23
2023-03-18,22022,PHI,1654.413322694227,0,2022-23
2023-03-20,22022,PHI,1662.470282411594,1,2022-23
2023-03-22,22022,PHI,1651.554483088014,0,2022-23
2023-03-24,22022,PHI,1666.813693401654,0,2022-23
2023-03-25,22022,PHI,1654.667633832334,0,2022-23
2023-03-27,22022,PHI,1633.346772762218,0,2022-23
2023-03-29,22022,PHI,1626.7466634986872,1,2022-23
2023-03-31,22022,PHI,1630.5585293979393,1,2022-23
2023-04-02,22022,PHI,1635.321524570665,0,2022-23
2023-04-04,22022,PHI,1623.849281681548,1,2022-23
2023-04-06,22022,PHI,1628.3145040981651,1,2022-23
2023-04-07,22022,PHI,1592.270246059643,0,2022-23
2023-04-09,22022,PHI,1598.8201904130542,0,2022-23
2023-10-26,22023,PHI,1571.1428432172654,0,2023-24
2023-10-28,22023,PHI,1567.5709264767745,0,2023-24
2023-10-29,22023,PHI,1576.6378663798143,1,2023-24
2023-11-02,22023,PHI,1583.4960740332756,1,2023-24
2023-11-04,22023,PHI,1592.2300186184525,1,2023-24
2023-11-06,22023,PHI,1599.3641250537007,1,2023-24
2023-11-08,22023,PHI,1605.2288217638743,1,2023-24
2023-11-10,22023,PHI,1610.367391807629,0,2023-24
2023-11-12,22023,PHI,1614.1277713150423,1,2023-24
2023-11-14,22023,PHI,1619.184068637417,1,2023-24
2023-11-15,22023,PHI,1605.5381816111874,1,2023-24
2023-11-17,22023,PHI,1595.0243019241937,0,2023-24
2023-11-19,22023,PHI,1604.812531059491,0,2023-24
2023-11-21,22023,PHI,1619.8963625641347,1,2023-24
2023-11-22,22023,PHI,1611.629097651709,0,2023-24
2023-11-25,22023,PHI,1600.314120679551,0,2023-24
2023-11-27,22023,PHI,1607.5119214124938,1,2023-24
2023-11-29,22023,PHI,1624.4938489178885,0,2023-24
2023-12-01,22023,PHI,1612.0255615772708,0,2023-24
2023-12-06,22023,PHI,1606.6588584420988,0,2023-24
2023-12-08,22023,PHI,1609.9279448933885,1,2023-24
2023-12-11,22023,PHI,1615.5055314269966,1,2023-24
2023-12-13,22023,PHI,1622.8172014658614,0,2023-24
2023-12-15,22023,PHI,1626.572435547629,1,2023-24
2023-12-16,22023,PHI,1629.6336681790929,0,2023-24
2023-12-18,22023,PHI,1642.5231695244447,1,2023-24
2023-12-20,22023,PHI,1630.3672677098536,1,2023-24
2023-12-22,22023,PHI,1640.771606858576,1,2023-24
2023-12-25,22023,PHI,1644.5265585103111,0,2023-24
2023-12-27,22023,PHI,1635.1482656826015,0,2023-24
2023-12-29,22023,PHI,1648.4133884762286,0,2023-24
2023-12-30,22023,PHI,1652.437039496553,0,2023-24
2024-01-02,22023,PHI,1633.8292328095197,1,2023-24
2024-01-05,22023,PHI,1639.0709067465532,1,2023-24
2024-01-06,22023,PHI,1601.3298106727257,1,2023-24
2024-01-10,22023,PHI,1581.8262034076424,0,2023-24
2024-01-12,22023,PHI,1571.2176155892475,1,2023-24
2024-01-15,22023,PHI,1581.7568550874698,1,2023-24
2024-01-16,22023,PHI,1586.6740004945286,1,2023-24
2024-01-19,22023,PHI,1592.7350105345338,0,2023-24
2024-01-20,22023,PHI,1604.3247368281202,0,2023-24
2024-01-22,22023,PHI,1607.0215819983314,1,2023-24
2024-01-25,22023,PHI,1609.0412656940737,0,2023-24
2024-01-27,22023,PHI,1596.0129163548988,0,2023-24
2024-01-29,22023,PHI,1589.45524225292,0,2023-24
2024-01-30,22023,PHI,1552.2098180308335,0,2023-24
2024-02-01,22023,PHI,1539.3775884697516,0,2023-24
2024-02-03,22023,PHI,1545.3763561686053,1,2023-24
2024-02-05,22023,PHI,1524.7816485943026,1,2023-24
2024-02-07,22023,PHI,1503.5616530091766,1,2023-24
2024-02-09,22023,PHI,1482.3934321552158,1,2023-24
2024-02-10,22023,PHI,1471.8302021034383,0,2023-24
2024-02-12,22023,PHI,1476.7310586392732,0,2023-24
2024-02-14,22023,PHI,1486.435365507955,1,2023-24
2024-02-22,22023,PHI,1479.0647876083651,1,2023-24
2024-02-23,22023,PHI,1468.2454774266332,1,2023-24
2024-02-25,22023,PHI,1481.087096256523,1,2023-24
2024-02-27,22023,PHI,1465.0728678572482,0,2023-24
2024-03-01,22023,PHI,1461.4086031989116,1,2023-24
2024-03-03,22023,PHI,1465.0880558872095,0,2023-24
2024-03-05,22023,PHI,1474.450058196692,0,2023-24
2024-03-06,22023,PHI,1467.9083487977991,1,2023-24
2024-03-08,22023,PHI,1455.036624094273,1,2023-24
2024-03-10,22023,PHI,1449.2663566221283,0,2023-24
2024-03-12,22023,PHI,1461.618945540938,0,2023-24
2024-03-14,22023,PHI,1449.556467845522,0,2023-24
2024-03-16,22023,PHI,1444.5448437032212,1,2023-24
2024-03-18,22023,PHI,1449.537199555498,1,2023-24
2024-03-20,22023,PHI,1459.2183723513438,0,2023-24
2024-03-22,22023,PHI,1452.9311860655148,0,2023-24
2024-03-24,22023,PHI,1448.0095239772534,0,2023-24
2024-03-25,22023,PHI,1469.7872302833775,0,2023-24
2024-03-27,22023,PHI,1463.2185633213285,1,2023-24
2024-03-29,22023,PHI,1459.451550399974,0,2023-24
2024-03-31,22023,PHI,1456.1606818545197,0,2023-24
2024-04-02,22023,PHI,1465.576226781357,1,2023-24
2024-04-04,22023,PHI,1474.5937380385096,0,2023-24
2024-04-06,22023,PHI,1484.1103172751616,0,2023-24
2024-04-07,22023,PHI,1496.3947593598516,0,2023-24
2024-04-09,22023,PHI,1502.9840100547226,1,2023-24
2024-04-12,22023,PHI,1507.3478678998529,1,2023-24
2024-04-14,22023,PHI,1517.3680681814346,1,2023-24
2024-10-23,22024,PHI,1515.9187009153925,1,2024-25
2024-10-25,22024,PHI,1499.8278875154604,0,2024-25
2024-10-27,22024,PHI,1487.7880503412343,0,2024-25
2024-10-30,22024,PHI,1496.7100142138945,1,2024-25
2024-11-02,22024,PHI,1478.6850488408716,1,2024-25
2024-11-04,22024,PHI,1457.3582349313597,0,2024-25
2024-11-06,22024,PHI,1455.2553451288936,0,2024-25
2024-11-08,22024,PHI,1447.9617446899365,0,2024-25
2024-11-10,22024,PHI,1441.5212676988117,1,2024-25
2024-11-12,22024,PHI,1445.0256345151242,1,2024-25
2024-11-13,22024,PHI,1435.980464095874,1,2024-25
2024-11-15,22024,PHI,1430.4552391617551,0,2024-25
2024-11-18,22024,PHI,1424.3114310269598,0,2024-25
2024-11-20,22024,PHI,1416.2444472886116,0,2024-25
2024-11-22,22024,PHI,1411.472775293371,1,2024-25
2024-11-24,22024,PHI,1423.6922813485985,1,2024-25
2024-11-27,22024,PHI,1409.038323918852,1,2024-25
2024-11-30,22024,PHI,1403.9985248862774,0,2024-25
2024-12-03,22024,PHI,1421.3030013211437,0,2024-25
2024-12-04,22024,PHI,1429.1967236943842,1,2024-25
2024-12-06,22024,PHI,1424.90633211274,1,2024-25
2024-12-08,22024,PHI,1437.7104185052776,0,2024-25
2024-12-13,22024,PHI,1449.270974383771,1,2024-25
2024-12-16,22024,PHI,1433.5817356929203,0,2024-25
2024-12-20,22024,PHI,1444.8315854211826,1,2024-25
2024-12-21,22024,PHI,1450.1746372549335,0,2024-25
2024-12-23,22024,PHI,1442.8212943999251,1,2024-25
2024-12-25,22024,PHI,1448.9313666323476,0,2024-25
2024-12-28,22024,PHI,1462.3155829583598,0,2024-25
2024-12-30,22024,PHI,1467.279672291358,0,2024-25
2025-01-01,22024,PHI,1481.1824029230809,0,2024-25
2025-01-02,22024,PHI,1474.8366924507304,0,2024-25
2025-01-04,22024,PHI,1458.364650862715,0,2024-25
2025-01-06,22024,PHI,1478.7818625829957,1,2024-25
2025-01-08,22024,PHI,1466.414570792313,1,2024-25
2025-01-10,22024,PHI,1469.014262413397,1,2024-25
2025-01-12,22024,PHI,1453.0627103316135,0,2024-25
2025-01-14,22024,PHI,1448.5049078966467,1,2024-25
2025-01-15,22024,PHI,1444.0678468837457,1,2024-25
2025-01-18,22024,PHI,1438.9530228082865,0,2024-25
2025-01-19,22024,PHI,1433.7440927610307,0,2024-25
2025-01-21,22024,PHI,1427.5217577539895,0,2024-25
2025-01-24,22024,PHI,1419.5288796463456,1,2024-25
2025-01-25,22024,PHI,1429.7759146325816,0,2024-25
2025-01-28,22024,PHI,1443.0542033064155,1,2024-25
2025-01-29,22024,PHI,1457.6782524171856,1,2024-25
2025-01-31,22024,PHI,1472.0495475232924,1,2024-25
2025-02-02,22024,PHI,1467.8066430552706,1,2024-25
2025-02-04,22024,PHI,1462.323670031207,1,2024-25
2025-02-05,22024,PHI,1467.1668497223668,1,2024-25
2025-02-07,22024,PHI,1457.28122650265,0,2024-25
2025-02-09,22024,PHI,1448.3752595976334,0,2024-25
2025-02-11,22024,PHI,1442.587329460445,1,2024-25
2025-02-12,22024,PHI,1435.0284555321673,0,2024-25
2025-02-20,22024,PHI,1428.5491471471323,1,2024-25
2025-02-22,22024,PHI,1421.668331561776,1,2024-25
2025-02-24,22024,PHI,1415.1337937353571,1,2024-25
2025-02-26,22024,PHI,1383.7276008910255,0,2024-25
2025-03-01,22024,PHI,1381.5810219623406,1,2024-25
2025-03-03,22024,PHI,1394.1536556557326,1,2024-25
2025-03-04,22024,PHI,1381.705330897935,0,2024-25
2025-03-06,22024,PHI,1378.084522411841,0,2024-25
2025-03-09,22024,PHI,1375.206814242255,1,2024-25
2025-03-10,22024,PHI,1379.8407813641088,0,2024-25
2025-03-12,22024,PHI,1374.0336361969046,0,2024-25
2025-03-14,22024,PHI,1365.3044178701894,1,2024-25
2025-03-16,22024,PHI,1358.5440760513277,0,2024-25
2025-03-17,22024,PHI,1369.048504092012,0,2024-25
2025-03-19,22024,PHI,1366.4004490467998,0,2024-25
2025-03-21,22024,PHI,1364.045905115726,0,2024-25
2025-03-23,22024,PHI,1358.371020335035,0,2024-25
2025-03-24,22024,PHI,1352.079722476704,0,2024-25
2025-03-26,22024,PHI,1341.644937045185,1,2024-25
2025-03-29,22024,PHI,1331.080326472812,1,2024-25
2025-03-30,22024,PHI,1317.1786573495256,1,2024-25
2025-04-01,22024,PHI,1304.2504602509443,0,2024-25
2025-04-03,22024,PHI,1301.3264620231475,1,2024-25
2025-04-05,22024,PHI,1295.9742968001904,1,2024-25
2025-04-07,22024,PHI,1294.2113447624884,0,2024-25
2025-04-09,22024,PHI,1290.543778971703,0,2024-25
2025-04-11,22024,PHI,1306.9949115385743,1,2024-25
2025-04-13,22024,PHI,1298.7041196377645,1,2024-25
2025-10-22,22025,PHI,1374.7313795251564,0,2025-26
2025-10-25,22025,PHI,1383.4176730186082,1,2025-26
2025-10-27,22025,PHI,1388.1514765741365,1,2025-26
2025-10-28,22025,PHI,1402.3783018744537,0,2025-26
2025-10-31,22025,PHI,1408.9206662256329,1,2025-26
2025-11-02,22025,PHI,1406.7428456903267,0,2025-26
2025-11-04,22025,PHI,1424.2852179155811,0,2025-26
2025-11-05,22025,PHI,1422.025078498882,0,2025-26
2025-11-08,22025,PHI,1417.8591113726486,1,2025-26
2025-11-09,22025,PHI,1429.3732899514075,1,2025-26
2025-11-11,22025,PHI,1425.3559188800666,1,2025-26
2025-11-14,22025,PHI,1431.9022616293848,0,2025-26
2025-11-17,22025,PHI,1427.7239183731351,1,2025-26
2025-11-19,22025,PHI,1433.047633616838,1,2025-26
2025-11-20,22025,PHI,1424.8521070040904,0,2025-26
2025-11-23,22025,PHI,1439.883404601238,1,2025-26
2025-11-25,22025,PHI,1432.3302841112095,1,2025-26
2025-11-28,22025,PHI,1410.970981060935,0,2025-26
2025-11-30,22025,PHI,1421.6403886357296,1,2025-26
2025-12-02,22025,PHI,1413.9735858010306,1,2025-26
2025-12-04,22025,PHI,1421.2183639438333,1,2025-26
2025-12-05,22025,PHI,1426.3446201896263,0,2025-26
2025-12-07,22025,PHI,1444.785576231349,1,2025-26
2025-12-12,22025,PHI,1440.1105111917698,1,2025-26
2025-12-14,22025,PHI,1448.322437241159,0,2025-26
2025-12-19,22025,PHI,1444.4133714554914,0,2025-26
2025-12-20,22025,PHI,1463.1688273978657,1,2025-26
2025-12-23,22025,PHI,1469.7113744631038,1,2025-26
2025-12-26,22025,PHI,1455.987128232845,0,2025-26
2025-12-28,22025,PHI,1448.8333624780687,0,2025-26
2025-12-30,22025,PHI,1444.4543986853128,0,2025-26
2026-01-01,22025,PHI,1452.5254168812469,0,2025-26
2026-01-03,22025,PHI,1467.0667957897288,0,2025-26
2026-01-05,22025,PHI,1485.4156679559376,1,2025-26
2026-01-07,22025,PHI,1482.0541531979284,1,2025-26
2026-01-09,22025,PHI,1489.8801652657835,0,2025-26
2026-01-11,22025,PHI,1504.7735729628414,0,2025-26
2026-01-12,22025,PHI,1501.4048605350176,0,2025-26
2026-01-14,22025,PHI,1516.1831704203596,1,2025-26
2026-01-16,22025,PHI,1494.0319665707834,1,2025-26
2026-01-19,22025,PHI,1489.4034921779598,1,2025-26
2026-01-20,22025,PHI,1493.9945487844846,1,2025-26
2026-01-22,22025,PHI,1487.380212333327,1,2025-26
2026-01-24,22025,PHI,1496.683700936061,1,2025-26
2026-01-26,22025,PHI,1490.5216300900672,0,2025-26
2026-01-27,22025,PHI,1473.142126578391,1,2025-26
2026-01-29,22025,PHI,1483.331520898347,1,2025-26
2026-01-31,22025,PHI,1485.6236374648304,1,2025-26
2026-02-02,22025,PHI,1490.8890420044593,0,2025-26
2026-02-03,22025,PHI,1511.1093457834686,0,2025-26
2026-02-05,22025,PHI,1532.8871255772096,0,2025-26
2026-02-07,22025,PHI,1527.3791669590946,0,2025-26
2026-02-09,22025,PHI,1537.7694084389632,0,2025-26
2026-02-11,22025,PHI,1522.7460734105728,1,2025-26
2026-02-19,22025,PHI,1492.840338253529,1,2025-26
2026-02-21,22025,PHI,1479.9484355704865,0,2025-26
2026-02-22,22025,PHI,1463.2622934094577,0,2025-26
2026-02-24,22025,PHI,1497.5287570926198,0,2025-26
2026-02-26,22025,PHI,1508.76210148331,1,2025-26
2026-03-01,22025,PHI,1516.412894486173,0,2025-26
2026-03-03,22025,PHI,1509.961847747829,1,2025-26
2026-03-04,22025,PHI,1491.9764934900195,1,2025-26
2026-03-07,22025,PHI,1494.2451523540772,0,2025-26
2026-03-09,22025,PHI,1487.059369771537,0,2025-26
2026-03-10,22025,PHI,1481.390917738149,1,2025-26
2026-03-12,22025,PHI,1487.3256430265262,0,2025-26
2026-03-14,22025,PHI,1480.2976200092298,1,2025-26
2026-03-15,22025,PHI,1483.568661358516,1,2025-26
2026-03-17,22025,PHI,1489.6347454137908,0,2025-26
2026-03-19,22025,PHI,1478.2093783689934,0,2025-26
2026-03-21,22025,PHI,1490.1173110229606,0,2025-26
2026-03-23,22025,PHI,1496.714377366107,1,2025-26
2026-03-25,22025,PHI,1488.673511723104,1,2025-26
2026-03-28,22025,PHI,1497.449256575469,0,2025-26
2026-03-30,22025,PHI,1509.144100830118,0,2025-26
2026-04-01,22025,PHI,1500.824078787078,0,2025-26
2026-04-03,22025,PHI,1508.6536793085177,1,2025-26
2026-04-04,22025,PHI,1520.2078954463675,1,2025-26
2026-04-06,22025,PHI,1508.273500858502,0,2025-26
2026-04-09,22025,PHI,1505.0491296373334,0,2025-26
2026-04-10,22025,PHI,1499.2514644639691,0,2025-26
2026-04-12,22025,PHI,1506.298323175411,1,2025-26
2020-12-23,22020,PHX,1500.0,1,2020-21
2020-12-26,22020,PHX,1505.2119714847972,0,2020-21
2020-12-27,22020,PHX,1500.6147947816378,0,2020-21
2020-12-29,22020,PHX,1517.8926201889087,1,2020-21
2020-12-31,22020,PHX,1533.139784753993,0,2020-21
2021-01-01,22020,PHX,1545.4956698794858,0,2020-21
2021-01-03,22020,PHX,1550.825141684456,1,2020-21
2021-01-06,22020,PHX,1541.1191018836832,1,2020-21
2021-01-08,22020,PHX,1546.604174328333,0,2020-21
2021-01-09,22020,PHX,1538.2744062990791,0,2020-21
2021-01-11,22020,PHX,1549.0246031928257,0,2020-21
2021-01-18,22020,PHX,1529.848767618065,0,2020-21
2021-01-20,22020,PHX,1524.0365423125006,0,2020-21
2021-01-22,22020,PHX,1531.6298390900415,1,2020-21
2021-01-23,22020,PHX,1524.0989921669616,1,2020-21
2021-01-27,22020,PHX,1513.820541425339,1,2020-21
2021-01-28,22020,PHX,1503.8174859652945,1,2020-21
2021-01-30,22020,PHX,1517.2157914046156,0,2020-21
2021-02-01,22020,PHX,1525.3023665587789,0,2020-21
2021-02-03,22020,PHX,1529.2872007918768,0,2020-21
2021-02-05,22020,PHX,1510.6341314161791,1,2020-21
2021-02-07,22020,PHX,1519.6849270208245,1,2020-21
2021-02-08,22020,PHX,1527.919294003297,1,2020-21
2021-02-10,22020,PHX,1531.8162002199049,1,2020-21
2021-02-13,22020,PHX,1536.3477878131102,1,2020-21
2021-02-14,22020,PHX,1545.1516419309871,1,2020-21
2021-02-16,22020,PHX,1551.752307063462,1,2020-21
2021-02-19,22020,PHX,1544.186327363348,0,2020-21
2021-02-20,22020,PHX,1559.991431361435,0,2020-21
2021-02-22,22020,PHX,1581.735232410994,1,2020-21
2021-02-24,22020,PHX,1596.4924130549434,1,2020-21
2021-02-26,22020,PHX,1587.2655502488358,0,2020-21
2021-02-28,22020,PHX,1596.148966776127,0,2020-21
2021-03-02,22020,PHX,1602.8421389300936,0,2020-21
2021-03-04,22020,PHX,1614.739525432356,1,2020-21
2021-03-11,22020,PHX,1624.2815913057093,0,2020-21
2021-03-13,22020,PHX,1630.4185595751228,1,2020-21
2021-03-15,22020,PHX,1610.543643168688,1,2020-21
2021-03-18,22020,PHX,1620.3628688771837,1,2020-21
2021-03-19,22020,PHX,1606.111290431906,1,2020-21
2021-03-21,22020,PHX,1609.3442717068706,1,2020-21
2021-03-23,22020,PHX,1620.7661638146565,0,2020-21
2021-03-24,22020,PHX,1628.428037784356,0,2020-21
2021-03-26,22020,PHX,1620.9727499822088,0,2020-21
2021-03-28,22020,PHX,1624.992418399435,0,2020-21
2021-03-30,22020,PHX,1629.860523394919,1,2020-21
2021-03-31,22020,PHX,1634.3055242455791,1,2020-21
2021-04-02,22020,PHX,1636.7569742675826,1,2020-21
2021-04-05,22020,PHX,1643.4978372646372,0,2020-21
2021-04-07,22020,PHX,1645.0420881519842,1,2020-21
2021-04-08,22020,PHX,1650.9855189262537,0,2020-21
2021-04-10,22020,PHX,1641.3170715700292,1,2020-21
2021-04-12,22020,PHX,1647.035937780517,1,2020-21
2021-04-13,22020,PHX,1648.2783181315845,1,2020-21
2021-04-15,22020,PHX,1655.7723103361352,1,2020-21
2021-04-17,22020,PHX,1657.9091855827876,1,2020-21
2021-04-19,22020,PHX,1616.7761177156617,0,2020-21
2021-04-21,22020,PHX,1621.1744522662273,0,2020-21
2021-04-22,22020,PHX,1627.7133805647602,0,2020-21
2021-04-25,22020,PHX,1614.123024694302,0,2020-21
2021-04-26,22020,PHX,1604.9864720314754,0,2020-21
2021-04-28,22020,PHX,1615.2096388704592,1,2020-21
2021-04-30,22020,PHX,1623.2370948992436,1,2020-21
2021-05-02,22020,PHX,1639.5079961043537,0,2020-21
2021-05-04,22020,PHX,1640.6765650512496,0,2020-21
2021-05-05,22020,PHX,1645.227127403606,0,2020-21
2021-05-07,22020,PHX,1617.3801754832234,1,2020-21
2021-05-09,22020,PHX,1630.916291787564,0,2020-21
2021-05-11,22020,PHX,1615.3758837101543,0,2020-21
2021-05-13,22020,PHX,1606.4353761381135,1,2020-21
2021-05-15,22020,PHX,1609.595857870008,0,2020-21
2021-05-16,22020,PHX,1628.8477611240444,0,2020-21
2021-10-20,22021,PHX,1579.159223197444,1,2021-22
2021-10-22,22021,PHX,1564.793615457198,0,2021-22
2021-10-23,22021,PHX,1575.426957207775,0,2021-22
2021-10-27,22021,PHX,1556.2338517277033,1,2021-22
2021-10-30,22021,PHX,1547.231085394426,1,2021-22
2021-11-02,22021,PHX,1551.8620756668738,1,2021-22
2021-11-04,22021,PHX,1557.868828107137,1,2021-22
2021-11-06,22021,PHX,1561.5878683364213,1,2021-22
2021-11-08,22021,PHX,1565.9421684635786,0,2021-22
2021-11-10,22021,PHX,1572.133193253698,1,2021-22
2021-11-12,22021,PHX,1580.077232345216,0,2021-22
2021-11-14,22021,PHX,1597.087560113163,0,2021-22
2021-11-15,22021,PHX,1604.7009947790327,0,2021-22
2021-11-17,22021,PHX,1608.0601404475608,1,2021-22
2021-11-19,22021,PHX,1613.325773150082,1,2021-22
2021-11-21,22021,PHX,1618.7421577203245,1,2021-22
2021-11-22,22021,PHX,1632.5404371359907,0,2021-22
2021-11-24,22021,PHX,1635.9347653911366,0,2021-22
2021-11-26,22021,PHX,1639.8712741651093,0,2021-22
2021-11-27,22021,PHX,1652.7816010366985,0,2021-22
2021-11-30,22021,PHX,1660.2126063985825,1,2021-22
2021-12-02,22021,PHX,1667.7414880185486,1,2021-22
2021-12-03,22021,PHX,1669.509020804161,0,2021-22
2021-12-06,22021,PHX,1654.1680106735564,1,2021-22
2021-12-10,22021,PHX,1656.6877460501094,1,2021-22
2021-12-13,22021,PHX,1664.1183688262736,0,2021-22
2021-12-14,22021,PHX,1644.3961770075502,0,2021-22
2021-12-16,22021,PHX,1647.9987308253087,1,2021-22
2021-12-19,22021,PHX,1653.3605998068963,1,2021-22
2021-12-21,22021,PHX,1661.892738410198,0,2021-22
2021-12-23,22021,PHX,1670.9232524668605,1,2021-22
2021-12-25,22021,PHX,1672.7557647952606,1,2021-22
2021-12-27,22021,PHX,1660.2708436957691,1,2021-22
2021-12-29,22021,PHX,1653.5787144144838,1,2021-22
2021-12-31,22021,PHX,1656.255035203082,0,2021-22
2022-01-02,22021,PHX,1637.4949102388407,0,2021-22
2022-01-04,22021,PHX,1654.847399375441,0,2021-22
2022-01-06,22021,PHX,1661.0461546189736,1,2021-22
2022-01-08,22021,PHX,1666.2385162876328,1,2021-22
2022-01-11,22021,PHX,1636.603321560421,0,2021-22
2022-01-14,22021,PHX,1642.1450701510112,0,2021-22
2022-01-16,22021,PHX,1650.924674182586,0,2021-22
2022-01-17,22021,PHX,1657.6535867707448,0,2021-22
2022-01-20,22021,PHX,1664.6466482401177,0,2021-22
2022-01-22,22021,PHX,1673.069674936057,1,2021-22
2022-01-24,22021,PHX,1676.2948888070905,1,2021-22
2022-01-26,22021,PHX,1680.677209238362,0,2021-22
2022-01-28,22021,PHX,1688.3297696693603,1,2021-22
2022-01-30,22021,PHX,1692.5533232479584,1,2021-22
2022-02-01,22021,PHX,1694.5217421476789,1,2021-22
2022-02-03,22021,PHX,1698.1755683844738,0,2021-22
2022-02-05,22021,PHX,1683.1909926499848,0,2021-22
2022-02-07,22021,PHX,1688.9973163044417,0,2021-22
2022-02-08,22021,PHX,1692.1486110426508,0,2021-22
2022-02-10,22021,PHX,1697.7779763818933,1,2021-22
2022-02-12,22021,PHX,1707.1776665919997,1,2021-22
2022-02-15,22021,PHX,1709.7363749372228,1,2021-22
2022-02-16,22021,PHX,1712.126050590315,1,2021-22
2022-02-24,22021,PHX,1712.6558395252246,0,2021-22
2022-02-25,22021,PHX,1716.4795293543968,1,2021-22
2022-02-27,22021,PHX,1686.8965595437992,1,2021-22
2022-03-02,22021,PHX,1677.1954483942236,1,2021-22
2022-03-04,22021,PHX,1681.803542160074,1,2021-22
2022-03-06,22021,PHX,1682.678521356729,0,2021-22
2022-03-08,22021,PHX,1669.5671330859386,0,2021-22
2022-03-09,22021,PHX,1671.1880027506097,0,2021-22
2022-03-11,22021,PHX,1689.3546907657596,1,2021-22
2022-03-13,22021,PHX,1676.2185538892336,1,2021-22
2022-03-15,22021,PHX,1681.364696025897,0,2021-22
2022-03-16,22021,PHX,1689.8485653426562,0,2021-22
2022-03-18,22021,PHX,1692.655454281182,1,2021-22
2022-03-20,22021,PHX,1699.3111886623096,0,2021-22
2022-03-23,22021,PHX,1700.8184269052465,0,2021-22
2022-03-24,22021,PHX,1708.9672492321786,0,2021-22
2022-03-27,22021,PHX,1716.1589161040613,1,2021-22
2022-03-30,22021,PHX,1721.106105702358,0,2021-22
2022-04-01,22021,PHX,1724.8737665600245,0,2021-22
2022-04-03,22021,PHX,1715.3597653693776,0,2021-22
2022-04-05,22021,PHX,1673.3152733518968,1,2021-22
2022-04-06,22021,PHX,1675.6282961758243,0,2021-22
2022-04-08,22021,PHX,1666.305743377012,0,2021-22
2022-04-10,22021,PHX,1672.909669719157,1,2021-22
2022-10-19,22022,PHX,1591.0896636274688,1,2022-23
2022-10-21,22022,PHX,1594.4666251578665,0,2022-23
2022-10-23,22022,PHX,1586.1224850267754,0,2022-23
2022-10-25,22022,PHX,1600.4558504333888,1,2022-23
2022-10-28,22022,PHX,1614.8438416514307,1,2022-23
2022-10-30,22022,PHX,1622.2757871079575,1,2022-23
2022-11-01,22022,PHX,1625.4839501979875,1,2022-23
2022-11-04,22022,PHX,1630.7319939760005,1,2022-23
2022-11-05,22022,PHX,1620.3075451232069,1,2022-23
2022-11-07,22022,PHX,1625.2360269904134,0,2022-23
2022-11-09,22022,PHX,1612.1205709436383,0,2022-23
2022-11-11,22022,PHX,1621.283831317808,0,2022-23
2022-11-14,22022,PHX,1596.098870293626,0,2022-23
2022-11-16,22022,PHX,1591.8033872683195,1,2022-23
2022-11-18,22022,PHX,1598.5441676546154,0,2022-23
2022-11-20,22022,PHX,1594.6563551036695,1,2022-23
2022-11-22,22022,PHX,1603.6683408828908,1,2022-23
2022-11-25,22022,PHX,1607.6021494338142,1,2022-23
2022-11-26,22022,PHX,1609.7776167619645,1,2022-23
2022-11-28,22022,PHX,1612.132265348749,0,2022-23
2022-11-30,22022,PHX,1617.402896000318,1,2022-23
2022-12-02,22022,PHX,1625.2425673940918,1,2022-23
2022-12-04,22022,PHX,1616.0497094608506,0,2022-23
2022-12-05,22022,PHX,1626.4751317435384,0,2022-23
2022-12-07,22022,PHX,1608.601701654626,1,2022-23
2022-12-09,22022,PHX,1589.800014799628,0,2022-23
2022-12-11,22022,PHX,1580.87882893442,0,2022-23
2022-12-13,22022,PHX,1575.5848544054911,0,2022-23
2022-12-15,22022,PHX,1555.620018856548,0,2022-23
2022-12-17,22022,PHX,1569.7489855575868,1,2022-23
2022-12-19,22022,PHX,1575.229988220921,1,2022-23
2022-12-20,22022,PHX,1586.080739580311,1,2022-23
2022-12-23,22022,PHX,1575.3071165496185,1,2022-23
2022-12-25,22022,PHX,1553.918111285045,0,2022-23
2022-12-27,22022,PHX,1549.2862940143325,0,2022-23
2022-12-28,22022,PHX,1569.7274655788974,0,2022-23
2022-12-30,22022,PHX,1545.022194110141,0,2022-23
2023-01-02,22022,PHX,1534.921706346196,0,2022-23
2023-01-04,22022,PHX,1522.4324232446402,0,2022-23
2023-01-06,22022,PHX,1519.0883657168754,1,2022-23
2023-01-08,22022,PHX,1508.084583895978,1,2022-23
2023-01-10,22022,PHX,1495.195856742074,0,2022-23
2023-01-11,22022,PHX,1509.623968439549,0,2022-23
2023-01-13,22022,PHX,1497.427859838431,0,2022-23
2023-01-16,22022,PHX,1491.1756031934087,0,2022-23
2023-01-19,22022,PHX,1481.9840111103442,1,2022-23
2023-01-21,22022,PHX,1490.027958906384,1,2022-23
2023-01-22,22022,PHX,1494.9982346808786,1,2022-23
2023-01-24,22022,PHX,1501.6984452373638,1,2022-23
2023-01-26,22022,PHX,1512.936762947828,1,2022-23
2023-01-28,22022,PHX,1504.656484347038,0,2022-23
2023-01-30,22022,PHX,1510.860378790778,1,2022-23
2023-02-01,22022,PHX,1518.4925581494922,1,2022-23
2023-02-03,22022,PHX,1488.573509097986,0,2022-23
2023-02-04,22022,PHX,1509.4911110407,0,2022-23
2023-02-07,22022,PHX,1518.847688091959,0,2022-23
2023-02-09,22022,PHX,1526.9505843625866,0,2022-23
2023-02-10,22022,PHX,1518.415330247833,0,2022-23
2023-02-14,22022,PHX,1528.730406009208,1,2022-23
2023-02-16,22022,PHX,1537.370767302763,1,2022-23
2023-02-24,22022,PHX,1525.214550083333,1,2022-23
2023-02-26,22022,PHX,1533.1815814951945,0,2022-23
2023-03-01,22022,PHX,1530.1605383370745,0,2022-23
2023-03-03,22022,PHX,1540.0655595169465,0,2022-23
2023-03-05,22022,PHX,1558.361964178256,0,2022-23
2023-03-08,22022,PHX,1564.6709851711992,1,2022-23
2023-03-11,22022,PHX,1579.811614482223,1,2022-23
2023-03-13,22022,PHX,1567.1504825423262,0,2022-23
2023-03-14,22022,PHX,1556.8056092233255,1,2022-23
2023-03-16,22022,PHX,1546.9809612905672,1,2022-23
2023-03-19,22022,PHX,1549.7870111492423,0,2022-23
2023-03-22,22022,PHX,1543.915011039521,0,2022-23
2023-03-24,22022,PHX,1533.772919947721,0,2022-23
2023-03-25,22022,PHX,1526.7753963689895,1,2022-23
2023-03-27,22022,PHX,1548.096257439105,0,2022-23
2023-03-29,22022,PHX,1558.2579990107772,1,2022-23
2023-03-31,22022,PHX,1564.5634736295824,1,2022-23
2023-04-02,22022,PHX,1571.9915792361678,0,2022-23
2023-04-04,22022,PHX,1581.546750032511,1,2022-23
2023-04-06,22022,PHX,1585.0107100402215,1,2022-23
2023-04-07,22022,PHX,1589.4009505569643,0,2022-23
2023-04-09,22022,PHX,1577.0788261674325,1,2022-23
2023-10-24,22023,PHX,1540.553922425276,0,2023-24
2023-10-26,22023,PHX,1548.3843891372564,0,2023-24
2023-10-28,22023,PHX,1542.1582282821123,1,2023-24
2023-10-31,22023,PHX,1551.448682526138,1,2023-24
2023-11-02,22023,PHX,1543.78342565126,1,2023-24
2023-11-04,22023,PHX,1523.6152989119726,0,2023-24
2023-11-05,22023,PHX,1516.4811924767243,0,2023-24
2023-11-08,22023,PHX,1525.4403066217524,0,2023-24
2023-11-10,22023,PHX,1529.6457786863916,1,2023-24
2023-11-12,22023,PHX,1522.1697686035434,1,2023-24
2023-11-15,22023,PHX,1507.8751204561522,1,2023-24
2023-11-17,22023,PHX,1524.54640126256,0,2023-24
2023-11-19,22023,PHX,1529.342215866851,0,2023-24
2023-11-21,22023,PHX,1533.9566407869524,1,2023-24
2023-11-22,22023,PHX,1538.19400221122,1,2023-24
2023-11-24,22023,PHX,1545.365341374221,0,2023-24
2023-11-26,22023,PHX,1559.8964804600182,0,2023-24
2023-11-29,22023,PHX,1566.826563278751,0,2023-24
2023-12-01,22023,PHX,1558.0093992785312,1,2023-24
2023-12-02,22023,PHX,1547.3908907704597,1,2023-24
2023-12-05,22023,PHX,1552.048338794921,0,2023-24
2023-12-08,22023,PHX,1546.775452215007,1,2023-24
2023-12-12,22023,PHX,1534.7796082107654,1,2023-24
2023-12-13,22023,PHX,1539.1645239785646,1,2023-24
2023-12-15,22023,PHX,1531.667634581812,1,2023-24
2023-12-17,22023,PHX,1515.7168145260569,1,2023-24
2023-12-19,22023,PHX,1518.3969941856606,0,2023-24
2023-12-22,22023,PHX,1507.8986500584183,0,2023-24
2023-12-25,22023,PHX,1497.7163876574573,1,2023-24
2023-12-27,22023,PHX,1481.584221496754,0,2023-24
2023-12-29,22023,PHX,1499.6910535274606,1,2023-24
2023-12-31,22023,PHX,1504.3625929104571,1,2023-24
2024-01-01,22023,PHX,1510.7148017943116,1,2023-24
2024-01-03,22023,PHX,1517.4800896591023,1,2023-24
2024-01-05,22023,PHX,1508.4241726286643,1,2023-24
2024-01-07,22023,PHX,1522.1550570844452,1,2023-24
2024-01-08,22023,PHX,1510.2473072119371,0,2023-24
2024-01-11,22023,PHX,1499.232605250238,0,2023-24
2024-01-14,22023,PHX,1516.1743734703743,0,2023-24
2024-01-16,22023,PHX,1522.276904545839,1,2023-24
2024-01-19,22023,PHX,1526.041585770999,0,2023-24
2024-01-21,22023,PHX,1545.7817428381395,1,2023-24
2024-01-22,22023,PHX,1552.5700608336494,1,2023-24
2024-01-24,22023,PHX,1555.7711852416398,0,2023-24
2024-01-26,22023,PHX,1571.9151607402828,0,2023-24
2024-01-28,22023,PHX,1567.4050950027308,0,2023-24
2024-01-29,22023,PHX,1552.3176067897775,0,2023-24
2024-01-31,22023,PHX,1563.3339580142892,0,2023-24
2024-02-02,22023,PHX,1575.426749889199,0,2023-24
2024-02-04,22023,PHX,1561.7254043698258,0,2023-24
2024-02-06,22023,PHX,1570.8321448531558,1,2023-24
2024-02-08,22023,PHX,1578.605402653428,1,2023-24
2024-02-10,22023,PHX,1587.1930081316696,0,2023-24
2024-02-13,22023,PHX,1583.3539098723163,1,2023-24
2024-02-14,22023,PHX,1587.7636694673936,1,2023-24
2024-02-22,22023,PHX,1590.4575321347645,0,2023-24
2024-02-23,22023,PHX,1580.202430267107,0,2023-24
2024-02-25,22023,PHX,1571.755276030418,1,2023-24
2024-02-29,22023,PHX,1578.5906260855909,1,2023-24
2024-03-02,22023,PHX,1581.6811421231405,1,2023-24
2024-03-03,22023,PHX,1564.296863819507,1,2023-24
2024-03-05,22023,PHX,1555.190925917857,0,2023-24
2024-03-07,22023,PHX,1570.0320184318066,1,2023-24
2024-03-09,22023,PHX,1573.2053146001922,1,2023-24
2024-03-11,22023,PHX,1566.4166474673457,0,2023-24
2024-03-14,22023,PHX,1576.1586135136918,0,2023-24
2024-03-15,22023,PHX,1571.0176671605782,0,2023-24
2024-03-17,22023,PHX,1575.4876419087025,0,2023-24
2024-03-20,22023,PHX,1565.8519080786482,1,2023-24
2024-03-21,22023,PHX,1572.1390943644772,1,2023-24
2024-03-23,22023,PHX,1578.299304307183,0,2023-24
2024-03-25,22023,PHX,1587.4931553029794,0,2023-24
2024-03-27,22023,PHX,1578.9775178193242,0,2023-24
2024-03-29,22023,PHX,1591.3457691957512,0,2023-24
2024-04-01,22023,PHX,1576.398659775203,0,2023-24
2024-04-03,22023,PHX,1592.854610437248,1,2023-24
2024-04-05,22023,PHX,1603.8680419970435,1,2023-24
2024-04-07,22023,PHX,1614.6110993125546,1,2023-24
2024-04-09,22023,PHX,1602.329967144423,1,2023-24
2024-04-10,22023,PHX,1585.321476860065,0,2023-24
2024-04-12,22023,PHX,1601.2277466855337,0,2023-24
2024-04-14,22023,PHX,1605.0669093850074,0,2023-24
2024-10-23,22024,PHX,1576.285679935802,0,2024-25
2024-10-25,22024,PHX,1581.720932780545,0,2024-25
2024-10-26,22024,PHX,1573.9369378025458,1,2024-25
2024-10-28,22024,PHX,1582.8699420171183,1,2024-25
2024-10-31,22024,PHX,1587.7028540913168,0,2024-25
2024-11-02,22024,PHX,1595.208084049395,1,2024-25
2024-11-04,22024,PHX,1597.5448125053636,1,2024-25
2024-11-06,22024,PHX,1599.6477023078296,1,2024-25
2024-11-08,22024,PHX,1602.9038650268958,0,2024-25
2024-11-10,22024,PHX,1607.0797407859684,1,2024-25
2024-11-12,22024,PHX,1592.4073197655896,0,2024-25
2024-11-13,22024,PHX,1596.7763093792755,0,2024-25
2024-11-15,22024,PHX,1577.1813907555534,0,2024-25
2024-11-17,22024,PHX,1568.6357624393572,0,2024-25
2024-11-18,22024,PHX,1563.725175658387,1,2024-25
2024-11-20,22024,PHX,1550.2774945257509,1,2024-25
2024-11-26,22024,PHX,1534.8057425916722,1,2024-25
2024-11-27,22024,PHX,1550.6188458804886,1,2024-25
2024-11-30,22024,PHX,1534.1146272997453,1,2024-25
2024-12-03,22024,PHX,1543.6299809852949,1,2024-25
2024-12-05,22024,PHX,1550.6618902504845,0,2024-25
2024-12-07,22024,PHX,1543.412083190139,0,2024-25
2024-12-08,22024,PHX,1534.7542052084,0,2024-25
2024-12-13,22024,PHX,1529.6790285883762,0,2024-25
2024-12-15,22024,PHX,1535.691552635003,1,2024-25
2024-12-19,22024,PHX,1538.586171114586,1,2024-25
2024-12-21,22024,PHX,1524.1008654602194,1,2024-25
2024-12-23,22024,PHX,1508.8409999433163,0,2024-25
2024-12-25,22024,PHX,1496.396873432568,1,2024-25
2024-12-27,22024,PHX,1508.471429169672,1,2024-25
2024-12-28,22024,PHX,1499.9876546518587,0,2024-25
2024-12-31,22024,PHX,1495.2840986237657,1,2024-25
2025-01-04,22024,PHX,1489.2505945558112,0,2024-25
2025-01-06,22024,PHX,1478.4787981099614,0,2024-25
2025-01-07,22024,PHX,1490.846089900644,0,2024-25
2025-01-09,22024,PHX,1474.1427029824583,1,2024-25
2025-01-11,22024,PHX,1481.9739932480643,1,2024-25
2025-01-12,22024,PHX,1487.79483419039,1,2024-25
2025-01-14,22024,PHX,1491.09558341475,0,2024-25
2025-01-16,22024,PHX,1484.975166182776,0,2024-25
2025-01-18,22024,PHX,1488.880188162778,0,2024-25
2025-01-20,22024,PHX,1496.0600214680464,0,2024-25
2025-01-22,22024,PHX,1488.9319805475468,0,2024-25
2025-01-25,22024,PHX,1501.839270012853,1,2024-25
2025-01-27,22024,PHX,1504.21604323084,1,2024-25
2025-01-29,22024,PHX,1509.01356361966,1,2024-25
2025-01-31,22024,PHX,1501.1040239501392,0,2024-25
2025-02-01,22024,PHX,1523.3844653905846,0,2024-25
2025-02-03,22024,PHX,1504.5524990707663,0,2024-25
2025-02-05,22024,PHX,1499.4958407522347,0,2024-25
2025-02-07,22024,PHX,1493.666367222224,1,2024-25
2025-02-08,22024,PHX,1498.1769090628695,1,2024-25
2025-02-11,22024,PHX,1486.7759083102237,1,2024-25
2025-02-12,22024,PHX,1480.8052308343188,0,2024-25
2025-02-20,22024,PHX,1475.5433352085993,0,2024-25
2025-02-22,22024,PHX,1466.0094287008098,0,2024-25
2025-02-23,22024,PHX,1471.4290628861847,0,2024-25
2025-02-25,22024,PHX,1454.603238083982,0,2024-25
2025-02-27,22024,PHX,1452.2134503026211,1,2024-25
2025-02-28,22024,PHX,1438.356782899441,1,2024-25
2025-03-02,22024,PHX,1447.9087228691178,1,2024-25
2025-03-04,22024,PHX,1437.6236977700185,1,2024-25
2025-03-07,22024,PHX,1442.983115894696,0,2024-25
2025-03-09,22024,PHX,1439.760823066614,0,2024-25
2025-03-10,22024,PHX,1452.1814875750022,0,2024-25
2025-03-12,22024,PHX,1449.957365007487,0,2024-25
2025-03-14,22024,PHX,1445.5455380939045,1,2024-25
2025-03-16,22024,PHX,1460.0324707727254,0,2024-25
2025-03-17,22024,PHX,1454.7531696749568,1,2024-25
2025-03-19,22024,PHX,1474.1680818513414,1,2024-25
2025-03-21,22024,PHX,1479.8086792916815,1,2024-25
2025-03-24,22024,PHX,1498.858592925063,1,2024-25
2025-03-26,22024,PHX,1504.4206967832847,1,2024-25
2025-03-28,22024,PHX,1492.7999196675632,0,2024-25
2025-03-30,22024,PHX,1486.3833884465098,1,2024-25
2025-04-01,22024,PHX,1464.3995183081586,0,2024-25
2025-04-04,22024,PHX,1458.0789105479723,0,2024-25
2025-04-06,22024,PHX,1453.6409109646156,0,2024-25
2025-04-08,22024,PHX,1447.461627468949,1,2024-25
2025-04-09,22024,PHX,1430.179430933578,1,2024-25
2025-04-11,22024,PHX,1426.4783078934724,1,2024-25
2025-04-13,22024,PHX,1439.5851827897925,0,2024-25
2025-10-22,22025,PHX,1459.3456535447858,1,2025-26
2025-10-24,22025,PHX,1465.4109163683297,0,2025-26
2025-10-25,22025,PHX,1454.5719032963991,0,2025-26
2025-10-27,22025,PHX,1445.0349871601625,0,2025-26
2025-10-29,22025,PHX,1438.8153712593178,1,2025-26
2025-10-31,22025,PHX,1435.0845638817402,1,2025-26
2025-11-02,22025,PHX,1447.659368658001,1,2025-26
2025-11-04,22025,PHX,1459.789452859868,0,2025-26
2025-11-06,22025,PHX,1454.1990245440784,1,2025-26
2025-11-08,22025,PHX,1468.586214178375,0,2025-26
2025-11-10,22025,PHX,1484.6802680232,1,2025-26
2025-11-12,22025,PHX,1493.1649632453857,0,2025-26
2025-11-13,22025,PHX,1501.4905615620305,1,2025-26
2025-11-16,22025,PHX,1516.983720890322,1,2025-26
2025-11-18,22025,PHX,1511.6594893309368,0,2025-26
2025-11-21,22025,PHX,1528.9423938071318,1,2025-26
2025-11-23,22025,PHX,1533.177850118252,1,2025-26
2025-11-24,22025,PHX,1541.0908304678462,1,2025-26
2025-11-26,22025,PHX,1525.424979518888,0,2025-26
2025-11-28,22025,PHX,1534.7798528066514,0,2025-26
2025-11-29,22025,PHX,1532.8385207425044,1,2025-26
2025-12-01,22025,PHX,1519.7218268821184,0,2025-26
2025-12-05,22025,PHX,1541.997870691078,0,2025-26
2025-12-08,22025,PHX,1533.4325280715698,0,2025-26
2025-12-10,22025,PHX,1541.5227727036065,0,2025-26
2025-12-14,22025,PHX,1532.500528295551,1,2025-26
2025-12-18,22025,PHX,1527.2496963840044,1,2025-26
2025-12-20,22025,PHX,1530.825543754667,0,2025-26
2025-12-23,22025,PHX,1526.4144935249894,1,2025-26
2025-12-26,22025,PHX,1543.4766807791864,0,2025-26
2025-12-27,22025,PHX,1548.6282042317278,0,2025-26
2025-12-29,22025,PHX,1554.3132471830822,0,2025-26
2025-12-31,22025,PHX,1560.3579796599415,0,2025-26
2026-01-02,22025,PHX,1547.3937260566552,1,2025-26
2026-01-04,22025,PHX,1554.5332643191668,1,2025-26
2026-01-05,22025,PHX,1563.0978537563922,0,2025-26
2026-01-07,22025,PHX,1559.485622628664,0,2025-26
2026-01-09,22025,PHX,1574.2718807589042,1,2025-26
2026-01-11,22025,PHX,1579.710790711851,1,2025-26
2026-01-13,22025,PHX,1583.4475376874648,0,2025-26
2026-01-15,22025,PHX,1574.5232313903311,0,2025-26
2026-01-17,22025,PHX,1570.7878359885417,0,2025-26
2026-01-19,22025,PHX,1579.6823675302244,0,2025-26
2026-01-20,22025,PHX,1584.7425215212666,0,2025-26
2026-01-23,22025,PHX,1591.3568579724238,0,2025-26
2026-01-25,22025,PHX,1580.5636916768867,1,2025-26
2026-01-27,22025,PHX,1566.114032244607,1,2025-26
2026-01-29,22025,PHX,1567.9113433253297,1,2025-26
2026-01-30,22025,PHX,1584.2271299003846,1,2025-26
2026-02-01,22025,PHX,1594.5113079486644,1,2025-26
2026-02-03,22025,PHX,1568.3724970993733,0,2025-26
2026-02-05,22025,PHX,1574.1591292928094,1,2025-26
2026-02-07,22025,PHX,1565.6633367060897,1,2025-26
2026-02-10,22025,PHX,1555.2730952262211,1,2025-26
2026-02-11,22025,PHX,1559.7391539522896,1,2025-26
2026-02-19,22025,PHX,1544.4642962973494,0,2025-26
2026-02-21,22025,PHX,1533.8785277681834,1,2025-26
2026-02-22,22025,PHX,1537.6821431783426,1,2025-26
2026-02-24,22025,PHX,1517.4805776482397,1,2025-26
2026-02-26,22025,PHX,1507.371456049729,1,2025-26
2026-03-03,22025,PHX,1511.901958750679,0,2025-26
2026-03-05,22025,PHX,1517.758379596987,1,2025-26
2026-03-06,22025,PHX,1509.344243536185,1,2025-26
2026-03-08,22025,PHX,1511.9048879868826,1,2025-26
2026-03-10,22025,PHX,1526.597945938921,0,2025-26
2026-03-12,22025,PHX,1536.5557049040328,0,2025-26
2026-03-13,22025,PHX,1542.3511018294878,0,2025-26
2026-03-16,22025,PHX,1534.19997405996,0,2025-26
2026-03-17,22025,PHX,1529.5600511056036,0,2025-26
2026-03-19,22025,PHX,1520.179620798486,0,2025-26
2026-03-21,22025,PHX,1518.835342148603,1,2025-26
2026-03-22,22025,PHX,1508.437903272849,1,2025-26
2026-03-24,22025,PHX,1524.45142155698,1,2025-26
2026-03-28,22025,PHX,1519.92439393147,1,2025-26
2026-03-30,22025,PHX,1525.0764125914989,0,2025-26
2026-03-31,22025,PHX,1537.0110358587956,0,2025-26
2026-04-02,22025,PHX,1530.8616720348373,0,2025-26
2026-04-05,22025,PHX,1522.383487445331,0,2025-26
2026-04-07,22025,PHX,1528.510932020433,1,2025-26
2026-04-08,22025,PHX,1516.3805531467845,1,2025-26
2026-04-10,22025,PHX,1518.9425753240812,0,2025-26
2026-04-12,22025,PHX,1505.8782543609273,0,2025-26
2020-12-23,22020,POR,1500.0,1,2020-21
2020-12-26,22020,POR,1480.498501944514,1,2020-21
2020-12-28,22020,POR,1484.802295571494,0,2020-21
2020-12-30,22020,POR,1497.138439908724,0,2020-21
2021-01-01,22020,POR,1482.1416814971835,0,2020-21
2021-01-03,22020,POR,1504.8408612116775,0,2020-21
2021-01-05,22020,POR,1491.5221021440493,1,2020-21
2021-01-07,22020,POR,1484.4383881444703,1,2020-21
2021-01-09,22020,POR,1494.7179065733444,0,2020-21
2021-01-11,22020,POR,1515.088716993037,1,2020-21
2021-01-13,22020,POR,1517.9823188722596,0,2020-21
2021-01-14,22020,POR,1524.9775455173865,1,2020-21
2021-01-16,22020,POR,1503.0569502763476,1,2020-21
2021-01-18,22020,POR,1509.5894800085634,1,2020-21
2021-01-24,22020,POR,1488.9563404173923,1,2020-21
2021-01-25,22020,POR,1493.6946526691825,1,2020-21
2021-01-28,22020,POR,1486.0334357234967,0,2020-21
2021-01-30,22020,POR,1481.7825549430893,0,2020-21
2021-02-01,22020,POR,1486.560498322468,0,2020-21
2021-02-02,22020,POR,1473.7704881404352,0,2020-21
2021-02-04,22020,POR,1485.4879961406862,0,2020-21
2021-02-06,22020,POR,1506.986082102497,0,2020-21
2021-02-09,22020,POR,1497.1283997908124,1,2020-21
2021-02-11,22020,POR,1502.0677746852923,1,2020-21
2021-02-12,22020,POR,1508.7302919293656,1,2020-21
2021-02-14,22020,POR,1516.8177939132397,0,2020-21
2021-02-16,22020,POR,1522.6330262254469,0,2020-21
2021-02-17,22020,POR,1532.6189482894524,0,2020-21
2021-02-20,22020,POR,1537.9417152524577,1,2020-21
2021-02-22,22020,POR,1523.9679370258705,0,2020-21
2021-02-23,22020,POR,1509.210756381921,0,2020-21
2021-02-26,22020,POR,1504.296408590765,0,2020-21
2021-03-01,22020,POR,1498.2972264415964,1,2020-21
2021-03-03,22020,POR,1507.5684872639288,1,2020-21
2021-03-04,22020,POR,1511.8375278490578,1,2020-21
2021-03-11,22020,POR,1515.0767510052915,1,2020-21
2021-03-13,22020,POR,1508.9397827358782,0,2020-21
2021-03-14,22020,POR,1513.315616161729,0,2020-21
2021-03-16,22020,POR,1506.5872484821627,1,2020-21
2021-03-18,22020,POR,1509.5787025516695,1,2020-21
2021-03-19,22020,POR,1516.128767508453,1,2020-21
2021-03-21,22020,POR,1522.985216052802,1,2020-21
2021-03-23,22020,POR,1491.3048711468862,1,2020-21
2021-03-25,22020,POR,1486.2072241954634,0,2020-21
2021-03-26,22020,POR,1492.8731239269976,0,2020-21
2021-03-28,22020,POR,1499.380121227333,0,2020-21
2021-03-31,22020,POR,1506.5974641076727,0,2020-21
2021-04-02,22020,POR,1522.4615736670592,1,2020-21
2021-04-03,22020,POR,1508.1381819515038,1,2020-21
2021-04-06,22020,POR,1523.5338536362897,0,2020-21
2021-04-08,22020,POR,1515.3274486543658,0,2020-21
2021-04-10,22020,POR,1509.0136008264626,1,2020-21
2021-04-11,22020,POR,1516.8629239095962,1,2020-21
2021-04-13,22020,POR,1504.8613038370818,1,2020-21
2021-04-16,22020,POR,1500.6111888781352,0,2020-21
2021-04-18,22020,POR,1504.5928525714796,0,2020-21
2021-04-20,22020,POR,1496.305807460653,1,2020-21
2021-04-21,22020,POR,1493.5744829708738,1,2020-21
2021-04-23,22020,POR,1490.446570796001,1,2020-21
2021-04-25,22020,POR,1486.1172555655162,1,2020-21
2021-04-27,22020,POR,1478.8318268393534,0,2020-21
2021-04-28,22020,POR,1499.815790095849,0,2020-21
2021-04-30,22020,POR,1524.5567799771466,0,2020-21
2021-05-02,22020,POR,1548.8998168907056,0,2020-21
2021-05-03,22020,POR,1560.6448262244712,0,2020-21
2021-05-05,22020,POR,1551.5916320204656,0,2020-21
2021-05-07,22020,POR,1564.0273961911946,1,2020-21
2021-05-08,22020,POR,1568.760166548076,1,2020-21
2021-05-10,22020,POR,1578.7802706694144,1,2020-21
2021-05-12,22020,POR,1580.9116335593976,0,2020-21
2021-05-13,22020,POR,1593.6416742290187,0,2020-21
2021-05-16,22020,POR,1590.4811924971243,1,2020-21
2021-10-20,22021,POR,1562.3018169382476,1,2021-22
2021-10-23,22021,POR,1553.358220432174,1,2021-22
2021-10-25,22021,POR,1572.551325912246,0,2021-22
2021-10-27,22021,POR,1552.6367078754229,1,2021-22
2021-10-29,22021,POR,1565.317665049981,1,2021-22
2021-10-31,22021,POR,1577.2782053878814,0,2021-22
2021-11-01,22021,POR,1563.5021020246736,0,2021-22
2021-11-03,22021,POR,1555.71283725417,0,2021-22
2021-11-05,22021,POR,1548.455471227873,1,2021-22
2021-11-06,22021,POR,1552.3933383691738,1,2021-22
2021-11-09,22021,POR,1561.667765077544,0,2021-22
2021-11-10,22021,POR,1554.2533930096042,0,2021-22
2021-11-12,22021,POR,1546.3093539180863,0,2021-22
2021-11-14,22021,POR,1552.2685600973184,0,2021-22
2021-11-15,22021,POR,1536.9035579059876,1,2021-22
2021-11-17,22021,POR,1541.422079935968,1,2021-22
2021-11-20,22021,POR,1547.9299203849996,1,2021-22
2021-11-23,22021,POR,1555.3558152454082,1,2021-22
2021-11-24,22021,POR,1568.0070698912848,0,2021-22
2021-11-26,22021,POR,1559.4619070126676,0,2021-22
2021-11-29,22021,POR,1551.765553158615,0,2021-22
2021-11-30,22021,POR,1541.0241171936757,1,2021-22
2021-12-02,22021,POR,1546.1047201937808,1,2021-22
2021-12-04,22021,POR,1510.387145978881,1,2021-22
2021-12-06,22021,POR,1485.7771914439445,1,2021-22
2021-12-08,22021,POR,1472.1698284225215,0,2021-22
2021-12-12,22021,POR,1468.618818686993,1,2021-22
2021-12-14,22021,POR,1459.8280057417976,1,2021-22
2021-12-15,22021,POR,1456.2254519240391,1,2021-22
2021-12-17,22021,POR,1447.0943095071957,1,2021-22
2021-12-19,22021,POR,1456.8145659441327,0,2021-22
2021-12-21,22021,POR,1468.1859206092658,0,2021-22
2021-12-27,22021,POR,1456.3861188901487,1,2021-22
2021-12-29,22021,POR,1442.6772890026475,1,2021-22
2021-12-31,22021,POR,1436.5934020708075,0,2021-22
2022-01-03,22021,POR,1418.437301831397,1,2021-22
2022-01-05,22021,POR,1425.9701354459012,1,2021-22
2022-01-07,22021,POR,1420.2158153969835,1,2021-22
2022-01-09,22021,POR,1411.689061020848,1,2021-22
2022-01-10,22021,POR,1421.5433407380988,1,2021-22
2022-01-13,22021,POR,1431.6744594331367,0,2021-22
2022-01-15,22021,POR,1418.7810511903594,0,2021-22
2022-01-17,22021,POR,1428.5725874254872,0,2021-22
2022-01-19,22021,POR,1436.519544261263,0,2021-22
2022-01-21,22021,POR,1431.8693480065267,0,2021-22
2022-01-23,22021,POR,1442.1075574873296,0,2021-22
2022-01-25,22021,POR,1457.2867575697198,1,2021-22
2022-01-26,22021,POR,1452.947818547757,1,2021-22
2022-01-28,22021,POR,1440.7429071802549,0,2021-22
2022-01-30,22021,POR,1451.0975190131014,0,2021-22
2022-01-31,22021,POR,1442.413813642878,0,2021-22
2022-02-02,22021,POR,1424.6932554562711,0,2021-22
2022-02-04,22021,POR,1419.676436625496,1,2021-22
2022-02-05,22021,POR,1411.9499754782496,1,2021-22
2022-02-08,22021,POR,1396.5990727853314,1,2021-22
2022-02-09,22021,POR,1373.920194642427,1,2021-22
2022-02-12,22021,POR,1379.369285094359,1,2021-22
2022-02-14,22021,POR,1390.254482146698,0,2021-22
2022-02-16,22021,POR,1416.7796238192072,0,2021-22
2022-02-24,22021,POR,1430.3171474342712,1,2021-22
2022-02-27,22021,POR,1415.1350357209342,1,2021-22
2022-03-02,22021,POR,1401.3009877271832,0,2021-22
2022-03-05,22021,POR,1396.6928939613329,0,2021-22
2022-03-07,22021,POR,1391.8008499588757,0,2021-22
2022-03-09,22021,POR,1381.489159571549,0,2021-22
2022-03-12,22021,POR,1373.3870036649696,1,2021-22
2022-03-14,22021,POR,1382.650900820079,0,2021-22
2022-03-16,22021,POR,1378.5656076844034,0,2021-22
2022-03-18,22021,POR,1367.4483963940934,0,2021-22
2022-03-20,22021,POR,1364.2386620384916,0,2021-22
2022-03-21,22021,POR,1348.566899090883,0,2021-22
2022-03-23,22021,POR,1356.17802697795,1,2021-22
2022-03-25,22021,POR,1332.9650020524282,1,2021-22
2022-03-26,22021,POR,1312.0644318237062,1,2021-22
2022-03-28,22021,POR,1295.1313629074282,1,2021-22
2022-03-30,22021,POR,1289.00980666511,1,2021-22
2022-04-01,22021,POR,1284.5889398245745,0,2021-22
2022-04-03,22021,POR,1279.0160070717432,0,2021-22
2022-04-05,22021,POR,1273.3813271191304,0,2021-22
2022-04-07,22021,POR,1269.6537259592849,0,2021-22
2022-04-08,22021,POR,1264.398989256851,0,2021-22
2022-04-10,22021,POR,1258.8792578389275,1,2021-22
2022-10-19,22022,POR,1351.2514433323586,0,2022-23
2022-10-21,22022,POR,1363.9098984027696,1,2022-23
2022-10-23,22022,POR,1372.2540385338607,0,2022-23
2022-10-24,22022,POR,1379.2156942992144,1,2022-23
2022-10-26,22022,POR,1405.9105557306625,1,2022-23
2022-10-28,22022,POR,1393.2309941190142,1,2022-23
2022-11-02,22022,POR,1403.1999354669294,1,2022-23
2022-11-04,22022,POR,1398.6671987007703,0,2022-23
2022-11-05,22022,POR,1409.091647553564,0,2022-23
2022-11-07,22022,POR,1404.1631656863576,0,2022-23
2022-11-09,22022,POR,1413.599525625012,0,2022-23
2022-11-10,22022,POR,1428.1901041280703,0,2022-23
2022-11-12,22022,POR,1446.5390767629888,0,2022-23
2022-11-15,22022,POR,1442.8975057638038,1,2022-23
2022-11-17,22022,POR,1450.0159335702078,1,2022-23
2022-11-19,22022,POR,1445.0864085295805,1,2022-23
2022-11-21,22022,POR,1439.69745621654,0,2022-23
2022-11-23,22022,POR,1435.1456448149008,0,2022-23
2022-11-25,22022,POR,1428.0594018779093,0,2022-23
2022-11-27,22022,POR,1436.272927432061,0,2022-23
2022-11-29,22022,POR,1428.628254789993,1,2022-23
2022-11-30,22022,POR,1421.4487915631262,0,2022-23
2022-12-03,22022,POR,1409.6825866793895,0,2022-23
2022-12-04,22022,POR,1421.7206218392232,1,2022-23
2022-12-08,22022,POR,1434.736550954182,1,2022-23
2022-12-10,22022,POR,1431.3586305481622,1,2022-23
2022-12-12,22022,POR,1439.9553326060754,1,2022-23
2022-12-14,22022,POR,1457.6908130843326,0,2022-23
2022-12-16,22022,POR,1470.1451879618196,0,2022-23
2022-12-17,22022,POR,1459.4815089196422,0,2022-23
2022-12-19,22022,POR,1470.795782481306,0,2022-23
2022-12-21,22022,POR,1466.1816076436198,0,2022-23
2022-12-23,22022,POR,1461.0272235711825,0,2022-23
2022-12-26,22022,POR,1454.0487705226233,1,2022-23
2022-12-30,22022,POR,1460.927704363718,0,2022-23
2023-01-02,22022,POR,1456.259810030739,1,2022-23
2023-01-04,22022,POR,1468.9193770073111,0,2022-23
2023-01-06,22022,POR,1462.1648532564138,0,2022-23
2023-01-08,22022,POR,1455.0497030046108,0,2022-23
2023-01-10,22022,POR,1446.2533307163528,1,2022-23
2023-01-12,22022,POR,1438.762655882683,1,2022-23
2023-01-14,22022,POR,1433.0499134168374,1,2022-23
2023-01-15,22022,POR,1450.1869411597463,1,2022-23
2023-01-17,22022,POR,1465.4032672035264,0,2022-23
2023-01-19,22022,POR,1461.3854096103623,1,2022-23
2023-01-22,22022,POR,1453.4286653317895,1,2022-23
2023-01-23,22022,POR,1442.9757109506932,1,2022-23
2023-01-25,22022,POR,1452.1319648470253,1,2022-23
2023-01-28,22022,POR,1462.8864418664814,1,2022-23
2023-01-30,22022,POR,1446.9151307750285,1,2022-23
2023-02-01,22022,POR,1453.217213973598,0,2022-23
2023-02-03,22022,POR,1471.5936001412929,0,2022-23
2023-02-04,22022,POR,1484.2332063163606,0,2022-23
2023-02-06,22022,POR,1477.4641404390763,1,2022-23
2023-02-08,22022,POR,1463.944862382781,1,2022-23
2023-02-10,22022,POR,1470.1939433409138,1,2022-23
2023-02-13,22022,POR,1460.3801835987858,1,2022-23
2023-02-14,22022,POR,1470.5679501847374,1,2022-23
2023-02-23,22022,POR,1449.643872823501,0,2022-23
2023-02-26,22022,POR,1440.243377077069,1,2022-23
2023-02-28,22022,POR,1446.2036636376754,0,2022-23
2023-03-01,22022,POR,1437.1933074750875,1,2022-23
2023-03-03,22022,POR,1425.111678055115,0,2022-23
2023-03-05,22022,POR,1416.4458472828803,0,2022-23
2023-03-06,22022,POR,1424.330181759968,0,2022-23
2023-03-08,22022,POR,1430.644363293349,0,2022-23
2023-03-10,22022,POR,1424.0886221364397,0,2022-23
2023-03-12,22022,POR,1422.798674134281,0,2022-23
2023-03-14,22022,POR,1412.201717735351,1,2022-23
2023-03-17,22022,POR,1403.6520894865737,1,2022-23
2023-03-19,22022,POR,1397.0275737786048,1,2022-23
2023-03-22,22022,POR,1387.0060225160453,0,2022-23
2023-03-24,22022,POR,1404.882755183465,1,2022-23
2023-03-26,22022,POR,1389.2947765842025,1,2022-23
2023-03-27,22022,POR,1383.448448922913,1,2022-23
2023-03-29,22022,POR,1364.783431187013,1,2022-23
2023-03-31,22022,POR,1349.659034926951,1,2022-23
2023-04-02,22022,POR,1340.6404523093795,0,2022-23
2023-04-04,22022,POR,1349.8875286107218,0,2022-23
2023-04-06,22022,POR,1347.101910055222,0,2022-23
2023-04-08,22022,POR,1342.2638172376396,0,2022-23
2023-04-09,22022,POR,1338.587796147725,1,2022-23
2023-10-25,22023,POR,1393.7516618349607,0,2023-24
2023-10-27,22023,POR,1388.5422908862458,1,2023-24
2023-10-29,22023,POR,1382.6059732478554,0,2023-24
2023-10-30,22023,POR,1375.7477655943942,0,2023-24
2023-11-01,22023,POR,1392.3082679085533,0,2023-24
2023-11-03,22023,POR,1403.894699692754,1,2023-24
2023-11-05,22023,POR,1409.2737043579662,1,2023-24
2023-11-08,22023,POR,1398.452182477901,0,2023-24
2023-11-12,22023,POR,1395.2554967355654,0,2023-24
2023-11-14,22023,POR,1391.259593951008,0,2023-24
2023-11-15,22023,POR,1381.174804250522,1,2023-24
2023-11-17,22023,POR,1372.3898622690313,1,2023-24
2023-11-19,22023,POR,1363.9341258509432,1,2023-24
2023-11-21,22023,POR,1348.96039464644,0,2023-24
2023-11-22,22023,POR,1344.7230332221725,1,2023-24
2023-11-26,22023,POR,1359.7029155456555,0,2023-24
2023-11-27,22023,POR,1357.415002446845,0,2023-24
2023-11-30,22023,POR,1368.4398349766748,0,2023-24
2023-12-02,22023,POR,1385.613168566281,0,2023-24
2023-12-06,22023,POR,1380.1310171812052,0,2023-24
2023-12-08,22023,POR,1377.4175752635165,1,2023-24
2023-12-11,22023,POR,1368.0400470292614,0,2023-24
2023-12-14,22023,POR,1365.4736755278311,1,2023-24
2023-12-16,22023,POR,1355.277987386301,1,2023-24
2023-12-17,22023,POR,1347.896957642476,1,2023-24
2023-12-19,22023,POR,1344.040553939376,1,2023-24
2023-12-21,22023,POR,1354.5388980666182,1,2023-24
2023-12-23,22023,POR,1349.8642441183904,0,2023-24
2023-12-26,22023,POR,1344.250641729342,1,2023-24
2023-12-28,22023,POR,1366.7028116866263,1,2023-24
2023-12-29,22023,POR,1348.1252847633275,1,2023-24
2024-01-01,22023,POR,1353.4389040702467,0,2023-24
2024-01-03,22023,POR,1346.673616205456,0,2023-24
2024-01-05,22023,POR,1336.8060947195895,0,2023-24
2024-01-07,22023,POR,1326.3314174581508,0,2023-24
2024-01-09,22023,POR,1341.020569294534,0,2023-24
2024-01-11,22023,POR,1336.2910199094104,0,2023-24
2024-01-12,22023,POR,1329.386435324278,0,2023-24
2024-01-14,22023,POR,1325.7418628678347,1,2023-24
2024-01-17,22023,POR,1319.63933179237,1,2023-24
2024-01-19,22023,POR,1325.7502202247051,1,2023-24
2024-01-21,22023,POR,1335.25899439371,0,2023-24
2024-01-23,22023,POR,1326.604058327569,0,2023-24
2024-01-24,22023,POR,1325.784007445815,0,2023-24
2024-01-26,22023,POR,1339.286151643055,0,2023-24
2024-01-28,22023,POR,1326.2576904084965,1,2023-24
2024-01-29,22023,POR,1320.5388607251266,1,2023-24
2024-01-31,22023,POR,1357.7842849472129,1,2023-24
2024-02-02,22023,POR,1367.6544465964864,0,2023-24
2024-02-04,22023,POR,1364.4748152174095,0,2023-24
2024-02-08,22023,POR,1361.905810636734,1,2023-24
2024-02-10,22023,POR,1350.4001194793786,1,2023-24
2024-02-13,22023,POR,1346.101379661554,1,2023-24
2024-02-15,22023,POR,1342.5499829978987,1,2023-24
2024-02-23,22023,POR,1335.0580594642413,1,2023-24
2024-02-25,22023,POR,1328.8950822367756,1,2023-24
2024-02-27,22023,POR,1313.8444457548503,1,2023-24
2024-03-01,22023,POR,1309.4769064525085,0,2023-24
2024-03-02,22023,POR,1342.1800977222365,0,2023-24
2024-03-04,22023,POR,1352.5243809597036,0,2023-24
2024-03-06,22023,POR,1351.1655604818843,1,2023-24
2024-03-08,22023,POR,1347.5400778483822,1,2023-24
2024-03-09,22023,POR,1336.3269545693222,1,2023-24
2024-03-11,22023,POR,1347.1752735386383,1,2023-24
2024-03-13,22023,POR,1343.7099882341045,1,2023-24
2024-03-14,22023,POR,1351.7438095783043,1,2023-24
2024-03-16,22023,POR,1345.4906044445856,0,2023-24
2024-03-18,22023,POR,1341.9948415924723,0,2023-24
2024-03-20,22023,POR,1339.5106864143502,1,2023-24
2024-03-22,22023,POR,1333.649369805799,1,2023-24
2024-03-23,22023,POR,1329.5500264847906,1,2023-24
2024-03-25,22023,POR,1327.888303956903,0,2023-24
2024-03-27,22023,POR,1323.0964955826398,0,2023-24
2024-03-29,22023,POR,1317.8472174833316,0,2023-24
2024-04-01,22023,POR,1306.6594220465329,0,2023-24
2024-04-03,22023,POR,1305.5569396498245,0,2023-24
2024-04-05,22023,POR,1311.89507751546,0,2023-24
2024-04-07,22023,POR,1320.3829629183983,0,2023-24
2024-04-09,22023,POR,1319.2326001183849,1,2023-24
2024-04-11,22023,POR,1315.2949507635142,1,2023-24
2024-04-12,22023,POR,1312.469790074398,1,2023-24
2024-04-14,22023,POR,1306.9449797958275,0,2023-24
2024-10-23,22024,POR,1379.7629533082568,1,2024-25
2024-10-25,22024,POR,1365.8807105976016,1,2024-25
2024-10-27,22024,POR,1363.2730347259992,1,2024-25
2024-10-28,22024,POR,1391.3581097416925,0,2024-25
2024-10-30,22024,POR,1385.5780176889034,0,2024-25
2024-11-01,22024,POR,1392.9135824384832,1,2024-25
2024-11-02,22024,POR,1384.799831152578,0,2024-25
2024-11-04,22024,POR,1382.4631026966094,0,2024-25
2024-11-07,22024,POR,1408.2405548094434,0,2024-25
2024-11-08,22024,POR,1399.469905501286,0,2024-25
2024-11-10,22024,POR,1392.6586858722812,1,2024-25
2024-11-12,22024,POR,1364.803837229137,1,2024-25
2024-11-13,22024,POR,1386.1866443187562,1,2024-25
2024-11-17,22024,POR,1399.660722207396,1,2024-25
2024-11-20,22024,POR,1406.0862361950317,0,2024-25
2024-11-22,22024,POR,1403.2674873162273,0,2024-25
2024-11-23,22024,POR,1395.851704245605,0,2024-25
2024-11-25,22024,POR,1411.280478605214,0,2024-25
2024-11-27,22024,POR,1400.5509531269486,0,2024-25
2024-11-29,22024,POR,1395.9321020002133,1,2024-25
2024-12-01,22024,POR,1408.153709235038,1,2024-25
2024-12-03,22024,POR,1403.8449974863415,0,2024-25
2024-12-06,22024,POR,1396.8503127042031,1,2024-25
2024-12-08,22024,POR,1358.5913846524063,0,2024-25
2024-12-13,22024,POR,1353.8827297040702,1,2024-25
2024-12-15,22024,POR,1349.7267764952542,0,2024-25
2024-12-19,22024,POR,1346.8321580156712,1,2024-25
2024-12-21,22024,POR,1355.287006787422,0,2024-25
2024-12-23,22024,POR,1346.2548861774217,0,2024-25
2024-12-26,22024,POR,1341.8443140120316,1,2024-25
2024-12-28,22024,POR,1346.5682744776675,1,2024-25
2024-12-30,22024,POR,1358.1798410733809,1,2024-25
2025-01-02,22024,POR,1344.277110441658,0,2024-25
2025-01-04,22024,POR,1340.7613580957002,0,2024-25
2025-01-06,22024,POR,1351.4510673816364,0,2024-25
2025-01-08,22024,POR,1348.6014560560834,0,2024-25
2025-01-09,22024,POR,1367.5247028736849,0,2024-25
2025-01-11,22024,POR,1364.9748484516838,1,2024-25
2025-01-14,22024,POR,1353.5102721422782,1,2024-25
2025-01-16,22024,POR,1335.159908110644,1,2024-25
2025-01-18,22024,POR,1324.6045570962317,1,2024-25
2025-01-19,22024,POR,1318.67822971323,1,2024-25
2025-01-21,22024,POR,1331.8888907068665,0,2024-25
2025-01-23,22024,POR,1350.4023671911034,0,2024-25
2025-01-24,22024,POR,1379.1984127074595,0,2024-25
2025-01-26,22024,POR,1386.8129832647908,1,2024-25
2025-01-28,22024,POR,1384.2712487747708,1,2024-25
2025-01-30,22024,POR,1403.1247114705025,1,2024-25
2025-02-01,22024,POR,1423.1947733871923,1,2024-25
2025-02-03,22024,POR,1442.0267397070104,1,2024-25
2025-02-04,22024,POR,1447.0833980255422,1,2024-25
2025-02-06,22024,POR,1471.5678035350452,1,2024-25
2025-02-08,22024,POR,1478.9671543093996,0,2024-25
2025-02-10,22024,POR,1472.450238061016,0,2024-25
2025-02-12,22024,POR,1463.6589401239737,0,2024-25
2025-02-20,22024,POR,1459.5116539211217,1,2024-25
2025-02-22,22024,POR,1451.8429747436564,1,2024-25
2025-02-24,22024,POR,1466.1878181327943,0,2024-25
2025-02-26,22024,POR,1470.573313045711,0,2024-25
2025-02-28,22024,POR,1475.1229913031823,0,2024-25
2025-03-02,22024,POR,1488.0611597270486,0,2024-25
2025-03-03,22024,POR,1486.5184967032617,0,2024-25
2025-03-05,22024,POR,1498.9668214610592,0,2024-25
2025-03-07,22024,POR,1495.09529430036,0,2024-25
2025-03-09,22024,POR,1491.7144606482618,1,2024-25
2025-03-10,22024,POR,1484.0846976282864,0,2024-25
2025-03-12,22024,POR,1478.320339604759,1,2024-25
2025-03-16,22024,POR,1475.2076599897969,1,2024-25
2025-03-17,22024,POR,1478.941936485351,1,2024-25
2025-03-19,22024,POR,1483.752645841945,1,2024-25
2025-03-21,22024,POR,1500.106451697346,1,2024-25
2025-03-23,22024,POR,1519.56715591764,1,2024-25
2025-03-25,22024,POR,1512.063320516478,1,2024-25
2025-03-27,22024,POR,1505.7943246006178,0,2024-25
2025-03-30,22024,POR,1490.0799475984927,0,2024-25
2025-04-01,22024,POR,1481.0546044150583,0,2024-25
2025-04-03,22024,POR,1496.5496810339705,0,2024-25
2025-04-04,22024,POR,1505.1388657346724,0,2024-25
2025-04-06,22024,POR,1499.5438106095005,1,2024-25
2025-04-09,22024,POR,1506.127192152568,0,2024-25
2025-04-11,22024,POR,1491.7331064485695,1,2024-25
2025-04-13,22024,POR,1480.2643967422755,1,2024-25
2025-10-22,22025,POR,1504.394929763442,1,2025-26
2025-10-24,22025,POR,1498.8694342520816,1,2025-26
2025-10-26,22025,POR,1517.3188175852183,0,2025-26
2025-10-27,22025,POR,1511.8790631664606,0,2025-26
2025-10-29,22025,POR,1529.7157889789414,0,2025-26
2025-10-31,22025,POR,1533.3213015565195,1,2025-26
2025-11-03,22025,POR,1538.117173230196,1,2025-26
2025-11-05,22025,POR,1528.199478030495,1,2025-26
2025-11-08,22025,POR,1535.1799382065387,0,2025-26
2025-11-10,22025,POR,1529.3242517243018,0,2025-26
2025-11-12,22025,POR,1524.0227382345604,0,2025-26
2025-11-14,22025,POR,1529.486399275877,0,2025-26
2025-11-16,22025,POR,1518.1789315355024,0,2025-26
2025-11-18,22025,POR,1508.9515642176382,1,2025-26
2025-11-19,22025,POR,1491.6686597414432,1,2025-26
2025-11-21,22025,POR,1487.3245751530171,0,2025-26
2025-11-23,22025,POR,1496.5455033805297,0,2025-26
2025-11-24,22025,POR,1491.242078672837,0,2025-26
2025-11-26,22025,POR,1504.8822667865948,1,2025-26
2025-11-30,22025,POR,1491.10687999502,1,2025-26
2025-12-02,22025,POR,1487.404607963115,0,2025-26
2025-12-03,22025,POR,1483.5665655418334,0,2025-26
2025-12-05,22025,POR,1502.2524533634075,0,2025-26
2025-12-07,22025,POR,1498.0141084768643,0,2025-26
2025-12-11,22025,POR,1482.561750600982,0,2025-26
2025-12-14,22025,POR,1455.223019962222,1,2025-26
2025-12-18,22025,POR,1463.549538551235,1,2025-26
2025-12-20,22025,POR,1465.9810514238402,0,2025-26
2025-12-22,22025,POR,1472.3198615340343,1,2025-26
2025-12-23,22025,POR,1466.2655663146732,1,2025-26
2025-12-26,22025,POR,1460.5902680268282,1,2025-26
2025-12-28,22025,POR,1445.353103210315,1,2025-26
2025-12-29,22025,POR,1456.642104839373,1,2025-26
2025-12-31,22025,POR,1460.7317237121752,0,2025-26
2026-01-02,22025,POR,1455.7137467343937,0,2025-26
2026-01-03,22025,POR,1465.6570858497569,0,2025-26
2026-01-05,22025,POR,1477.9762491060287,1,2025-26
2026-01-07,22025,POR,1487.7632654537904,1,2025-26
2026-01-09,22025,POR,1493.155805522431,1,2025-26
2026-01-11,22025,POR,1503.1356366116977,1,2025-26
2026-01-13,22025,POR,1493.4055034132746,0,2025-26
2026-01-15,22025,POR,1481.7490657349304,1,2025-26
2026-01-17,22025,POR,1493.9337445924257,1,2025-26
2026-01-18,22025,POR,1505.4076869891255,0,2025-26
2026-01-22,22025,POR,1512.1531283899528,1,2025-26
2026-01-23,22025,POR,1523.7934367735052,1,2025-26
2026-01-26,22025,POR,1509.5436384053908,0,2025-26
2026-01-27,22025,POR,1505.1319505353847,0,2025-26
2026-01-30,22025,POR,1494.8569348007172,0,2025-26
2026-02-01,22025,POR,1480.983334803508,1,2025-26
2026-02-03,22025,POR,1467.8226592821702,1,2025-26
2026-02-06,22025,POR,1462.036027088734,1,2025-26
2026-02-07,22025,POR,1474.905125857571,1,2025-26
2026-02-09,22025,POR,1480.831102181408,1,2025-26
2026-02-11,22025,POR,1495.8544372097986,0,2025-26
2026-02-12,22025,POR,1484.728301792855,0,2025-26
2026-02-20,22025,POR,1495.023155218454,1,2025-26
2026-02-22,22025,POR,1461.2335246357975,0,2025-26
2026-02-24,22025,POR,1481.4350901659004,1,2025-26
2026-02-26,22025,POR,1476.2423833795222,0,2025-26
2026-02-28,22025,POR,1484.178059738574,0,2025-26
2026-03-01,22025,POR,1477.3671209928266,0,2025-26
2026-03-04,22025,POR,1458.4723501950475,0,2025-26
2026-03-06,22025,POR,1468.076580902592,0,2025-26
2026-03-08,22025,POR,1463.958130632695,1,2025-26
2026-03-10,22025,POR,1470.4792617763246,1,2025-26
2026-03-13,22025,POR,1467.1858451556448,1,2025-26
2026-03-15,22025,POR,1471.556484780922,0,2025-26
2026-03-16,22025,POR,1465.4904007256473,0,2025-26
2026-03-18,22025,POR,1475.986018510819,0,2025-26
2026-03-20,22025,POR,1480.8331538220152,0,2025-26
2026-03-22,22025,POR,1490.1583417553584,0,2025-26
2026-03-23,22025,POR,1482.498205413249,1,2025-26
2026-03-25,22025,POR,1490.836873184192,1,2025-26
2026-03-27,22025,POR,1500.9737039756508,1,2025-26
2026-03-29,22025,POR,1485.7766888809665,1,2025-26
2026-03-31,22025,POR,1493.1917666666343,0,2025-26
2026-04-02,22025,POR,1508.7889318379032,1,2025-26
2026-04-06,22025,POR,1515.4028487516064,0,2025-26
2026-04-08,22025,POR,1511.7169955792483,0,2025-26
2026-04-10,22025,POR,1508.8158291810514,1,2025-26
2026-04-12,22025,POR,1524.2269407448755,1,2025-26
2020-12-23,22020,SAC,1500.0,0,2020-21
2020-12-26,22020,SAC,1505.7525673061036,1,2020-21
2020-12-27,22020,SAC,1510.349744009263,1,2020-21
2020-12-29,22020,SAC,1493.071918601992,1,2020-21
2020-12-31,22020,SAC,1501.5574459503034,0,2020-21
2021-01-02,22020,SAC,1496.6342561997371,0,2020-21
2021-01-04,22020,SAC,1488.9454248928432,0,2020-21
2021-01-06,22020,SAC,1469.1273906783774,1,2020-21
2021-01-08,22020,SAC,1474.5572541839751,1,2020-21
2021-01-09,22020,SAC,1453.6596260049776,1,2020-21
2021-01-11,22020,SAC,1433.288815585285,1,2020-21
2021-01-13,22020,SAC,1441.46268149373,1,2020-21
2021-01-15,22020,SAC,1434.4674548486032,1,2020-21
2021-01-17,22020,SAC,1411.3282079651638,1,2020-21
2021-01-20,22020,SAC,1404.9904048456146,0,2020-21
2021-01-22,22020,SAC,1398.5641338712255,1,2020-21
2021-01-27,22020,SAC,1410.509784138028,0,2020-21
2021-01-29,22020,SAC,1427.9025445112509,0,2020-21
2021-01-30,22020,SAC,1434.9535429299897,0,2020-21
2021-02-01,22020,SAC,1431.5461347508967,0,2020-21
2021-02-03,22020,SAC,1444.8325672209864,1,2020-21
2021-02-06,22020,SAC,1452.6486575668685,1,2020-21
2021-02-07,22020,SAC,1461.237244678369,0,2020-21
2021-02-09,22020,SAC,1470.8976387015812,1,2020-21
2021-02-12,22020,SAC,1463.0362616711352,1,2020-21
2021-02-14,22020,SAC,1446.2082435775137,1,2020-21
2021-02-15,22020,SAC,1433.7229329914576,1,2020-21
2021-02-18,22020,SAC,1424.932083174566,1,2020-21
2021-02-20,22020,SAC,1414.9416187177485,0,2020-21
2021-02-21,22020,SAC,1409.464079151899,0,2020-21
2021-02-23,22020,SAC,1404.4487977260349,0,2020-21
2021-02-25,22020,SAC,1400.944796828423,0,2020-21
2021-02-26,22020,SAC,1392.0755915804305,0,2020-21
2021-02-28,22020,SAC,1399.7849037733863,1,2020-21
2021-03-03,22020,SAC,1396.2721724753058,1,2020-21
2021-03-04,22020,SAC,1404.821760622918,0,2020-21
2021-03-11,22020,SAC,1401.582537466684,1,2020-21
2021-03-13,22020,SAC,1413.1192021657932,0,2020-21
2021-03-15,22020,SAC,1405.5052427593455,0,2020-21
2021-03-17,22020,SAC,1401.4867720629015,0,2020-21
2021-03-19,22020,SAC,1407.4790492594402,0,2020-21
2021-03-20,22020,SAC,1424.5866995148056,0,2020-21
2021-03-22,22020,SAC,1418.2130664835297,0,2020-21
2021-03-24,22020,SAC,1431.9064983021349,1,2020-21
2021-03-25,22020,SAC,1437.6937547579028,1,2020-21
2021-03-27,22020,SAC,1456.0314426459263,1,2020-21
2021-03-29,22020,SAC,1458.9388131468218,0,2020-21
2021-03-31,22020,SAC,1477.9361091133849,0,2020-21
2021-04-02,22020,SAC,1466.8464579801682,1,2020-21
2021-04-03,22020,SAC,1451.871127743398,1,2020-21
2021-04-05,22020,SAC,1449.1928126059795,0,2020-21
2021-04-08,22020,SAC,1436.3252193571057,1,2020-21
2021-04-10,22020,SAC,1421.4670928619394,0,2020-21
2021-04-12,22020,SAC,1418.1802283466295,0,2020-21
2021-04-14,22020,SAC,1413.048022893886,1,2020-21
2021-04-15,22020,SAC,1399.625573489575,0,2020-21
2021-04-18,22020,SAC,1397.4886982429225,0,2020-21
2021-04-20,22020,SAC,1421.1137955744211,1,2020-21
2021-04-21,22020,SAC,1401.7536508223775,1,2020-21
2021-04-25,22020,SAC,1405.6662683719285,0,2020-21
2021-04-26,22020,SAC,1402.5198181595574,1,2020-21
2021-04-28,22020,SAC,1414.2764334963474,1,2020-21
2021-04-30,22020,SAC,1400.1474211122147,0,2020-21
2021-05-02,22020,SAC,1411.374594029791,0,2020-21
2021-05-04,22020,SAC,1433.1342759315337,0,2020-21
2021-05-05,22020,SAC,1436.9495688309712,0,2020-21
2021-05-07,22020,SAC,1451.5455766209682,1,2020-21
2021-05-09,22020,SAC,1440.821736547942,1,2020-21
2021-05-11,22020,SAC,1447.6804861857372,1,2020-21
2021-05-13,22020,SAC,1451.9901461691245,0,2020-21
2021-05-14,22020,SAC,1447.8686984726337,0,2020-21
2021-05-16,22020,SAC,1445.797661250209,1,2020-21
2021-10-20,22021,SAC,1462.027137475453,0,2021-22
2021-10-22,22021,SAC,1470.9707339815266,1,2021-22
2021-10-24,22021,SAC,1463.8552268157312,1,2021-22
2021-10-27,22021,SAC,1453.4299846442009,0,2021-22
2021-10-29,22021,SAC,1462.4327509774778,0,2021-22
2021-10-31,22021,SAC,1469.897884025958,0,2021-22
2021-11-02,22021,SAC,1464.7258966397806,0,2021-22
2021-11-03,22021,SAC,1461.6760758208382,1,2021-22
2021-11-05,22021,SAC,1470.9254401376102,1,2021-22
2021-11-07,22021,SAC,1489.156554553874,1,2021-22
2021-11-08,22021,SAC,1482.283205019292,1,2021-22
2021-11-10,22021,SAC,1476.0921802291723,0,2021-22
2021-11-12,22021,SAC,1462.4779197875682,0,2021-22
2021-11-15,22021,SAC,1456.686779741782,0,2021-22
2021-11-17,22021,SAC,1472.420434762371,0,2021-22
2021-11-19,22021,SAC,1462.2668157999765,1,2021-22
2021-11-20,22021,SAC,1443.7889983946943,1,2021-22
2021-11-22,22021,SAC,1434.684674222323,1,2021-22
2021-11-24,22021,SAC,1427.883089514664,1,2021-22
2021-11-26,22021,SAC,1436.4282523932811,0,2021-22
2021-11-28,22021,SAC,1444.8109137037104,0,2021-22
2021-11-30,22021,SAC,1427.745983533972,1,2021-22
2021-12-01,22021,SAC,1407.6691336100637,0,2021-22
2021-12-04,22021,SAC,1423.2046864910128,1,2021-22
2021-12-08,22021,SAC,1430.9199421363564,1,2021-22
2021-12-10,22021,SAC,1436.8230884535135,0,2021-22
2021-12-11,22021,SAC,1434.1882201081432,0,2021-22
2021-12-13,22021,SAC,1427.698439018557,0,2021-22
2021-12-15,22021,SAC,1415.5866067915947,1,2021-22
2021-12-17,22021,SAC,1428.4411320061647,1,2021-22
2021-12-19,22021,SAC,1416.473930963483,1,2021-22
2021-12-20,22021,SAC,1425.3168815990148,0,2021-22
2021-12-22,22021,SAC,1421.3545703776408,1,2021-22
2021-12-26,22021,SAC,1408.3234407623313,1,2021-22
2021-12-28,22021,SAC,1394.0224980046316,1,2021-22
2021-12-29,22021,SAC,1399.3370883566524,1,2021-22
2021-12-31,22021,SAC,1404.4024472522,1,2021-22
2022-01-02,22021,SAC,1393.0825959201368,1,2021-22
2022-01-04,22021,SAC,1400.1807578068876,0,2021-22
2022-01-05,22021,SAC,1394.7931909329334,1,2021-22
2022-01-07,22021,SAC,1388.0256924674818,0,2021-22
2022-01-09,22021,SAC,1383.2089455082323,0,2021-22
2022-01-10,22021,SAC,1373.3546657909817,1,2021-22
2022-01-12,22021,SAC,1371.0852637965154,1,2021-22
2022-01-14,22021,SAC,1383.2478936728212,1,2021-22
2022-01-16,22021,SAC,1390.6134459924046,1,2021-22
2022-01-19,22021,SAC,1379.0154881691524,1,2021-22
2022-01-22,22021,SAC,1372.675050132529,0,2021-22
2022-01-25,22021,SAC,1370.159654952906,0,2021-22
2022-01-26,22021,SAC,1358.129719207937,0,2021-22
2022-01-29,22021,SAC,1351.6238626272368,0,2021-22
2022-01-31,22021,SAC,1350.347470698276,0,2021-22
2022-02-02,22021,SAC,1342.53632135144,1,2021-22
2022-02-03,22021,SAC,1358.616999045168,0,2021-22
2022-02-05,22021,SAC,1356.4201043098362,1,2021-22
2022-02-08,22021,SAC,1365.8006564018478,1,2021-22
2022-02-09,22021,SAC,1357.2145064727158,1,2021-22
2022-02-12,22021,SAC,1377.7964546453825,0,2021-22
2022-02-14,22021,SAC,1394.867609099436,0,2021-22
2022-02-16,22021,SAC,1382.5951907745807,0,2021-22
2022-02-24,22021,SAC,1379.1225612472049,1,2021-22
2022-02-26,22021,SAC,1370.9707678606549,0,2021-22
2022-02-28,22021,SAC,1368.8860519360392,0,2021-22
2022-03-02,22021,SAC,1388.47581479863,0,2021-22
2022-03-03,22021,SAC,1378.8072108966328,0,2021-22
2022-03-05,22021,SAC,1387.84419539137,0,2021-22
2022-03-07,22021,SAC,1386.7641588489778,1,2021-22
2022-03-09,22021,SAC,1372.832882918003,1,2021-22
2022-03-12,22021,SAC,1369.0742692634449,0,2021-22
2022-03-14,22021,SAC,1366.263605558774,1,2021-22
2022-03-16,22021,SAC,1379.9406819230735,1,2021-22
2022-03-18,22021,SAC,1375.0782430834336,1,2021-22
2022-03-20,22021,SAC,1367.8269582996093,1,2021-22
2022-03-23,22021,SAC,1366.3197200566726,0,2021-22
2022-03-26,22021,SAC,1371.9848468541102,0,2021-22
2022-03-28,22021,SAC,1378.7575462960756,0,2021-22
2022-03-30,22021,SAC,1372.3356205203806,0,2021-22
2022-04-01,22021,SAC,1378.161803534717,0,2021-22
2022-04-03,22021,SAC,1385.1914732213045,1,2021-22
2022-04-05,22021,SAC,1375.2465495260162,1,2021-22
2022-04-09,22021,SAC,1366.7021514732453,0,2021-22
2022-04-10,22021,SAC,1360.0932567588256,0,2021-22
2022-10-19,22022,SAC,1428.7120922593208,1,2022-23
2022-10-22,22022,SAC,1416.0536371889098,1,2022-23
2022-10-23,22022,SAC,1412.2377114366632,0,2022-23
2022-10-27,22022,SAC,1409.137927791068,1,2022-23
2022-10-29,22022,SAC,1400.5371446152965,1,2022-23
2022-10-31,22022,SAC,1410.7036935916396,0,2022-23
2022-11-02,22022,SAC,1424.8096378565954,0,2022-23
2022-11-05,22022,SAC,1421.8998608871243,0,2022-23
2022-11-07,22022,SAC,1428.008113984884,0,2022-23
2022-11-09,22022,SAC,1424.6865647271366,1,2022-23
2022-11-11,22022,SAC,1436.2797568961803,0,2022-23
2022-11-13,22022,SAC,1444.513611611842,1,2022-23
2022-11-15,22022,SAC,1453.5359613411415,1,2022-23
2022-11-17,22022,SAC,1477.7536015063497,1,2022-23
2022-11-20,22022,SAC,1488.573191713552,1,2022-23
2022-11-22,22022,SAC,1492.7454886406197,0,2022-23
2022-11-23,22022,SAC,1501.8718659259453,0,2022-23
2022-11-25,22022,SAC,1495.0386984858314,0,2022-23
2022-11-28,22022,SAC,1489.0605718511647,1,2022-23
2022-11-30,22022,SAC,1483.7899411995954,1,2022-23
2022-12-03,22022,SAC,1498.2042388367738,0,2022-23
2022-12-04,22022,SAC,1522.143549095334,1,2022-23
2022-12-07,22022,SAC,1529.1510711186502,0,2022-23
2022-12-09,22022,SAC,1520.7656488241691,0,2022-23
2022-12-11,22022,SAC,1535.9810781186795,0,2022-23
2022-12-13,22022,SAC,1525.1999437461675,0,2022-23
2022-12-14,22022,SAC,1513.1448352664827,0,2022-23
2022-12-16,22022,SAC,1517.836634295945,0,2022-23
2022-12-19,22022,SAC,1525.03567023217,1,2022-23
2022-12-21,22022,SAC,1511.0280953027925,1,2022-23
2022-12-23,22022,SAC,1520.041131577166,1,2022-23
2022-12-27,22022,SAC,1499.161175122584,1,2022-23
2022-12-28,22022,SAC,1490.9967521644528,1,2022-23
2022-12-30,22022,SAC,1495.4082799703974,1,2022-23
2023-01-01,22022,SAC,1498.922620465169,0,2022-23
2023-01-03,22022,SAC,1493.5004531505529,0,2022-23
2023-01-04,22022,SAC,1499.3478239406563,1,2022-23
2023-01-07,22022,SAC,1491.9810081011,1,2022-23
2023-01-09,22022,SAC,1486.2510520813978,1,2022-23
2023-01-11,22022,SAC,1498.1772068712144,1,2022-23
2023-01-13,22022,SAC,1504.5991971435017,1,2022-23
2023-01-15,22022,SAC,1511.6339876883312,0,2022-23
2023-01-18,22022,SAC,1519.454604282566,0,2022-23
2023-01-20,22022,SAC,1526.9018383942291,1,2022-23
2023-01-21,22022,SAC,1533.103103735273,1,2022-23
2023-01-23,22022,SAC,1528.3374654153663,1,2022-23
2023-01-25,22022,SAC,1557.0589751734813,1,2022-23
2023-01-28,22022,SAC,1534.5839548424624,0,2022-23
2023-01-30,22022,SAC,1526.9356381676585,0,2022-23
2023-02-01,22022,SAC,1536.6401572337331,0,2022-23
2023-02-03,22022,SAC,1541.5867620648198,0,2022-23
2023-02-05,22022,SAC,1534.7118626858532,0,2022-23
2023-02-06,22022,SAC,1510.6090832829864,0,2022-23
2023-02-08,22022,SAC,1519.396597820497,0,2022-23
2023-02-10,22022,SAC,1521.77896233571,1,2022-23
2023-02-11,22022,SAC,1510.6586026366913,1,2022-23
2023-02-14,22022,SAC,1516.7820909323918,0,2022-23
2023-02-23,22022,SAC,1508.141729638837,1,2022-23
2023-02-24,22022,SAC,1517.542225385269,0,2022-23
2023-02-26,22022,SAC,1522.6306569677083,0,2022-23
2023-02-28,22022,SAC,1533.9500163635178,0,2022-23
2023-03-03,22022,SAC,1542.2689872423202,1,2022-23
2023-03-04,22022,SAC,1545.039360797569,1,2022-23
2023-03-06,22022,SAC,1536.8630987278057,1,2022-23
2023-03-09,22022,SAC,1545.0892469106166,1,2022-23
2023-03-11,22022,SAC,1552.1386214819402,0,2022-23
2023-03-13,22022,SAC,1564.7997534218368,1,2022-23
2023-03-15,22022,SAC,1556.018288974419,0,2022-23
2023-03-16,22022,SAC,1561.8909373873134,0,2022-23
2023-03-18,22022,SAC,1568.9652404697233,0,2022-23
2023-03-20,22022,SAC,1580.1763024461272,0,2022-23
2023-03-21,22022,SAC,1568.6603773252505,1,2022-23
2023-03-24,22022,SAC,1550.0336993651993,1,2022-23
2023-03-25,22022,SAC,1557.0312229439307,1,2022-23
2023-03-27,22022,SAC,1561.5109545591197,1,2022-23
2023-03-29,22022,SAC,1553.108922250722,0,2022-23
2023-03-31,22022,SAC,1568.233318510784,0,2022-23
2023-04-02,22022,SAC,1577.2519011283557,1,2022-23
2023-04-04,22022,SAC,1555.028510942349,0,2022-23
2023-04-05,22022,SAC,1572.280309299032,0,2022-23
2023-04-07,22022,SAC,1564.5741011954683,1,2022-23
2023-04-09,22022,SAC,1542.7271748259486,0,2022-23
2023-10-25,22023,SAC,1518.9876406501926,0,2023-24
2023-10-27,22023,SAC,1532.0755630198355,1,2023-24
2023-10-29,22023,SAC,1521.7156830317886,1,2023-24
2023-11-01,22023,SAC,1527.876843425951,0,2023-24
2023-11-04,22023,SAC,1525.2653850059498,0,2023-24
2023-11-06,22023,SAC,1504.8161411267863,0,2023-24
2023-11-08,22023,SAC,1482.206589332378,1,2023-24
2023-11-10,22023,SAC,1485.4032750747135,1,2023-24
2023-11-13,22023,SAC,1493.3612864752229,1,2023-24
2023-11-15,22023,SAC,1504.726389004266,0,2023-24
2023-11-17,22023,SAC,1521.5352713770485,0,2023-24
2023-11-19,22023,SAC,1527.6368707900765,0,2023-24
2023-11-20,22023,SAC,1543.7557088735132,0,2023-24
2023-11-22,22023,SAC,1518.8294939804523,0,2023-24
2023-11-24,22023,SAC,1513.043144184402,0,2023-24
2023-11-28,22023,SAC,1531.663871164878,1,2023-24
2023-11-29,22023,SAC,1534.8814860505872,1,2023-24
2023-12-02,22023,SAC,1518.3742261214754,1,2023-24
2023-12-04,22023,SAC,1526.2674848548272,1,2023-24
2023-12-08,22023,SAC,1514.0272499961006,0,2023-24
2023-12-11,22023,SAC,1526.023094000342,1,2023-24
2023-12-12,22023,SAC,1537.199945649966,0,2023-24
2023-12-14,22023,SAC,1524.148133446379,1,2023-24
2023-12-16,22023,SAC,1531.5467228271243,1,2023-24
2023-12-18,22023,SAC,1538.9847211594622,1,2023-24
2023-12-20,22023,SAC,1543.303720838866,1,2023-24
2023-12-22,22023,SAC,1528.6603566962876,1,2023-24
2023-12-23,22023,SAC,1538.8426190972486,1,2023-24
2023-12-26,22023,SAC,1528.4883420051426,0,2023-24
2023-12-29,22023,SAC,1506.0361720478584,0,2023-24
2023-12-31,22023,SAC,1515.2581636037503,0,2023-24
2024-01-02,22023,SAC,1535.672703740305,1,2023-24
2024-01-03,22023,SAC,1517.972033219858,1,2023-24
2024-01-05,22023,SAC,1522.5102855558766,1,2023-24
2024-01-07,22023,SAC,1527.1858483213553,1,2023-24
2024-01-09,22023,SAC,1503.7358361239344,0,2023-24
2024-01-10,22023,SAC,1510.497512476665,0,2023-24
2024-01-12,22023,SAC,1521.270729166821,0,2023-24
2024-01-14,22023,SAC,1510.731489668599,0,2023-24
2024-01-16,22023,SAC,1508.6230986549574,0,2023-24
2024-01-18,22023,SAC,1504.858417429797,1,2023-24
2024-01-22,22023,SAC,1497.5050339466238,1,2023-24
2024-01-25,22023,SAC,1505.799116095065,0,2023-24
2024-01-27,22023,SAC,1510.2720644002654,0,2023-24
2024-01-29,22023,SAC,1517.4836753083937,0,2023-24
2024-01-31,22023,SAC,1527.17740816191,0,2023-24
2024-02-02,22023,SAC,1516.9377798773828,0,2023-24
2024-02-03,22023,SAC,1531.1980690620662,0,2023-24
2024-02-05,22023,SAC,1540.345188749984,0,2023-24
2024-02-07,22023,SAC,1530.0439158341542,1,2023-24
2024-02-09,22023,SAC,1501.6129513109715,1,2023-24
2024-02-11,22023,SAC,1527.6924290790153,0,2023-24
2024-02-13,22023,SAC,1519.5469450545654,0,2023-24
2024-02-14,22023,SAC,1515.137185459488,0,2023-24
2024-02-22,22023,SAC,1524.0698546961607,1,2023-24
2024-02-25,22023,SAC,1526.272466945205,0,2023-24
2024-02-26,22023,SAC,1548.99764505617,1,2023-24
2024-02-28,22023,SAC,1535.824394903512,0,2023-24
2024-03-01,22023,SAC,1524.6740172709915,0,2023-24
2024-03-04,22023,SAC,1535.7378299153145,1,2023-24
2024-03-06,22023,SAC,1526.8663910892976,0,2023-24
2024-03-07,22023,SAC,1539.2975789255677,1,2023-24
2024-03-10,22023,SAC,1540.9066676936889,1,2023-24
2024-03-12,22023,SAC,1527.3696734077753,1,2023-24
2024-03-13,22023,SAC,1552.1041421351215,1,2023-24
2024-03-16,22023,SAC,1561.4899477918466,1,2023-24
2024-03-18,22023,SAC,1551.257317451799,1,2023-24
2024-03-20,22023,SAC,1554.3934694996408,0,2023-24
2024-03-21,22023,SAC,1567.5867789727713,0,2023-24
2024-03-23,22023,SAC,1550.5212849793973,0,2023-24
2024-03-25,22023,SAC,1556.292418481836,1,2023-24
2024-03-26,22023,SAC,1562.861085443885,1,2023-24
2024-03-29,22023,SAC,1534.4371474111558,1,2023-24
2024-03-31,22023,SAC,1528.581304137368,1,2023-24
2024-04-02,22023,SAC,1535.6918083055868,1,2023-24
2024-04-04,22023,SAC,1546.7999867569388,0,2023-24
2024-04-05,22023,SAC,1538.3539606430732,0,2023-24
2024-04-07,22023,SAC,1537.2286051750075,0,2023-24
2024-04-09,22023,SAC,1555.3653774592535,0,2023-24
2024-04-11,22023,SAC,1549.463871746171,1,2023-24
2024-04-12,22023,SAC,1537.4342077813906,1,2023-24
2024-04-14,22023,SAC,1533.5950450819166,1,2023-24
2024-10-24,22024,SAC,1524.56106161839,1,2024-25
2024-10-26,22024,SAC,1519.693345451267,0,2024-25
2024-10-28,22024,SAC,1515.2980141805408,1,2024-25
2024-10-29,22024,SAC,1521.0781062333297,0,2024-25
2024-11-01,22024,SAC,1531.761904734583,0,2024-25
2024-11-02,22024,SAC,1539.7413802572464,0,2024-25
2024-11-04,22024,SAC,1531.3196283997406,0,2024-25
2024-11-06,22024,SAC,1536.0248865096476,1,2024-25
2024-11-08,22024,SAC,1541.131053920143,1,2024-25
2024-11-10,22024,SAC,1528.9706958136287,0,2024-25
2024-11-11,22024,SAC,1543.6431168340075,0,2024-25
2024-11-13,22024,SAC,1524.1958071303484,1,2024-25
2024-11-15,22024,SAC,1543.7907257540703,1,2024-25
2024-11-16,22024,SAC,1536.2961743294395,1,2024-25
2024-11-18,22024,SAC,1538.7761117658818,1,2024-25
2024-11-22,22024,SAC,1532.4631510488855,0,2024-25
2024-11-24,22024,SAC,1521.1000106014892,1,2024-25
2024-11-25,22024,SAC,1509.9230649171625,1,2024-25
2024-11-27,22024,SAC,1497.551386992512,0,2024-25
2024-11-29,22024,SAC,1512.3487371060994,0,2024-25
2024-12-01,22024,SAC,1500.1271298712747,1,2024-25
2024-12-03,22024,SAC,1493.9469220326976,1,2024-25
2024-12-05,22024,SAC,1505.5337893009655,0,2024-25
2024-12-06,22024,SAC,1500.2599496225778,0,2024-25
2024-12-08,22024,SAC,1521.231763368391,1,2024-25
2024-12-12,22024,SAC,1534.53464617907,0,2024-25
2024-12-16,22024,SAC,1537.600799343323,1,2024-25
2024-12-19,22024,SAC,1533.4248820685714,1,2024-25
2024-12-21,22024,SAC,1516.471624718598,1,2024-25
2024-12-22,22024,SAC,1508.5872424069466,1,2024-25
2024-12-26,22024,SAC,1482.1270304929683,1,2024-25
2024-12-28,22024,SAC,1476.4426880701474,0,2024-25
2024-12-30,22024,SAC,1468.9445474363952,1,2024-25
2025-01-01,22024,SAC,1482.2237318869772,1,2024-25
2025-01-03,22024,SAC,1488.5694423593277,1,2024-25
2025-01-05,22024,SAC,1497.0285130981065,0,2024-25
2025-01-06,22024,SAC,1527.1214468349826,1,2024-25
2025-01-10,22024,SAC,1532.1283382496924,0,2024-25
2025-01-12,22024,SAC,1558.5253413179082,0,2024-25
2025-01-14,22024,SAC,1564.399661129806,0,2024-25
2025-01-16,22024,SAC,1551.0931156792344,1,2024-25
2025-01-19,22024,SAC,1558.660887394661,1,2024-25
2025-01-22,22024,SAC,1561.8491290172292,1,2024-25
2025-01-23,22024,SAC,1566.195247521474,0,2024-25
2025-01-25,22024,SAC,1560.1340941018436,0,2024-25
2025-01-27,22024,SAC,1546.956448562658,0,2024-25
2025-01-29,22024,SAC,1553.175863193425,0,2024-25
2025-02-01,22024,SAC,1538.804568087318,0,2024-25
2025-02-03,22024,SAC,1530.471793186984,0,2024-25
2025-02-05,22024,SAC,1537.539657836723,1,2024-25
2025-02-06,22024,SAC,1509.732251059485,0,2024-25
2025-02-08,22024,SAC,1502.3329002851306,1,2024-25
2025-02-10,22024,SAC,1505.1050655262748,0,2024-25
2025-02-12,22024,SAC,1510.384467294557,0,2024-25
2025-02-13,22024,SAC,1515.839340769052,0,2024-25
2025-02-21,22024,SAC,1502.9538111551003,1,2024-25
2025-02-24,22024,SAC,1481.0843782700497,1,2024-25
2025-02-26,22024,SAC,1490.709491082806,0,2024-25
2025-03-01,22024,SAC,1502.557607886998,0,2024-25
2025-03-03,22024,SAC,1517.1927443945706,0,2024-25
2025-03-05,22024,SAC,1538.49740767444,0,2024-25
2025-03-07,22024,SAC,1533.9988135442063,1,2024-25
2025-03-09,22024,SAC,1542.2712267577854,0,2024-25
2025-03-10,22024,SAC,1538.7994178230815,1,2024-25
2025-03-13,22024,SAC,1516.139612171283,0,2024-25
2025-03-14,22024,SAC,1503.7757342629657,0,2024-25
2025-03-17,22024,SAC,1489.2888015841445,1,2024-25
2025-03-19,22024,SAC,1501.6372631739534,1,2024-25
2025-03-20,22024,SAC,1512.2808841266046,1,2024-25
2025-03-22,22024,SAC,1494.9860129091423,1,2024-25
2025-03-24,22024,SAC,1488.2743516120356,1,2024-25
2025-03-25,22024,SAC,1480.4974689829305,1,2024-25
2025-03-27,22024,SAC,1475.9131279175188,1,2024-25
2025-03-29,22024,SAC,1491.6275049196438,0,2024-25
2025-03-31,22024,SAC,1470.409308101172,0,2024-25
2025-04-02,22024,SAC,1467.917015466082,0,2024-25
2025-04-04,22024,SAC,1456.0942009835032,0,2024-25
2025-04-06,22024,SAC,1466.630039547381,0,2024-25
2025-04-07,22024,SAC,1484.9635324797882,0,2024-25
2025-04-09,22024,SAC,1501.040644384777,1,2024-25
2025-04-11,22024,SAC,1492.1872894979954,1,2024-25
2025-04-13,22024,SAC,1489.497685782312,1,2024-25
2025-10-22,22025,SAC,1498.1040675984768,0,2025-26
2025-10-24,22025,SAC,1492.0388047749332,1,2025-26
2025-10-26,22025,SAC,1494.2808482751611,1,2025-26
2025-10-28,22025,SAC,1486.1234333491404,0,2025-26
2025-10-29,22025,SAC,1483.4397266996527,0,2025-26
2025-11-01,22025,SAC,1475.6704562999423,0,2025-26
2025-11-03,22025,SAC,1483.3848759860498,0,2025-26
2025-11-05,22025,SAC,1479.1531226756229,1,2025-26
2025-11-07,22025,SAC,1487.395493041627,1,2025-26
2025-11-09,22025,SAC,1475.3514082619083,1,2025-26
2025-11-11,22025,SAC,1458.2384744395904,1,2025-26
2025-11-12,22025,SAC,1449.7030220979257,1,2025-26
2025-11-14,22025,SAC,1427.1651356739317,0,2025-26
2025-11-16,22025,SAC,1422.1863627854427,0,2025-26
2025-11-19,22025,SAC,1415.243608222191,0,2025-26
2025-11-20,22025,SAC,1413.0130969165982,0,2025-26
2025-11-22,22025,SAC,1393.1121265936752,0,2025-26
2025-11-24,22025,SAC,1408.7255136898198,1,2025-26
2025-11-26,22025,SAC,1419.3556373245556,1,2025-26
2025-11-28,22025,SAC,1410.000764036792,0,2025-26
2025-11-30,22025,SAC,1400.58904014396,1,2025-26
2025-12-03,22025,SAC,1392.412253608295,0,2025-26
2025-12-06,22025,SAC,1387.3307507372083,0,2025-26
2025-12-08,22025,SAC,1414.3738445847043,0,2025-26
2025-12-11,22025,SAC,1405.555296744178,1,2025-26
2025-12-14,22025,SAC,1394.8223823819092,0,2025-26
2025-12-18,22025,SAC,1390.7834316603562,0,2025-26
2025-12-20,22025,SAC,1388.351918787751,1,2025-26
2025-12-21,22025,SAC,1382.0131086775566,1,2025-26
2025-12-23,22025,SAC,1389.2291192820362,1,2025-26
2025-12-27,22025,SAC,1384.968692083909,1,2025-26
2025-12-28,22025,SAC,1392.7246779096904,0,2025-26
2025-12-30,22025,SAC,1384.0282475361855,0,2025-26
2026-01-01,22025,SAC,1371.73386609313,1,2025-26
2026-01-02,22025,SAC,1365.990241620837,0,2025-26
2026-01-04,22025,SAC,1358.8507033583253,1,2025-26
2026-01-06,22025,SAC,1346.0876703801189,1,2025-26
2026-01-09,22025,SAC,1341.7153872832507,0,2025-26
2026-01-11,22025,SAC,1334.5676211010193,1,2025-26
2026-01-12,22025,SAC,1357.9637998991498,1,2025-26
2026-01-14,22025,SAC,1374.292801529563,1,2025-26
2026-01-16,22025,SAC,1391.3749492255274,1,2025-26
2026-01-18,22025,SAC,1398.6910297774095,1,2025-26
2026-01-20,22025,SAC,1391.9455883765822,1,2025-26
2026-01-21,22025,SAC,1381.9004023933512,1,2025-26
2026-01-23,22025,SAC,1372.7646091587471,0,2025-26
2026-01-25,22025,SAC,1370.276662963024,0,2025-26
2026-01-27,22025,SAC,1366.0751256557498,0,2025-26
2026-01-29,22025,SAC,1360.5277204808222,0,2025-26
2026-01-30,22025,SAC,1358.2356039143388,0,2025-26
2026-02-01,22025,SAC,1354.468261113117,0,2025-26
2026-02-04,22025,SAC,1348.2545961542714,1,2025-26
2026-02-06,22025,SAC,1342.9758027549708,1,2025-26
2026-02-07,22025,SAC,1339.7308875351682,1,2025-26
2026-02-09,22025,SAC,1336.9257624282393,0,2025-26
2026-02-11,22025,SAC,1323.2639137135234,0,2025-26
2026-02-19,22025,SAC,1307.2923570273135,1,2025-26
2026-02-21,22025,SAC,1291.4245243438036,0,2025-26
2026-02-23,22025,SAC,1289.5926514469631,0,2025-26
2026-02-25,22025,SAC,1306.568381616946,0,2025-26
2026-02-26,22025,SAC,1302.0639987506768,0,2025-26
2026-03-01,22025,SAC,1318.462759030327,0,2025-26
2026-03-03,22025,SAC,1312.7658330969566,1,2025-26
2026-03-05,22025,SAC,1306.9094122506483,1,2025-26
2026-03-08,22025,SAC,1298.1396852923738,1,2025-26
2026-03-10,22025,SAC,1314.5488284586536,1,2025-26
2026-03-11,22025,SAC,1320.003093673658,1,2025-26
2026-03-14,22025,SAC,1317.082418556446,0,2025-26
2026-03-15,22025,SAC,1339.6954313440697,1,2025-26
2026-03-17,22025,SAC,1344.9543999608247,1,2025-26
2026-03-19,22025,SAC,1340.240649091173,1,2025-26
2026-03-22,22025,SAC,1328.3327164372058,1,2025-26
2026-03-24,22025,SAC,1332.9499469497775,0,2025-26
2026-03-26,22025,SAC,1327.899676221792,0,2025-26
2026-03-28,22025,SAC,1325.7910969402274,0,2025-26
2026-03-29,22025,SAC,1323.1020571048905,0,2025-26
2026-04-01,22025,SAC,1308.920429755256,0,2025-26
2026-04-03,22025,SAC,1328.532249258977,1,2025-26
2026-04-05,22025,SAC,1335.780375443413,1,2025-26
2026-04-07,22025,SAC,1325.0082212206946,0,2025-26
2026-04-10,22025,SAC,1321.5830137426617,1,2025-26
2026-04-12,22025,SAC,1331.2173732743852,0,2025-26
2020-12-23,22020,SAS,1500.0,0,2020-21
2020-12-26,22020,SAS,1513.853474590297,1,2020-21
2020-12-27,22020,SAS,1518.989252569935,0,2020-21
2020-12-30,22020,SAS,1514.1030116046452,1,2020-21
2021-01-01,22020,SAS,1498.807982521257,1,2020-21
2021-01-03,22020,SAS,1490.5250254240332,1,2020-21
2021-01-05,22020,SAS,1471.614769402296,0,2020-21
2021-01-07,22020,SAS,1479.2091099494194,0,2020-21
2021-01-09,22020,SAS,1493.8051516297178,0,2020-21
2021-01-10,22020,SAS,1499.0547824880084,0,2020-21
2021-01-12,22020,SAS,1489.0443990318165,0,2020-21
2021-01-14,22020,SAS,1501.7269938565653,1,2020-21
2021-01-16,22020,SAS,1493.5433131145812,1,2020-21
2021-01-18,22020,SAS,1502.7619790326503,0,2020-21
2021-01-20,22020,SAS,1523.3951186238216,0,2020-21
2021-01-22,22020,SAS,1506.5983626023246,1,2020-21
2021-01-24,22020,SAS,1498.5647283308283,1,2020-21
2021-01-27,22020,SAS,1511.245008368919,1,2020-21
2021-01-29,22020,SAS,1516.785932568091,1,2020-21
2021-01-30,22020,SAS,1527.3648285667698,1,2020-21
2021-02-01,22020,SAS,1508.806773061668,1,2020-21
2021-02-03,22020,SAS,1483.701069224922,1,2020-21
2021-02-06,22020,SAS,1486.6710822790767,0,2020-21
2021-02-08,22020,SAS,1496.5644308666124,1,2020-21
2021-02-09,22020,SAS,1502.6751066698428,1,2020-21
2021-02-12,22020,SAS,1481.221445755957,0,2020-21
2021-02-14,22020,SAS,1495.3700200589965,0,2020-21
2021-02-24,22020,SAS,1509.428069377484,0,2020-21
2021-02-27,22020,SAS,1503.0992683877928,1,2020-21
2021-03-01,22020,SAS,1507.6098902882447,1,2020-21
2021-03-02,22020,SAS,1497.1053369985812,1,2020-21
2021-03-04,22020,SAS,1514.690839055902,1,2020-21
2021-03-10,22020,SAS,1503.5275809536452,0,2020-21
2021-03-12,22020,SAS,1494.8394810022237,1,2020-21
2021-03-14,22020,SAS,1504.9885409830076,0,2020-21
2021-03-15,22020,SAS,1491.9687964652644,0,2020-21
2021-03-17,22020,SAS,1502.0948080842627,0,2020-21
2021-03-19,22020,SAS,1512.131339772122,0,2020-21
2021-03-20,22020,SAS,1517.6615960991671,0,2020-21
2021-03-22,22020,SAS,1512.722720613215,1,2020-21
2021-03-24,22020,SAS,1505.4214647764252,1,2020-21
2021-03-25,22020,SAS,1483.7087133403015,1,2020-21
2021-03-27,22020,SAS,1474.1686389636775,1,2020-21
2021-03-29,22020,SAS,1485.676598626982,1,2020-21
2021-03-31,22020,SAS,1466.679302660419,1,2020-21
2021-04-01,22020,SAS,1477.7689537936355,1,2020-21
2021-04-03,22020,SAS,1470.6570809349848,1,2020-21
2021-04-05,22020,SAS,1462.1214308971923,1,2020-21
2021-04-07,22020,SAS,1432.3887481485929,0,2020-21
2021-04-09,22020,SAS,1428.9095804438618,0,2020-21
2021-04-11,22020,SAS,1427.348226492816,0,2020-21
2021-04-12,22020,SAS,1436.2632285182126,0,2020-21
2021-04-14,22020,SAS,1452.396002254205,0,2020-21
2021-04-16,22020,SAS,1446.54547763021,1,2020-21
2021-04-17,22020,SAS,1442.5638139368657,0,2020-21
2021-04-19,22020,SAS,1483.6968818039911,0,2020-21
2021-04-21,22020,SAS,1500.054633207084,1,2020-21
2021-04-22,22020,SAS,1480.6020809019917,1,2020-21
2021-04-24,22020,SAS,1488.6890975965125,0,2020-21
2021-04-26,22020,SAS,1494.3554997235474,0,2020-21
2021-04-28,22020,SAS,1500.6944588448043,0,2020-21
2021-04-30,22020,SAS,1494.933827361114,0,2020-21
2021-05-02,22020,SAS,1490.9531840601603,1,2020-21
2021-05-03,22020,SAS,1487.3569324544128,0,2020-21
2021-05-05,22020,SAS,1483.0418627066983,0,2020-21
2021-05-07,22020,SAS,1474.4506727143305,0,2020-21
2021-05-08,22020,SAS,1485.174512787357,0,2020-21
2021-05-10,22020,SAS,1475.154408666018,1,2020-21
2021-05-12,22020,SAS,1498.262247402807,0,2020-21
2021-05-13,22020,SAS,1491.833606811928,0,2020-21
2021-05-15,22020,SAS,1488.3968171987326,1,2020-21
2021-05-16,22020,SAS,1469.144913944696,1,2020-21
2021-10-20,22021,SAS,1479.6363818438003,1,2021-22
2021-10-22,22021,SAS,1489.5664846130032,0,2021-22
2021-10-23,22021,SAS,1485.328891666538,1,2021-22
2021-10-26,22021,SAS,1475.4752075572146,1,2021-22
2021-10-28,22021,SAS,1468.9299638588982,0,2021-22
2021-10-30,22021,SAS,1464.5006750881296,0,2021-22
2021-11-01,22021,SAS,1479.7709652676017,0,2021-22
2021-11-03,22021,SAS,1468.7601623542923,1,2021-22
2021-11-05,22021,SAS,1464.6137209108044,0,2021-22
2021-11-07,22021,SAS,1474.536198692087,0,2021-22
2021-11-10,22021,SAS,1465.1266565622827,1,2021-22
2021-11-12,22021,SAS,1478.740917003887,1,2021-22
2021-11-14,22021,SAS,1465.447422248794,0,2021-22
2021-11-16,22021,SAS,1458.4164652746647,0,2021-22
2021-11-18,22021,SAS,1451.9963351757997,0,2021-22
2021-11-22,22021,SAS,1435.3162896952297,1,2021-22
2021-11-24,22021,SAS,1431.9219614400838,1,2021-22
2021-11-26,22021,SAS,1419.6673025884645,1,2021-22
2021-11-29,22021,SAS,1430.128302537123,1,2021-22
2021-12-02,22021,SAS,1446.9665668807245,0,2021-22
2021-12-04,22021,SAS,1482.6841410956242,0,2021-22
2021-12-06,22021,SAS,1496.5128232262305,0,2021-22
2021-12-07,22021,SAS,1493.9930878496775,1,2021-22
2021-12-09,22021,SAS,1480.2958423145858,1,2021-22
2021-12-11,22021,SAS,1492.251526731793,1,2021-22
2021-12-12,22021,SAS,1477.9609860322812,1,2021-22
2021-12-15,22021,SAS,1487.3024802141124,1,2021-22
2021-12-17,22021,SAS,1470.1349960081284,0,2021-22
2021-12-19,22021,SAS,1480.228615953278,0,2021-22
2021-12-20,22021,SAS,1471.3856653177463,0,2021-22
2021-12-23,22021,SAS,1496.9751278431297,0,2021-22
2021-12-26,22021,SAS,1520.117761378995,1,2021-22
2021-12-27,22021,SAS,1527.5928005589917,1,2021-22
2021-12-31,22021,SAS,1522.263460157735,0,2021-22
2022-01-01,22021,SAS,1513.5369732330946,0,2021-22
2022-01-04,22021,SAS,1506.8268045255911,0,2021-22
2022-01-05,22021,SAS,1490.8201811331994,0,2021-22
2022-01-07,22021,SAS,1497.264943365913,0,2021-22
2022-01-09,22021,SAS,1487.7483015348023,0,2021-22
2022-01-10,22021,SAS,1484.678304718656,0,2021-22
2022-01-12,22021,SAS,1473.02890511894,1,2021-22
2022-01-14,22021,SAS,1461.237237383369,1,2021-22
2022-01-15,22021,SAS,1456.0235668261937,1,2021-22
2022-01-17,22021,SAS,1463.167681511817,1,2021-22
2022-01-19,22021,SAS,1456.174620042444,1,2021-22
2022-01-21,22021,SAS,1465.7573585225566,1,2021-22
2022-01-23,22021,SAS,1453.3810352689222,1,2021-22
2022-01-25,22021,SAS,1447.362270007056,0,2021-22
2022-01-26,22021,SAS,1464.9610740525711,1,2021-22
2022-01-28,22021,SAS,1458.102036710831,1,2021-22
2022-01-30,22021,SAS,1467.8292098435763,0,2021-22
2022-02-01,22021,SAS,1465.8607909438558,1,2021-22
2022-02-03,22021,SAS,1462.2568759640385,1,2021-22
2022-02-04,22021,SAS,1450.501381179247,1,2021-22
2022-02-09,22021,SAS,1459.7568238759302,0,2021-22
2022-02-11,22021,SAS,1453.6755842326763,0,2021-22
2022-02-12,22021,SAS,1473.438188749655,0,2021-22
2022-02-14,22021,SAS,1485.822905653711,0,2021-22
2022-02-16,22021,SAS,1478.1468773891738,0,2021-22
2022-02-25,22021,SAS,1485.148737803317,0,2021-22
2022-02-26,22021,SAS,1491.3126779962602,0,2021-22
2022-02-28,22021,SAS,1488.3638465333036,0,2021-22
2022-03-03,22021,SAS,1483.072904431801,1,2021-22
2022-03-05,22021,SAS,1474.0359199370637,0,2021-22
2022-03-07,22021,SAS,1468.0818815666444,1,2021-22
2022-03-09,22021,SAS,1474.0667090889883,1,2021-22
2022-03-11,22021,SAS,1459.9809656276104,1,2021-22
2022-03-12,22021,SAS,1466.3964894100409,1,2021-22
2022-03-14,22021,SAS,1450.1915637594518,1,2021-22
2022-03-16,22021,SAS,1442.7319613644022,1,2021-22
2022-03-18,22021,SAS,1445.021182302415,1,2021-22
2022-03-20,22021,SAS,1422.07583072153,0,2021-22
2022-03-23,22021,SAS,1431.1074917435396,0,2021-22
2022-03-26,22021,SAS,1454.3205166690614,0,2021-22
2022-03-28,22021,SAS,1464.0119923470486,0,2021-22
2022-03-30,22021,SAS,1468.1440583595804,1,2021-22
2022-04-01,22021,SAS,1465.9164517931524,1,2021-22
2022-04-03,22021,SAS,1471.4893845459835,1,2021-22
2022-04-05,22021,SAS,1477.1240644985965,0,2021-22
2022-04-07,22021,SAS,1502.0894414904717,0,2021-22
2022-04-09,22021,SAS,1497.258690610322,1,2021-22
2022-04-10,22021,SAS,1489.9817667457455,0,2021-22
2022-10-19,22022,SAS,1490.5436765691952,1,2022-23
2022-10-21,22022,SAS,1469.1784514413855,0,2022-23
2022-10-22,22022,SAS,1474.559194399501,0,2022-23
2022-10-24,22022,SAS,1488.9429874884831,0,2022-23
2022-10-26,22022,SAS,1502.4700474229924,0,2022-23
2022-10-28,22022,SAS,1493.7347041375183,1,2022-23
2022-10-30,22022,SAS,1499.4311303031118,1,2022-23
2022-11-02,22022,SAS,1508.7794758956347,1,2022-23
2022-11-04,22022,SAS,1480.297128009487,1,2022-23
2022-11-05,22022,SAS,1470.2913086112333,0,2022-23
2022-11-07,22022,SAS,1457.5220176423334,1,2022-23
2022-11-09,22022,SAS,1450.5047830655542,1,2022-23
2022-11-11,22022,SAS,1446.9346931373266,1,2022-23
2022-11-14,22022,SAS,1467.393771752599,0,2022-23
2022-11-15,22022,SAS,1449.438777936803,0,2022-23
2022-11-17,22022,SAS,1442.320350130399,0,2022-23
2022-11-19,22022,SAS,1431.5007599231967,0,2022-23
2022-11-20,22022,SAS,1420.3338630339645,0,2022-23
2022-11-23,22022,SAS,1401.6780572067803,1,2022-23
2022-11-25,22022,SAS,1391.7770513494793,1,2022-23
2022-11-26,22022,SAS,1380.382223053763,1,2022-23
2022-11-30,22022,SAS,1373.6876774321438,0,2022-23
2022-12-02,22022,SAS,1367.373378960389,1,2022-23
2022-12-04,22022,SAS,1359.5634289494908,1,2022-23
2022-12-08,22022,SAS,1349.138006666803,1,2022-23
2022-12-10,22022,SAS,1358.3476338098924,0,2022-23
2022-12-12,22022,SAS,1369.5456975730544,1,2022-23
2022-12-14,22022,SAS,1375.8069343691682,1,2022-23
2022-12-17,22022,SAS,1363.3525594916812,1,2022-23
2022-12-19,22022,SAS,1356.1694420039228,0,2022-23
2022-12-22,22022,SAS,1377.163010066653,0,2022-23
2022-12-23,22022,SAS,1373.8518710617586,0,2022-23
2022-12-26,22022,SAS,1363.3234042066824,1,2022-23
2022-12-27,22022,SAS,1372.3832104522444,0,2022-23
2022-12-29,22022,SAS,1363.6772619205203,1,2022-23
2022-12-31,22022,SAS,1376.5705444139724,1,2022-23
2023-01-02,22022,SAS,1374.1759883011434,0,2022-23
2023-01-04,22022,SAS,1367.5706427419093,0,2022-23
2023-01-06,22022,SAS,1365.6888345721852,1,2022-23
2023-01-07,22022,SAS,1375.7844185256572,1,2022-23
2023-01-09,22022,SAS,1372.600588619658,0,2022-23
2023-01-11,22022,SAS,1370.4004591886553,0,2022-23
2023-01-13,22022,SAS,1368.571799119744,1,2022-23
2023-01-15,22022,SAS,1351.914518136189,1,2022-23
2023-01-17,22022,SAS,1344.0939015419542,1,2022-23
2023-01-20,22022,SAS,1360.204330859826,1,2022-23
2023-01-23,22022,SAS,1354.3713978333517,0,2022-23
2023-01-25,22022,SAS,1345.215143937019,0,2022-23
2023-01-26,22022,SAS,1340.7590047226552,0,2022-23
2023-01-28,22022,SAS,1330.525867426046,1,2022-23
2023-01-30,22022,SAS,1324.321972982306,1,2022-23
2023-02-01,22022,SAS,1314.8188990795622,1,2022-23
2023-02-03,22022,SAS,1309.8722942484756,1,2022-23
2023-02-06,22022,SAS,1305.7209039739644,0,2022-23
2023-02-08,22022,SAS,1300.0638479327558,0,2022-23
2023-02-10,22022,SAS,1296.2907032070823,0,2022-23
2023-02-11,22022,SAS,1290.5357820327993,0,2022-23
2023-02-13,22022,SAS,1286.2261063328842,0,2022-23
2023-02-15,22022,SAS,1284.8400599702948,0,2022-23
2023-02-23,22022,SAS,1279.1192997221372,0,2022-23
2023-02-25,22022,SAS,1273.680755377011,0,2022-23
2023-02-28,22022,SAS,1269.3331117540347,0,2022-23
2023-03-02,22022,SAS,1288.251932823576,1,2022-23
2023-03-04,22022,SAS,1303.132192106449,1,2022-23
2023-03-05,22022,SAS,1287.8591619400163,0,2022-23
2023-03-10,22022,SAS,1268.967402348281,1,2022-23
2023-03-12,22022,SAS,1288.6791425910087,1,2022-23
2023-03-14,22022,SAS,1283.2893000450838,1,2022-23
2023-03-15,22022,SAS,1306.066942358917,1,2022-23
2023-03-17,22022,SAS,1300.278740460673,1,2022-23
2023-03-19,22022,SAS,1297.4687291902349,1,2022-23
2023-03-21,22022,SAS,1312.1408190272966,0,2022-23
2023-03-22,22022,SAS,1301.477138890992,0,2022-23
2023-03-24,22022,SAS,1297.6600755884629,0,2022-23
2023-03-26,22022,SAS,1292.9408360445236,0,2022-23
2023-03-29,22022,SAS,1288.760342498521,1,2022-23
2023-03-31,22022,SAS,1281.054020983299,0,2022-23
2023-04-02,22022,SAS,1277.992131101931,0,2022-23
2023-04-04,22022,SAS,1300.2155212879372,0,2022-23
2023-04-06,22022,SAS,1296.7515612802267,1,2022-23
2023-04-08,22022,SAS,1301.5896540978092,1,2022-23
2023-04-09,22022,SAS,1293.454512217041,0,2022-23
2023-10-25,22023,SAS,1395.502808999133,1,2023-24
2023-10-27,22023,SAS,1387.5662150462738,1,2023-24
2023-10-29,22023,SAS,1392.8285499736385,0,2023-24
2023-10-31,22023,SAS,1380.7579410130757,0,2023-24
2023-11-02,22023,SAS,1388.4231978879538,0,2023-24
2023-11-05,22023,SAS,1408.5913246272412,1,2023-24
2023-11-06,22023,SAS,1401.938551083962,0,2023-24
2023-11-08,22023,SAS,1383.583756038381,0,2023-24
2023-11-10,22023,SAS,1377.1987901712394,1,2023-24
2023-11-12,22023,SAS,1372.4311546970162,1,2023-24
2023-11-14,22023,SAS,1367.6876392800764,0,2023-24
2023-11-17,22023,SAS,1357.8076301355266,1,2023-24
2023-11-18,22023,SAS,1351.7060307224986,1,2023-24
2023-11-20,22023,SAS,1342.544612400401,1,2023-24
2023-11-22,22023,SAS,1330.434709374066,1,2023-24
2023-11-24,22023,SAS,1325.6801686077515,0,2023-24
2023-11-26,22023,SAS,1323.1431083139466,0,2023-24
2023-11-30,22023,SAS,1319.8039416402155,1,2023-24
2023-12-01,22023,SAS,1317.1123233196504,0,2023-24
2023-12-06,22023,SAS,1313.187219358623,0,2023-24
2023-12-08,22023,SAS,1311.3876904236097,1,2023-24
2023-12-11,22023,SAS,1304.848284792923,0,2023-24
2023-12-13,22023,SAS,1301.1608488349104,1,2023-24
2023-12-15,22023,SAS,1298.7613329243218,1,2023-24
2023-12-17,22023,SAS,1321.9052842537071,1,2023-24
2023-12-19,22023,SAS,1310.074829153784,0,2023-24
2023-12-21,22023,SAS,1307.717844083846,0,2023-24
2023-12-23,22023,SAS,1302.2127258597577,0,2023-24
2023-12-26,22023,SAS,1295.1297356886064,1,2023-24
2023-12-28,22023,SAS,1286.468828770551,0,2023-24
2023-12-29,22023,SAS,1305.0463556938496,0,2023-24
2023-12-31,22023,SAS,1299.7327363869306,1,2023-24
2024-01-02,22023,SAS,1295.5913195543865,0,2023-24
2024-01-04,22023,SAS,1291.3247312333574,1,2023-24
2024-01-07,22023,SAS,1289.4689971246337,0,2023-24
2024-01-10,22023,SAS,1288.3456287765366,0,2023-24
2024-01-12,22023,SAS,1305.9362737995853,1,2023-24
2024-01-13,22023,SAS,1327.06268173709,1,2023-24
2024-01-15,22023,SAS,1321.9860956396994,0,2023-24
2024-01-17,22023,SAS,1316.54621107181,0,2023-24
2024-01-19,22023,SAS,1314.7197285267634,0,2023-24
2024-01-20,22023,SAS,1308.8558466106904,0,2023-24
2024-01-22,22023,SAS,1317.033464924288,0,2023-24
2024-01-24,22023,SAS,1315.0137812285457,1,2023-24
2024-01-26,22023,SAS,1309.5479014357616,1,2023-24
2024-01-27,22023,SAS,1322.5763626703203,1,2023-24
2024-01-29,22023,SAS,1330.5823939030693,1,2023-24
2024-01-31,22023,SAS,1322.029158277491,1,2023-24
2024-02-02,22023,SAS,1315.8150009904325,1,2023-24
2024-02-03,22023,SAS,1314.23012078767,1,2023-24
2024-02-07,22023,SAS,1310.3052089776622,0,2023-24
2024-02-08,22023,SAS,1306.2440811882575,0,2023-24
2024-02-10,22023,SAS,1301.50487571112,0,2023-24
2024-02-12,22023,SAS,1294.5429534797397,0,2023-24
2024-02-14,22023,SAS,1325.6168569369706,0,2023-24
2024-02-22,22023,SAS,1320.2225590786563,0,2023-24
2024-02-23,22023,SAS,1318.019946829612,0,2023-24
2024-02-25,22023,SAS,1315.7572250980277,0,2023-24
2024-02-27,22023,SAS,1309.125621209191,0,2023-24
2024-02-29,22023,SAS,1307.7690135094856,1,2023-24
2024-03-03,22023,SAS,1335.5996060304644,1,2023-24
2024-03-05,22023,SAS,1353.5927945066628,0,2023-24
2024-03-07,22023,SAS,1347.1309147091597,0,2023-24
2024-03-09,22023,SAS,1345.5218259410383,0,2023-24
2024-03-11,22023,SAS,1372.6198901237797,1,2023-24
2024-03-12,22023,SAS,1366.8709461959609,1,2023-24
2024-03-15,22023,SAS,1363.1025345545104,1,2023-24
2024-03-17,22023,SAS,1358.8993643013582,1,2023-24
2024-03-19,22023,SAS,1368.3244355317331,1,2023-24
2024-03-22,22023,SAS,1364.0630415733235,1,2023-24
2024-03-23,22023,SAS,1357.7096467005538,1,2023-24
2024-03-25,22023,SAS,1348.5157957047577,1,2023-24
2024-03-27,22023,SAS,1357.0314331884126,0,2023-24
2024-03-29,22023,SAS,1368.322416821234,1,2023-24
2024-03-31,22023,SAS,1378.9731594834857,1,2023-24
2024-04-02,22023,SAS,1375.6660410459622,0,2023-24
2024-04-05,22023,SAS,1374.0353696774189,0,2023-24
2024-04-07,22023,SAS,1384.0062017959892,1,2023-24
2024-04-09,22023,SAS,1377.4169511011182,0,2023-24
2024-04-10,22023,SAS,1391.9705764381567,0,2023-24
2024-04-12,22023,SAS,1383.9926555616116,1,2023-24
2024-04-14,22023,SAS,1391.6458999468189,1,2023-24
2024-10-24,22024,SAS,1442.2511458558474,0,2024-25
2024-10-26,22024,SAS,1436.662181409475,1,2024-25
2024-10-28,22024,SAS,1442.6982729755437,1,2024-25
2024-10-30,22024,SAS,1435.8983429428174,0,2024-25
2024-10-31,22024,SAS,1431.915105161923,0,2024-25
2024-11-02,22024,SAS,1447.100147766197,1,2024-25
2024-11-04,22024,SAS,1460.6271044702078,0,2024-25
2024-11-06,22024,SAS,1454.1945601573057,0,2024-25
2024-11-07,22024,SAS,1441.9124352829012,1,2024-25
2024-11-09,22024,SAS,1450.6830845910588,1,2024-25
2024-11-11,22024,SAS,1444.485465520988,1,2024-25
2024-11-13,22024,SAS,1463.9327752246472,1,2024-25
2024-11-15,22024,SAS,1468.3198384355755,1,2024-25
2024-11-16,22024,SAS,1461.625420960595,0,2024-25
2024-11-19,22024,SAS,1453.173824835553,1,2024-25
2024-11-21,22024,SAS,1465.3814174564563,1,2024-25
2024-11-23,22024,SAS,1470.1934768593776,1,2024-25
2024-11-26,22024,SAS,1485.3233960290838,0,2024-25
2024-11-27,22024,SAS,1495.3595714553542,1,2024-25
2024-12-01,22024,SAS,1477.8460287973555,0,2024-25
2024-12-03,22024,SAS,1484.0262366359327,0,2024-25
2024-12-05,22024,SAS,1476.9943273707431,1,2024-25
2024-12-06,22024,SAS,1459.743561675122,1,2024-25
2024-12-08,22024,SAS,1438.7717479293087,1,2024-25
2024-12-13,22024,SAS,1443.2421433651714,0,2024-25
2024-12-15,22024,SAS,1447.3980965739877,1,2024-25
2024-12-19,22024,SAS,1438.351159877294,1,2024-25
2024-12-21,22024,SAS,1446.796265405566,1,2024-25
2024-12-23,22024,SAS,1455.8283860155664,0,2024-25
2024-12-25,22024,SAS,1449.718313783144,0,2024-25
2024-12-27,22024,SAS,1447.6080230020834,0,2024-25
2024-12-29,22024,SAS,1457.9464205571103,0,2024-25
2024-12-31,22024,SAS,1455.4012783581627,1,2024-25
2025-01-03,22024,SAS,1486.1374939334526,0,2024-25
2025-01-04,22024,SAS,1495.084869077545,1,2024-25
2025-01-06,22024,SAS,1485.355140676147,0,2024-25
2025-01-08,22024,SAS,1479.4929133841326,0,2024-25
2025-01-13,22024,SAS,1469.5738058756,0,2024-25
2025-01-15,22024,SAS,1494.487840969004,1,2024-25
2025-01-17,22024,SAS,1483.199661442617,1,2024-25
2025-01-19,22024,SAS,1466.5314813897376,0,2024-25
2025-01-23,22024,SAS,1453.928581942548,0,2024-25
2025-01-25,22024,SAS,1492.1051097731072,1,2024-25
2025-01-29,22024,SAS,1466.9237644875495,1,2024-25
2025-01-31,22024,SAS,1456.5617288507092,1,2024-25
2025-02-01,22024,SAS,1479.612175220379,1,2024-25
2025-02-03,22024,SAS,1473.775917822325,0,2024-25
2025-02-05,22024,SAS,1466.8730063034047,0,2024-25
2025-02-07,22024,SAS,1471.323640555366,0,2024-25
2025-02-08,22024,SAS,1465.492898346349,0,2024-25
2025-02-10,22024,SAS,1461.5309796145243,0,2024-25
2025-02-12,22024,SAS,1467.0499700571022,0,2024-25
2025-02-20,22024,SAS,1463.2368582656022,1,2024-25
2025-02-21,22024,SAS,1472.7707647733916,1,2024-25
2025-02-23,22024,SAS,1459.8611133112272,0,2024-25
2025-02-25,22024,SAS,1440.6351671912587,0,2024-25
2025-02-26,22024,SAS,1432.0401202916426,0,2024-25
2025-03-01,22024,SAS,1426.430229300975,0,2024-25
2025-03-02,22024,SAS,1435.5675540210732,1,2024-25
2025-03-04,22024,SAS,1431.6845686134338,1,2024-25
2025-03-07,22024,SAS,1439.2930814274855,0,2024-25
2025-03-09,22024,SAS,1431.020668213907,0,2024-25
2025-03-10,22024,SAS,1425.9377484054864,1,2024-25
2025-03-12,22024,SAS,1418.9707459986769,1,2024-25
2025-03-14,22024,SAS,1428.8522548968351,1,2024-25
2025-03-15,22024,SAS,1408.3370441095203,1,2024-25
2025-03-17,22024,SAS,1412.5108073926813,0,2024-25
2025-03-19,22024,SAS,1407.3466364024978,1,2024-25
2025-03-21,22024,SAS,1428.4127655547295,1,2024-25
2025-03-23,22024,SAS,1434.087650335421,0,2024-25
2025-03-25,22024,SAS,1459.5282847644964,0,2024-25
2025-03-27,22024,SAS,1449.5182080331092,0,2024-25
2025-03-29,22024,SAS,1447.3496957619266,1,2024-25
2025-03-30,22024,SAS,1443.4284519718992,1,2024-25
2025-04-01,22024,SAS,1421.9170300457222,1,2024-25
2025-04-02,22024,SAS,1410.5797215160928,0,2024-25
2025-04-04,22024,SAS,1426.9011609601548,1,2024-25
2025-04-06,22024,SAS,1425.4316836608573,0,2024-25
2025-04-08,22024,SAS,1418.8483021177897,0,2024-25
2025-04-09,22024,SAS,1416.708529833256,0,2024-25
2025-04-11,22024,SAS,1427.9765966627672,0,2024-25
2025-04-13,22024,SAS,1414.8697217664471,1,2024-25
2025-10-22,22025,SAS,1452.8804311050494,0,2025-26
2025-10-24,22025,SAS,1481.0056778096762,0,2025-26
2025-10-26,22025,SAS,1486.2057128984052,1,2025-26
2025-10-27,22025,SAS,1491.3014998323831,1,2025-26
2025-10-30,22025,SAS,1501.580181565223,1,2025-26
2025-11-02,22025,SAS,1509.095838118198,0,2025-26
2025-11-05,22025,SAS,1496.965753916331,0,2025-26
2025-11-07,22025,SAS,1494.1075240503076,1,2025-26
2025-11-08,22025,SAS,1507.5377339732304,1,2025-26
2025-11-10,22025,SAS,1511.1272169683425,0,2025-26
2025-11-12,22025,SAS,1519.2677942912696,1,2025-26
2025-11-14,22025,SAS,1511.8989425339394,1,2025-26
2025-11-16,22025,SAS,1507.8875705175658,1,2025-26
2025-11-18,22025,SAS,1514.8303250808176,1,2025-26
2025-11-20,22025,SAS,1521.3276521370417,1,2025-26
2025-11-23,22025,SAS,1529.8250064331942,0,2025-26
2025-11-26,22025,SAS,1521.9120260836,0,2025-26
2025-11-28,22025,SAS,1535.6874128751747,0,2025-26
2025-11-30,22025,SAS,1544.5079884506663,0,2025-26
2025-12-02,22025,SAS,1535.75597710331,1,2025-26
2025-12-03,22025,SAS,1541.3803341831076,0,2025-26
2025-12-05,22025,SAS,1547.8641982404165,0,2025-26
2025-12-08,22025,SAS,1538.5186645048875,0,2025-26
2025-12-10,22025,SAS,1541.0415680823664,0,2025-26
2025-12-13,22025,SAS,1557.3208962768667,0,2025-26
2025-12-18,22025,SAS,1567.359185483215,1,2025-26
2025-12-19,22025,SAS,1571.341457539446,0,2025-26
2025-12-21,22025,SAS,1589.1740632631677,0,2025-26
2025-12-23,22025,SAS,1592.992595077662,1,2025-26
2025-12-25,22025,SAS,1616.693893124252,0,2025-26
2025-12-27,22025,SAS,1639.1254762566668,1,2025-26
2025-12-29,22025,SAS,1612.0079321797518,1,2025-26
2025-12-31,22025,SAS,1593.4726133027586,1,2025-26
2026-01-02,22025,SAS,1597.6988685774445,0,2025-26
2026-01-03,22025,SAS,1601.822470711841,1,2025-26
2026-01-06,22025,SAS,1589.5033074555693,0,2025-26
2026-01-07,22025,SAS,1584.6481528618442,1,2025-26
2026-01-10,22025,SAS,1593.7965750082603,0,2025-26
2026-01-11,22025,SAS,1603.263329057033,0,2025-26
2026-01-13,22025,SAS,1599.8463782699937,0,2025-26
2026-01-15,22025,SAS,1590.291042031234,1,2025-26
2026-01-17,22025,SAS,1596.6794464286622,1,2025-26
2026-01-19,22025,SAS,1601.5350588742178,1,2025-26
2026-01-20,22025,SAS,1604.655102102215,0,2025-26
2026-01-22,22025,SAS,1598.3655971699047,0,2025-26
2026-01-25,22025,SAS,1605.099512730411,1,2025-26
2026-01-28,22025,SAS,1582.961383564446,0,2025-26
2026-01-31,22025,SAS,1597.4995761303849,0,2025-26
2026-02-01,22025,SAS,1590.9868378386484,1,2025-26
2026-02-04,22025,SAS,1595.8192363584558,1,2025-26
2026-02-05,22025,SAS,1608.342762780483,0,2025-26
2026-02-07,22025,SAS,1615.387668584237,1,2025-26
2026-02-10,22025,SAS,1619.6147046962997,0,2025-26
2026-02-11,22025,SAS,1637.118738522158,0,2025-26
2026-02-19,22025,SAS,1647.3198049054,1,2025-26
2026-02-21,22025,SAS,1657.905573434566,1,2025-26
2026-02-23,22025,SAS,1659.7374463314063,0,2025-26
2026-02-25,22025,SAS,1673.3913520597166,0,2025-26
2026-02-26,22025,SAS,1677.211476997239,0,2025-26
2026-03-01,22025,SAS,1680.5333010107636,0,2025-26
2026-03-03,22025,SAS,1660.286877223088,0,2025-26
2026-03-05,22025,SAS,1678.2722314808975,1,2025-26
2026-03-06,22025,SAS,1689.0852524879797,1,2025-26
2026-03-08,22025,SAS,1691.9734994880853,1,2025-26
2026-03-10,22025,SAS,1701.963871774333,1,2025-26
2026-03-12,22025,SAS,1708.3954275431886,1,2025-26
2026-03-14,22025,SAS,1696.1288461560805,1,2025-26
2026-03-16,22025,SAS,1703.4412551637795,0,2025-26
2026-03-17,22025,SAS,1707.8777808362854,0,2025-26
2026-03-19,22025,SAS,1712.591531705937,1,2025-26
2026-03-21,22025,SAS,1713.9358103558195,1,2025-26
2026-03-23,22025,SAS,1715.0158729664684,0,2025-26
2026-03-25,22025,SAS,1726.6187605145822,0,2025-26
2026-03-28,22025,SAS,1730.873256067085,0,2025-26
2026-03-30,22025,SAS,1735.5276578019773,1,2025-26
2026-04-01,22025,SAS,1737.2830851723384,0,2025-26
2026-04-02,22025,SAS,1741.8034392734348,0,2025-26
2026-04-04,22025,SAS,1750.6999271041589,0,2025-26
2026-04-06,22025,SAS,1744.1844368011768,1,2025-26
2026-04-08,22025,SAS,1747.4088080223455,1,2025-26
2026-04-10,22025,SAS,1750.3099744205424,1,2025-26
2026-04-12,22025,SAS,1751.8229765416029,1,2025-26
2020-12-23,22020,TOR,1500.0,1,2020-21
2020-12-26,22020,TOR,1484.687544403523,0,2020-21
2020-12-29,22020,TOR,1479.551766423885,0,2020-21
2020-12-31,22020,TOR,1473.4200491640051,1,2020-21
2021-01-02,22020,TOR,1486.8590317167454,0,2020-21
2021-01-04,22020,TOR,1482.3487047593544,1,2020-21
2021-01-06,22020,TOR,1469.2778199109105,0,2020-21
2021-01-08,22020,TOR,1463.7927474662604,0,2020-21
2021-01-10,22020,TOR,1484.690375645258,0,2020-21
2021-01-11,22020,TOR,1481.4462467156077,0,2020-21
2021-01-14,22020,TOR,1478.552644836385,1,2020-21
2021-01-16,22020,TOR,1483.7391679851974,1,2020-21
2021-01-18,22020,TOR,1488.721579209518,1,2020-21
2021-01-20,22020,TOR,1505.629576026564,1,2020-21
2021-01-22,22020,TOR,1492.313972360018,1,2020-21
2021-01-24,22020,TOR,1504.8666292260243,0,2020-21
2021-01-25,22020,TOR,1513.610967831382,0,2020-21
2021-01-27,22020,TOR,1502.3192590520202,1,2020-21
2021-01-29,22020,TOR,1494.3969974485408,1,2020-21
2021-01-31,22020,TOR,1487.345999029802,1,2020-21
2021-02-02,22020,TOR,1494.8885571349372,0,2020-21
2021-02-05,22020,TOR,1506.7723664625792,0,2020-21
2021-02-06,22020,TOR,1517.3290208022088,0,2020-21
2021-02-08,22020,TOR,1507.5737325263017,0,2020-21
2021-02-10,22020,TOR,1523.922263586353,0,2020-21
2021-02-11,22020,TOR,1537.9092831963094,0,2020-21
2021-02-14,22020,TOR,1526.152053527342,1,2020-21
2021-02-16,22020,TOR,1514.650587073014,0,2020-21
2021-02-18,22020,TOR,1531.1256373696951,0,2020-21
2021-02-19,22020,TOR,1548.6262303340138,0,2020-21
2021-02-21,22020,TOR,1552.853403991438,1,2020-21
2021-02-23,22020,TOR,1559.838151878225,1,2020-21
2021-02-24,22020,TOR,1549.4187476722116,0,2020-21
2021-02-26,22020,TOR,1539.704387323525,1,2020-21
2021-03-03,22020,TOR,1544.9935791576745,1,2020-21
2021-03-04,22020,TOR,1513.0131793378496,0,2020-21
2021-03-11,22020,TOR,1505.7327872541837,1,2020-21
2021-03-13,22020,TOR,1500.7371222477884,0,2020-21
2021-03-14,22020,TOR,1492.192332944146,0,2020-21
2021-03-17,22020,TOR,1476.3106045199256,0,2020-21
2021-03-19,22020,TOR,1469.9608048476855,1,2020-21
2021-03-21,22020,TOR,1466.4262902001326,0,2020-21
2021-03-22,22020,TOR,1453.5882638351832,0,2020-21
2021-03-24,22020,TOR,1432.678973682106,1,2020-21
2021-03-26,22020,TOR,1460.3145911045958,1,2020-21
2021-03-28,22020,TOR,1456.2949226873693,1,2020-21
2021-03-29,22020,TOR,1449.0775798070297,0,2020-21
2021-03-31,22020,TOR,1436.7323794769975,0,2020-21
2021-04-02,22020,TOR,1426.5344389161269,1,2020-21
2021-04-05,22020,TOR,1459.3281267856578,1,2020-21
2021-04-06,22020,TOR,1462.3201213416075,1,2020-21
2021-04-08,22020,TOR,1454.0114040859949,1,2020-21
2021-04-10,22020,TOR,1443.3309651038555,0,2020-21
2021-04-11,22020,TOR,1460.9293683118192,0,2020-21
2021-04-13,22020,TOR,1455.9528128602722,1,2020-21
2021-04-14,22020,TOR,1450.2363717236385,1,2020-21
2021-04-16,22020,TOR,1456.0868963476337,1,2020-21
2021-04-18,22020,TOR,1461.9413164592706,1,2020-21
2021-04-21,22020,TOR,1464.944881791136,1,2020-21
2021-04-24,22020,TOR,1479.1404329620882,0,2020-21
2021-04-26,22020,TOR,1471.4396600886023,1,2020-21
2021-04-27,22020,TOR,1479.4799468102417,1,2020-21
2021-04-29,22020,TOR,1469.815536346935,0,2020-21
2021-05-01,22020,TOR,1465.3070470024372,0,2020-21
2021-05-02,22020,TOR,1463.0702063142537,0,2020-21
2021-05-04,22020,TOR,1475.3944841419284,0,2020-21
2021-05-06,22020,TOR,1472.3272124195605,1,2020-21
2021-05-08,22020,TOR,1467.1954850130214,1,2020-21
2021-05-11,22020,TOR,1456.6554656996905,1,2020-21
2021-05-13,22020,TOR,1446.6349506741806,0,2020-21
2021-05-14,22020,TOR,1438.3971730076396,0,2020-21
2021-05-16,22020,TOR,1435.5701383013327,1,2020-21
2021-10-20,22021,TOR,1453.8878723729108,1,2021-22
2021-10-22,22021,TOR,1440.7243979516472,0,2021-22
2021-10-23,22021,TOR,1472.7488427899934,1,2021-22
2021-10-25,22021,TOR,1463.5175193368457,1,2021-22
2021-10-27,22021,TOR,1458.0697495764791,1,2021-22
2021-10-29,22021,TOR,1471.9605668500571,1,2021-22
2021-10-30,22021,TOR,1473.9140401620366,0,2021-22
2021-11-01,22021,TOR,1480.3630812243196,0,2021-22
2021-11-03,22021,TOR,1495.789636645343,0,2021-22
2021-11-05,22021,TOR,1508.8199397928206,1,2021-22
2021-11-07,22021,TOR,1502.8150001809058,1,2021-22
2021-11-10,22021,TOR,1490.7832333032484,0,2021-22
2021-11-11,22021,TOR,1479.152982844755,0,2021-22
2021-11-13,22021,TOR,1491.72939084207,1,2021-22
2021-11-15,22021,TOR,1478.5071830747909,0,2021-22
2021-11-18,22021,TOR,1473.9886610448104,0,2021-22
2021-11-19,22021,TOR,1467.7953771459563,0,2021-22
2021-11-21,22021,TOR,1486.2731945512385,0,2021-22
2021-11-24,22021,TOR,1480.4413352521165,0,2021-22
2021-11-26,22021,TOR,1494.682786493871,0,2021-22
2021-11-28,22021,TOR,1483.663028542676,1,2021-22
2021-11-30,22021,TOR,1470.5223138120443,1,2021-22
2021-12-02,22021,TOR,1460.03867997475,1,2021-22
2021-12-05,22021,TOR,1468.145529379373,1,2021-22
2021-12-08,22021,TOR,1478.7681529655465,1,2021-22
2021-12-10,22021,TOR,1471.3176787631066,1,2021-22
2021-12-13,22021,TOR,1476.4160142023982,1,2021-22
2021-12-14,22021,TOR,1488.5278464293608,0,2021-22
2021-12-18,22021,TOR,1485.923869327797,1,2021-22
2021-12-26,22021,TOR,1509.782951838551,0,2021-22
2021-12-28,22021,TOR,1492.1256084249787,1,2021-22
2021-12-31,22021,TOR,1485.081538710962,1,2021-22
2022-01-02,22021,TOR,1492.9746841774274,1,2021-22
2022-01-04,22021,TOR,1503.612133343414,1,2021-22
2022-01-05,22021,TOR,1519.6187567358058,0,2021-22
2022-01-07,22021,TOR,1530.4591622749335,1,2021-22
2022-01-09,22021,TOR,1548.5551812836495,1,2021-22
2022-01-11,22021,TOR,1551.937659740741,1,2021-22
2022-01-14,22021,TOR,1546.3959111501506,0,2021-22
2022-01-15,22021,TOR,1523.2574786528926,0,2021-22
2022-01-17,22021,TOR,1535.0539478034796,0,2021-22
2022-01-19,22021,TOR,1530.4440174725078,0,2021-22
2022-01-21,22021,TOR,1526.4159008039037,0,2021-22
2022-01-23,22021,TOR,1532.7284507875936,1,2021-22
2022-01-25,22021,TOR,1517.5492507052031,1,2021-22
2022-01-26,22021,TOR,1526.9957234251413,0,2021-22
2022-01-29,22021,TOR,1519.9279074678686,0,2021-22
2022-01-31,22021,TOR,1529.6630909079126,0,2021-22
2022-02-01,22021,TOR,1538.616522506381,1,2021-22
2022-02-03,22021,TOR,1544.6220195185304,1,2021-22
2022-02-04,22021,TOR,1550.6445519283827,1,2021-22
2022-02-07,22021,TOR,1558.8832858769113,0,2021-22
2022-02-09,22021,TOR,1571.032704063431,0,2021-22
2022-02-10,22021,TOR,1579.219085967166,0,2021-22
2022-02-12,22021,TOR,1585.1282231479254,1,2021-22
2022-02-14,22021,TOR,1579.9686913218186,0,2021-22
2022-02-16,22021,TOR,1552.3609156488226,0,2021-22
2022-02-25,22021,TOR,1566.370581457534,0,2021-22
2022-02-26,22021,TOR,1538.0909055455218,0,2021-22
2022-02-28,22021,TOR,1519.6422449243946,0,2021-22
2022-03-01,22021,TOR,1542.7354978722333,1,2021-22
2022-03-03,22021,TOR,1544.706102165404,1,2021-22
2022-03-04,22021,TOR,1534.5264535753531,1,2021-22
2022-03-06,22021,TOR,1519.0995597072306,0,2021-22
2022-03-09,22021,TOR,1511.6218185764926,0,2021-22
2022-03-11,22021,TOR,1525.7075620378707,0,2021-22
2022-03-12,22021,TOR,1538.8436989143968,0,2021-22
2022-03-14,22021,TOR,1554.6390706203238,0,2021-22
2022-03-16,22021,TOR,1562.466832988896,0,2021-22
2022-03-18,22021,TOR,1567.3466557418342,1,2021-22
2022-03-20,22021,TOR,1554.2696914498224,0,2021-22
2022-03-21,22021,TOR,1563.251344673151,0,2021-22
2022-03-24,22021,TOR,1549.3318638765911,1,2021-22
2022-03-26,22021,TOR,1557.7375080893005,1,2021-22
2022-03-28,22021,TOR,1568.8713270220292,1,2021-22
2022-03-30,22021,TOR,1576.40176429317,1,2021-22
2022-04-01,22021,TOR,1592.7506671834926,0,2021-22
2022-04-03,22021,TOR,1597.299610859813,1,2021-22
2022-04-05,22021,TOR,1588.840737207316,1,2021-22
2022-04-07,22021,TOR,1596.36641801296,1,2021-22
2022-04-08,22021,TOR,1602.1264054766757,1,2021-22
2022-04-10,22021,TOR,1603.0746908002332,0,2021-22
2022-10-19,22022,TOR,1554.103250265887,1,2022-23
2022-10-21,22022,TOR,1557.6525568370078,0,2022-23
2022-10-22,22022,TOR,1551.1592396917,0,2022-23
2022-10-24,22022,TOR,1546.2424446541384,0,2022-23
2022-10-26,22022,TOR,1556.8231538020902,1,2022-23
2022-10-28,22022,TOR,1564.7138433680411,1,2022-23
2022-10-31,22022,TOR,1541.4003416970895,1,2022-23
2022-11-02,22022,TOR,1559.1356747305306,0,2022-23
2022-11-04,22022,TOR,1587.618022616678,0,2022-23
2022-11-06,22022,TOR,1584.044591213713,1,2022-23
2022-11-07,22022,TOR,1589.5870296744858,0,2022-23
2022-11-09,22022,TOR,1574.489358980779,1,2022-23
2022-11-11,22022,TOR,1577.0058872251907,0,2022-23
2022-11-12,22022,TOR,1553.382624191495,0,2022-23
2022-11-14,22022,TOR,1537.0742054917373,0,2022-23
2022-11-16,22022,TOR,1541.0205336145568,1,2022-23
2022-11-19,22022,TOR,1548.2781200636186,0,2022-23
2022-11-23,22022,TOR,1544.2510651489922,1,2022-23
2022-11-26,22022,TOR,1526.9422637335315,1,2022-23
2022-11-28,22022,TOR,1533.147710726257,1,2022-23
2022-11-30,22022,TOR,1543.9030311288643,0,2022-23
2022-12-02,22022,TOR,1532.28009289339,0,2022-23
2022-12-03,22022,TOR,1524.1203006023104,1,2022-23
2022-12-05,22022,TOR,1528.702503682985,1,2022-23
2022-12-07,22022,TOR,1523.4221948964494,1,2022-23
2022-12-09,22022,TOR,1531.604202019927,0,2022-23
2022-12-11,22022,TOR,1522.1044653404865,0,2022-23
2022-12-14,22022,TOR,1505.5391748499585,1,2022-23
2022-12-16,22022,TOR,1500.847375820496,1,2022-23
2022-12-18,22022,TOR,1495.2619453432271,1,2022-23
2022-12-19,22022,TOR,1480.358466686651,0,2022-23
2022-12-21,22022,TOR,1477.2926165905735,0,2022-23
2022-12-23,22022,TOR,1490.9462926035608,0,2022-23
2022-12-27,22022,TOR,1508.6495640582689,1,2022-23
2022-12-29,22022,TOR,1495.6173092935433,1,2022-23
2022-12-30,22022,TOR,1484.862252003963,1,2022-23
2023-01-02,22022,TOR,1494.962739767908,0,2022-23
2023-01-04,22022,TOR,1487.2102325220687,1,2022-23
2023-01-06,22022,TOR,1481.6070754307286,1,2022-23
2023-01-08,22022,TOR,1475.91833527474,1,2022-23
2023-01-10,22022,TOR,1484.714707562998,1,2022-23
2023-01-12,22022,TOR,1491.4586288364485,1,2022-23
2023-01-14,22022,TOR,1497.10494297126,1,2022-23
2023-01-16,22022,TOR,1482.708985738754,0,2022-23
2023-01-17,22022,TOR,1490.245590420366,0,2022-23
2023-01-19,22022,TOR,1483.4259238411742,0,2022-23
2023-01-21,22022,TOR,1479.508960783705,1,2022-23
2023-01-22,22022,TOR,1476.5667173937957,1,2022-23
2023-01-25,22022,TOR,1486.5999700717873,0,2022-23
2023-01-27,22022,TOR,1509.0749904028062,0,2022-23
2023-01-28,22022,TOR,1499.796346279146,0,2022-23
2023-01-30,22022,TOR,1515.767657370599,0,2022-23
2023-02-01,22022,TOR,1508.1354780118847,0,2022-23
2023-02-03,22022,TOR,1503.5325302263632,0,2022-23
2023-02-05,22022,TOR,1508.0648295655162,0,2022-23
2023-02-08,22022,TOR,1515.9803932767547,1,2022-23
2023-02-10,22022,TOR,1519.753538002428,1,2022-23
2023-02-12,22022,TOR,1508.908755447625,1,2022-23
2023-02-14,22022,TOR,1510.4776222708133,1,2022-23
2023-02-23,22022,TOR,1517.9633107957306,1,2022-23
2023-02-25,22022,TOR,1523.0739696961878,0,2022-23
2023-02-26,22022,TOR,1526.6896317648104,0,2022-23
2023-02-28,22022,TOR,1514.4183785543828,1,2022-23
2023-03-02,22022,TOR,1520.8040674359827,0,2022-23
2023-03-04,22022,TOR,1511.4203133195992,0,2022-23
2023-03-06,22022,TOR,1521.7833266686755,0,2022-23
2023-03-08,22022,TOR,1518.222678210699,0,2022-23
2023-03-10,22022,TOR,1510.3246878760024,0,2022-23
2023-03-14,22022,TOR,1501.8056383399148,1,2022-23
2023-03-16,22022,TOR,1516.5630009148092,1,2022-23
2023-03-18,22022,TOR,1529.424301786794,1,2022-23
2023-03-19,22022,TOR,1539.886827544294,0,2022-23
2023-03-22,22022,TOR,1535.1960029688737,1,2022-23
2023-03-24,22022,TOR,1524.7689181463925,1,2022-23
2023-03-26,22022,TOR,1529.3791755366103,1,2022-23
2023-03-28,22022,TOR,1535.6200823250776,1,2022-23
2023-03-31,22022,TOR,1544.6819767257975,0,2022-23
2023-04-02,22022,TOR,1539.9189815530722,0,2022-23
2023-04-04,22022,TOR,1551.0788116694032,0,2022-23
2023-04-05,22022,TOR,1561.179279585088,0,2022-23
2023-04-07,22022,TOR,1557.6208922725548,0,2022-23
2023-04-09,22022,TOR,1549.0193666437754,1,2022-23
2023-10-25,22023,TOR,1537.9932466257876,1,2023-24
2023-10-27,22023,TOR,1542.2282555610889,0,2023-24
2023-10-28,22023,TOR,1538.3790049785284,1,2023-24
2023-10-30,22023,TOR,1529.3120650754884,1,2023-24
2023-11-01,22023,TOR,1512.7515627613293,1,2023-24
2023-11-02,22023,TOR,1527.3980269961137,0,2023-24
2023-11-05,22023,TOR,1518.6640824109363,0,2023-24
2023-11-08,22023,TOR,1525.3168559542155,0,2023-24
2023-11-11,22023,TOR,1538.0055874603258,0,2023-24
2023-11-13,22023,TOR,1528.2501587447755,1,2023-24
2023-11-15,22023,TOR,1531.5856631834388,1,2023-24
2023-11-17,22023,TOR,1514.7925271467186,1,2023-24
2023-11-19,22023,TOR,1511.0280244937503,1,2023-24
2023-11-21,22023,TOR,1519.1202632946868,0,2023-24
2023-11-22,22023,TOR,1505.468804015554,0,2023-24
2023-11-24,22023,TOR,1510.021369337452,1,2023-24
2023-11-26,22023,TOR,1517.913068817556,0,2023-24
2023-11-28,22023,TOR,1513.3149570637374,0,2023-24
2023-11-29,22023,TOR,1503.888443395791,1,2023-24
2023-12-01,22023,TOR,1512.7056073960111,1,2023-24
2023-12-06,22023,TOR,1500.9332430409925,1,2023-24
2023-12-08,22023,TOR,1490.4979915513482,0,2023-24
2023-12-11,22023,TOR,1483.4024506487876,0,2023-24
2023-12-13,22023,TOR,1478.9027977463968,1,2023-24
2023-12-15,22023,TOR,1486.0530810055768,1,2023-24
2023-12-18,22023,TOR,1465.43221096641,1,2023-24
2023-12-20,22023,TOR,1472.149386634849,1,2023-24
2023-12-22,22023,TOR,1464.4337649907586,0,2023-24
2023-12-23,22023,TOR,1460.6788133390237,1,2023-24
2023-12-27,22023,TOR,1448.8759863694863,0,2023-24
2023-12-29,22023,TOR,1467.5631923511382,0,2023-24
2023-12-30,22023,TOR,1466.3052951125323,0,2023-24
2024-01-01,22023,TOR,1458.233590175589,1,2023-24
2024-01-03,22023,TOR,1464.477546088107,0,2023-24
2024-01-05,22023,TOR,1471.7785311425498,0,2023-24
2024-01-07,22023,TOR,1467.1029683770712,0,2023-24
2024-01-09,22023,TOR,1485.613528891881,0,2023-24
2024-01-10,22023,TOR,1482.1462377710814,0,2023-24
2024-01-12,22023,TOR,1478.6687421448362,0,2023-24
2024-01-15,22023,TOR,1462.632111991304,1,2023-24
2024-01-17,22023,TOR,1458.1615160713257,1,2023-24
2024-01-18,22023,TOR,1479.5176269750275,1,2023-24
2024-01-20,22023,TOR,1470.2109668867436,0,2023-24
2024-01-22,22023,TOR,1461.4092432973446,1,2023-24
2024-01-26,22023,TOR,1449.9101309053167,1,2023-24
2024-01-28,22023,TOR,1440.740512641615,0,2023-24
2024-01-30,22023,TOR,1436.878831563135,0,2023-24
2024-02-02,22023,TOR,1452.5509817436198,0,2023-24
2024-02-04,22023,TOR,1435.649672577167,0,2023-24
2024-02-05,22023,TOR,1432.613760851808,0,2023-24
2024-02-07,22023,TOR,1421.59471499134,0,2023-24
2024-02-09,22023,TOR,1426.365993415849,1,2023-24
2024-02-10,22023,TOR,1431.7876217157132,1,2023-24
2024-02-12,22023,TOR,1423.4145253988024,1,2023-24
2024-02-14,22023,TOR,1392.3406219415713,1,2023-24
2024-02-22,22023,TOR,1388.7670788342657,1,2023-24
2024-02-23,22023,TOR,1409.75217597993,0,2023-24
2024-02-26,22023,TOR,1415.6999779076898,0,2023-24
2024-02-28,22023,TOR,1431.2012309109218,1,2023-24
2024-03-01,22023,TOR,1422.2752577818787,1,2023-24
2024-03-03,22023,TOR,1413.7489305050476,1,2023-24
2024-03-05,22023,TOR,1417.561967863919,1,2023-24
2024-03-07,22023,TOR,1401.7177113983,0,2023-24
2024-03-09,22023,TOR,1398.5444152299144,0,2023-24
2024-03-11,22023,TOR,1387.696096260598,0,2023-24
2024-03-13,22023,TOR,1385.5808885814204,0,2023-24
2024-03-15,22023,TOR,1375.031026052534,1,2023-24
2024-03-17,22023,TOR,1367.9308001276086,0,2023-24
2024-03-20,22023,TOR,1362.583470338482,1,2023-24
2024-03-22,22023,TOR,1349.3901608653516,1,2023-24
2024-03-23,22023,TOR,1343.256521271424,0,2023-24
2024-03-25,22023,TOR,1337.449828331395,1,2023-24
2024-03-27,22023,TOR,1329.2995654127922,1,2023-24
2024-03-31,22023,TOR,1317.1104465481956,1,2023-24
2024-04-02,22023,TOR,1307.6949016213582,1,2023-24
2024-04-03,22023,TOR,1301.5095491748236,0,2023-24
2024-04-05,22023,TOR,1297.4331308389835,0,2023-24
2024-04-07,22023,TOR,1314.762261158729,1,2023-24
2024-04-09,22023,TOR,1321.215268049827,1,2023-24
2024-04-10,22023,TOR,1315.4343528177133,0,2023-24
2024-04-12,22023,TOR,1312.167743283767,0,2023-24
2024-04-14,22023,TOR,1307.5166387452998,0,2023-24
2024-10-23,22024,TOR,1382.4710666581996,1,2024-25
2024-10-25,22024,TOR,1365.8825577958914,1,2024-25
2024-10-26,22024,TOR,1377.9223949701177,0,2024-25
2024-10-28,22024,TOR,1374.395077966229,1,2024-25
2024-10-30,22024,TOR,1371.7038419528835,0,2024-25
2024-11-01,22024,TOR,1366.4251429888811,1,2024-25
2024-11-02,22024,TOR,1361.8624907305,1,2024-25
2024-11-04,22024,TOR,1370.2842425880058,0,2024-25
2024-11-06,22024,TOR,1368.766683879628,0,2024-25
2024-11-09,22024,TOR,1363.6605164691323,0,2024-25
2024-11-10,22024,TOR,1361.8980634296986,0,2024-25
2024-11-12,22024,TOR,1355.397859053969,0,2024-25
2024-11-15,22024,TOR,1348.8904893336862,1,2024-25
2024-11-16,22024,TOR,1342.6826536449555,0,2024-25
2024-11-18,22024,TOR,1341.8064264499994,1,2024-25
2024-11-21,22024,TOR,1358.4282731794017,1,2024-25
2024-11-24,22024,TOR,1369.6539175546914,0,2024-25
2024-11-25,22024,TOR,1366.6204469737927,0,2024-25
2024-11-27,22024,TOR,1363.2050838503224,0,2024-25
2024-11-29,22024,TOR,1391.3141104408771,0,2024-25
2024-12-01,22024,TOR,1386.7295855066511,1,2024-25
2024-12-03,22024,TOR,1394.4254733837406,1,2024-25
2024-12-05,22024,TOR,1406.0393773643457,1,2024-25
2024-12-07,22024,TOR,1395.7797513289042,1,2024-25
2024-12-09,22024,TOR,1391.67158943086,1,2024-25
2024-12-12,22024,TOR,1387.8404443589395,0,2024-25
2024-12-16,22024,TOR,1383.987912348052,1,2024-25
2024-12-19,22024,TOR,1380.2461410514982,1,2024-25
2024-12-22,22024,TOR,1371.2940115359413,1,2024-25
2024-12-23,22024,TOR,1368.2043223934345,0,2024-25
2024-12-26,22024,TOR,1365.0110779500676,0,2024-25
2024-12-29,22024,TOR,1358.8760155903733,1,2024-25
2024-12-31,22024,TOR,1344.148511485233,0,2024-25
2025-01-01,22024,TOR,1338.144320622388,1,2024-25
2025-01-03,22024,TOR,1353.554655708043,1,2024-25
2025-01-06,22024,TOR,1347.8073957533838,1,2024-25
2025-01-08,22024,TOR,1335.7565006355003,0,2024-25
2025-01-09,22024,TOR,1332.9296671319437,0,2024-25
2025-01-11,22024,TOR,1331.8944836044304,0,2024-25
2025-01-13,22024,TOR,1327.559712355206,1,2024-25
2025-01-15,22024,TOR,1335.7055334621734,1,2024-25
2025-01-17,22024,TOR,1361.4640646425696,0,2024-25
2025-01-21,22024,TOR,1356.2197538170356,1,2024-25
2025-01-23,22024,TOR,1374.252082260337,0,2024-25
2025-01-25,22024,TOR,1383.5721136035213,0,2024-25
2025-01-27,22024,TOR,1412.2821331662535,1,2024-25
2025-01-29,22024,TOR,1418.7130751547152,0,2024-25
2025-01-31,22024,TOR,1429.3681598586872,1,2024-25
2025-02-02,22024,TOR,1411.750985080948,1,2024-25
2025-02-04,22024,TOR,1423.472621497191,1,2024-25
2025-02-05,22024,TOR,1419.2258027302064,1,2024-25
2025-02-07,22024,TOR,1407.419413415819,0,2024-25
2025-02-09,22024,TOR,1405.678417588372,0,2024-25
2025-02-11,22024,TOR,1402.238249212943,0,2024-25
2025-02-12,22024,TOR,1409.7971231412207,1,2024-25
2025-02-21,22024,TOR,1403.4583201185478,1,2024-25
2025-02-23,22024,TOR,1393.5405585801648,1,2024-25
2025-02-25,22024,TOR,1410.3663833823675,1,2024-25
2025-02-26,22024,TOR,1406.6692965753928,0,2024-25
2025-02-28,22024,TOR,1400.284010176457,0,2024-25
2025-03-02,22024,TOR,1391.5935310601967,0,2024-25
2025-03-04,22024,TOR,1397.9330112742737,0,2024-25
2025-03-07,22024,TOR,1403.0301308831642,1,2024-25
2025-03-08,22024,TOR,1409.5310998091786,1,2024-25
2025-03-10,22024,TOR,1402.4327277861396,1,2024-25
2025-03-12,22024,TOR,1408.8035968580934,1,2024-25
2025-03-14,22024,TOR,1417.532815184809,0,2024-25
2025-03-16,22024,TOR,1425.6846788894964,0,2024-25
2025-03-17,22024,TOR,1421.950402393942,0,2024-25
2025-03-20,22024,TOR,1402.5354902175577,0,2024-25
2025-03-23,22024,TOR,1400.6664294971176,1,2024-25
2025-03-24,22024,TOR,1375.225795068042,0,2024-25
2025-03-26,22024,TOR,1382.6230397711,0,2024-25
2025-03-28,22024,TOR,1404.6099004828684,1,2024-25
2025-03-30,22024,TOR,1409.8451790725262,0,2024-25
2025-04-01,22024,TOR,1422.7733761711074,0,2024-25
2025-04-03,22024,TOR,1413.6615408400469,1,2024-25
2025-04-04,22024,TOR,1405.0723561393445,1,2024-25
2025-04-06,22024,TOR,1398.043585603482,0,2024-25
2025-04-09,22024,TOR,1407.849008806215,1,2024-25
2025-04-11,22024,TOR,1416.7415885998405,0,2024-25
2025-04-13,22024,TOR,1402.788583916754,0,2024-25
2025-10-22,22025,TOR,1437.7145523048714,0,2025-26
2025-10-24,22025,TOR,1460.7241956661046,1,2025-26
2025-10-26,22025,TOR,1454.2306435053797,0,2025-26
2025-10-27,22025,TOR,1444.1139362042663,0,2025-26
2025-10-29,22025,TOR,1433.8352544714269,1,2025-26
2025-10-31,22025,TOR,1421.9618133512995,0,2025-26
2025-11-02,22025,TOR,1443.4808932517165,1,2025-26
2025-11-04,22025,TOR,1456.3217882537388,1,2025-26
2025-11-07,22025,TOR,1482.3825323417443,0,2025-26
2025-11-08,22025,TOR,1496.9965262316912,0,2025-26
2025-11-11,22025,TOR,1485.4823476529325,0,2025-26
2025-11-13,22025,TOR,1492.00584613221,0,2025-26
2025-11-15,22025,TOR,1512.7210589430897,0,2025-26
2025-11-17,22025,TOR,1525.8762188082471,1,2025-26
2025-11-19,22025,TOR,1527.7409030560073,0,2025-26
2025-11-21,22025,TOR,1535.9364296687547,1,2025-26
2025-11-23,22025,TOR,1540.5920267286897,1,2025-26
2025-11-24,22025,TOR,1544.0340060195017,1,2025-26
2025-11-26,22025,TOR,1555.4159249320337,1,2025-26
2025-11-29,22025,TOR,1557.4135504647986,0,2025-26
2025-11-30,22025,TOR,1543.46816493775,0,2025-26
2025-12-02,22025,TOR,1530.6980059056582,1,2025-26
2025-12-04,22025,TOR,1534.53604832694,1,2025-26
2025-12-05,22025,TOR,1528.8267805966832,1,2025-26
2025-12-07,22025,TOR,1491.1590851216465,1,2025-26
2025-12-09,22025,TOR,1484.0990533646875,1,2025-26
2025-12-15,22025,TOR,1473.1089252272486,0,2025-26
2025-12-18,22025,TOR,1487.8585495281036,0,2025-26
2025-12-20,22025,TOR,1495.3518791754582,1,2025-26
2025-12-21,22025,TOR,1483.575159375056,0,2025-26
2025-12-23,22025,TOR,1467.0398182376066,0,2025-26
2025-12-26,22025,TOR,1490.2024812127097,0,2025-26
2025-12-28,22025,TOR,1463.2832408906536,1,2025-26
2025-12-29,22025,TOR,1478.7648048117908,1,2025-26
2025-12-31,22025,TOR,1482.8382491686118,1,2025-26
2026-01-03,22025,TOR,1478.640767808732,1,2025-26
2026-01-05,22025,TOR,1490.692691831884,1,2025-26
2026-01-07,22025,TOR,1502.0309456488387,0,2025-26
2026-01-09,22025,TOR,1506.3189269164134,0,2025-26
2026-01-11,22025,TOR,1501.9909553144475,1,2025-26
2026-01-12,22025,TOR,1505.3596677422713,1,2025-26
2026-01-14,22025,TOR,1490.5813578569291,0,2025-26
2026-01-16,22025,TOR,1500.533245717099,1,2025-26
2026-01-18,22025,TOR,1494.132541309786,0,2025-26
2026-01-20,22025,TOR,1481.362153327075,0,2025-26
2026-01-21,22025,TOR,1506.027178696854,0,2025-26
2026-01-23,22025,TOR,1515.162971931458,0,2025-26
2026-01-25,22025,TOR,1529.4127702995725,0,2025-26
2026-01-28,22025,TOR,1538.7332798849166,1,2025-26
2026-01-30,22025,TOR,1514.0082171867975,0,2025-26
2026-02-01,22025,TOR,1503.754406680166,1,2025-26
2026-02-04,22025,TOR,1506.6997539560198,1,2025-26
2026-02-05,22025,TOR,1502.458166013754,1,2025-26
2026-02-08,22025,TOR,1511.215998763522,1,2025-26
2026-02-11,22025,TOR,1517.475845975399,1,2025-26
2026-02-19,22025,TOR,1506.117482738465,0,2025-26
2026-02-22,22025,TOR,1514.031496804378,0,2025-26
2026-02-24,22025,TOR,1535.929090100186,1,2025-26
2026-02-25,22025,TOR,1529.0299326795562,1,2025-26
2026-02-28,22025,TOR,1525.2098077420335,0,2025-26
2026-03-03,22025,TOR,1529.89008786007,1,2025-26
2026-03-05,22025,TOR,1518.5765841154032,0,2025-26
2026-03-08,22025,TOR,1512.8462884213332,1,2025-26
2026-03-10,22025,TOR,1522.284866466979,0,2025-26
2026-03-11,22025,TOR,1513.9480650184853,0,2025-26
2026-03-13,22025,TOR,1500.8651708137293,1,2025-26
2026-03-15,22025,TOR,1509.0162985832571,1,2025-26
2026-03-18,22025,TOR,1524.094750588217,0,2025-26
2026-03-20,22025,TOR,1540.1483783074627,0,2025-26
2026-03-22,22025,TOR,1534.730619017403,0,2025-26
2026-03-23,22025,TOR,1518.7171007332718,0,2025-26
2026-03-25,22025,TOR,1526.3131216436516,0,2025-26
2026-03-27,22025,TOR,1511.8835405507027,1,2025-26
2026-03-29,22025,TOR,1519.6168033528218,1,2025-26
2026-03-31,22025,TOR,1546.9899111053217,0,2025-26
2026-04-01,22025,TOR,1541.597627694228,1,2025-26
2026-04-03,22025,TOR,1521.9858081905072,0,2025-26
2026-04-05,22025,TOR,1535.0679990247363,0,2025-26
2026-04-07,22025,TOR,1529.466243390262,1,2025-26
2026-04-09,22025,TOR,1544.8802008935438,1,2025-26
2026-04-10,22025,TOR,1553.6949161447922,0,2025-26
2026-04-12,22025,TOR,1545.7108520557842,1,2025-26
2020-12-23,22020,UTA,1500.0,0,2020-21
2020-12-26,22020,UTA,1519.501498055486,1,2020-21
2020-12-28,22020,UTA,1510.818725823323,0,2020-21
2020-12-31,22020,UTA,1515.5485070911468,1,2020-21
2021-01-01,22020,UTA,1503.1926219656536,1,2020-21
2021-01-03,22020,UTA,1509.752508497687,0,2020-21
2021-01-05,22020,UTA,1528.6627645194235,0,2020-21
2021-01-06,22020,UTA,1507.138932802516,0,2020-21
2021-01-08,22020,UTA,1497.4833725299666,0,2020-21
2021-01-10,22020,UTA,1514.8705992429898,0,2020-21
2021-01-12,22020,UTA,1524.9380065815617,0,2020-21
2021-01-15,22020,UTA,1547.2121066987677,1,2020-21
2021-01-17,22020,UTA,1561.0968218885473,0,2020-21
2021-01-19,22020,UTA,1567.8247491734917,1,2020-21
2021-01-21,22020,UTA,1576.292799315372,1,2020-21
2021-01-23,22020,UTA,1582.4242881386683,1,2020-21
2021-01-26,22020,UTA,1590.8926853398425,1,2020-21
2021-01-27,22020,UTA,1597.7142018149195,1,2020-21
2021-01-29,22020,UTA,1603.749145090855,1,2020-21
2021-01-31,22020,UTA,1611.483501475992,0,2020-21
2021-02-02,22020,UTA,1600.4712215741563,1,2020-21
2021-02-04,22020,UTA,1605.2436274435129,0,2020-21
2021-02-05,22020,UTA,1619.6911784617346,0,2020-21
2021-02-07,22020,UTA,1630.3194328845364,0,2020-21
2021-02-09,22020,UTA,1637.267688525871,1,2020-21
2021-02-12,22020,UTA,1643.473500465709,1,2020-21
2021-02-13,22020,UTA,1652.6659011026118,1,2020-21
2021-02-15,22020,UTA,1657.7902750310957,1,2020-21
2021-02-17,22020,UTA,1663.4355791123417,0,2020-21
2021-02-19,22020,UTA,1678.364979442374,0,2020-21
2021-02-22,22020,UTA,1671.198895901503,1,2020-21
2021-02-24,22020,UTA,1677.3861631785428,1,2020-21
2021-02-26,22020,UTA,1687.7729524885192,0,2020-21
2021-02-27,22020,UTA,1673.3580269225135,0,2020-21
2021-03-01,22020,UTA,1678.3977328070778,0,2020-21
2021-03-03,22020,UTA,1667.5880360779754,0,2020-21
2021-03-12,22020,UTA,1656.6471159706637,1,2020-21
2021-03-14,22020,UTA,1659.066114395578,0,2020-21
2021-03-16,22020,UTA,1642.362732215185,0,2020-21
2021-03-18,22020,UTA,1649.0338568088328,0,2020-21
2021-03-19,22020,UTA,1631.7962858670228,0,2020-21
2021-03-22,22020,UTA,1635.330800514576,0,2020-21
2021-03-24,22020,UTA,1649.1060771048933,1,2020-21
2021-03-26,22020,UTA,1663.857098288845,1,2020-21
2021-03-27,22020,UTA,1666.2383030788878,1,2020-21
2021-03-29,22020,UTA,1672.084090554254,1,2020-21
2021-03-31,22020,UTA,1677.195760166869,0,2020-21
2021-04-02,22020,UTA,1681.2296733960925,1,2020-21
2021-04-03,22020,UTA,1683.4792140920877,1,2020-21
2021-04-05,22020,UTA,1689.5471979807849,0,2020-21
2021-04-07,22020,UTA,1678.4390780623137,0,2020-21
2021-04-08,22020,UTA,1672.4956472880444,1,2020-21
2021-04-10,22020,UTA,1678.8094951159476,1,2020-21
2021-04-12,22020,UTA,1682.0963596312572,1,2020-21
2021-04-13,22020,UTA,1667.3017465959151,1,2020-21
2021-04-16,22020,UTA,1668.7820272616636,1,2020-21
2021-04-17,22020,UTA,1672.2140373989716,0,2020-21
2021-04-19,22020,UTA,1657.976646866006,0,2020-21
2021-04-21,22020,UTA,1669.4601216206822,0,2020-21
2021-04-24,22020,UTA,1673.671698838404,1,2020-21
2021-04-26,22020,UTA,1655.9677314893747,0,2020-21
2021-04-28,22020,UTA,1648.154953240301,0,2020-21
2021-04-30,22020,UTA,1662.2839656244337,0,2020-21
2021-05-01,22020,UTA,1646.0130644193237,1,2020-21
2021-05-03,22020,UTA,1648.2499051075072,1,2020-21
2021-05-05,22020,UTA,1652.5649748552216,1,2020-21
2021-05-07,22020,UTA,1661.1561648475897,1,2020-21
2021-05-08,22020,UTA,1667.185290867898,1,2020-21
2021-05-10,22020,UTA,1668.244456820266,0,2020-21
2021-05-12,22020,UTA,1660.421799758207,1,2020-21
2021-05-14,22020,UTA,1647.691759088586,0,2020-21
2021-05-16,22020,UTA,1650.104095098409,0,2020-21
2021-10-20,22021,UTA,1595.513916333718,1,2021-22
2021-10-22,22021,UTA,1599.7451946683066,0,2021-22
2021-10-26,22021,UTA,1606.860701834102,1,2021-22
2021-10-28,22021,UTA,1614.831698025345,0,2021-22
2021-10-30,22021,UTA,1624.538895903739,0,2021-22
2021-10-31,22021,UTA,1613.6308188211133,0,2021-22
2021-11-02,22021,UTA,1624.3617752606272,1,2021-22
2021-11-04,22021,UTA,1627.4115960795696,0,2021-22
2021-11-06,22021,UTA,1640.1839980825423,0,2021-22
2021-11-07,22021,UTA,1634.3896445120226,0,2021-22
2021-11-09,22021,UTA,1617.9609925648797,1,2021-22
2021-11-11,22021,UTA,1623.7986453512465,1,2021-22
2021-11-13,22021,UTA,1604.3108658480637,1,2021-22
2021-11-16,22021,UTA,1593.8059391936038,1,2021-22
2021-11-18,22021,UTA,1611.7451025725743,1,2021-22
2021-11-20,22021,UTA,1617.9383864714284,0,2021-22
2021-11-22,22021,UTA,1627.0427106437994,1,2021-22
2021-11-24,22021,UTA,1619.537728300991,0,2021-22
2021-11-26,22021,UTA,1622.416233526794,1,2021-22
2021-11-27,22021,UTA,1614.2163491316612,1,2021-22
2021-11-29,22021,UTA,1620.2570405382946,1,2021-22
2021-12-03,22021,UTA,1630.998476503234,1,2021-22
2021-12-05,22021,UTA,1635.1522514441974,0,2021-22
2021-12-08,22021,UTA,1638.284658415161,0,2021-22
2021-12-09,22021,UTA,1653.1860495463395,0,2021-22
2021-12-11,22021,UTA,1668.284483942427,0,2021-22
2021-12-15,22021,UTA,1679.064040272492,1,2021-22
2021-12-17,22021,UTA,1686.155263006555,1,2021-22
2021-12-18,22021,UTA,1676.0616430614054,1,2021-22
2021-12-20,22021,UTA,1659.4852165741536,1,2021-22
2021-12-23,22021,UTA,1663.1495321325128,1,2021-22
2021-12-25,22021,UTA,1667.552798619771,1,2021-22
2021-12-27,22021,UTA,1669.996239033149,0,2021-22
2021-12-29,22021,UTA,1675.3255794344057,0,2021-22
2021-12-31,22021,UTA,1681.409466366246,1,2021-22
2022-01-01,22021,UTA,1685.2273668939215,1,2021-22
2022-01-03,22021,UTA,1674.0959409936386,0,2021-22
2022-01-05,22021,UTA,1679.2985379973632,0,2021-22
2022-01-07,22021,UTA,1684.248098990949,0,2021-22
2022-01-08,22021,UTA,1666.152079982233,0,2021-22
2022-01-10,22021,UTA,1647.2709654406658,0,2021-22
2022-01-12,22021,UTA,1625.1471128135888,1,2021-22
2022-01-16,22021,UTA,1601.5566055169097,0,2021-22
2022-01-17,22021,UTA,1619.4032097973932,0,2021-22
2022-01-19,22021,UTA,1608.2628312919717,1,2021-22
2022-01-21,22021,UTA,1591.5565954304943,1,2021-22
2022-01-23,22021,UTA,1594.2754230322864,0,2021-22
2022-01-24,22021,UTA,1590.6303126783082,0,2021-22
2022-01-26,22021,UTA,1586.2479922470366,1,2021-22
2022-01-28,22021,UTA,1578.5954318160384,0,2021-22
2022-01-30,22021,UTA,1570.52987926225,0,2021-22
2022-02-02,22021,UTA,1554.7531903177949,1,2021-22
2022-02-04,22021,UTA,1560.326477291045,1,2021-22
2022-02-07,22021,UTA,1571.4801677411417,1,2021-22
2022-02-09,22021,UTA,1576.4533071213543,1,2021-22
2022-02-11,22021,UTA,1598.6769229262989,1,2021-22
2022-02-14,22021,UTA,1601.8998403960682,1,2021-22
2022-02-16,22021,UTA,1606.338894115028,0,2021-22
2022-02-25,22021,UTA,1596.3809576470403,1,2021-22
2022-02-27,22021,UTA,1602.396916660251,0,2021-22
2022-03-02,22021,UTA,1612.0980278098266,0,2021-22
2022-03-04,22021,UTA,1613.9507917353058,0,2021-22
2022-03-06,22021,UTA,1587.3962448624836,0,2021-22
2022-03-07,22021,UTA,1592.8644821279345,0,2021-22
2022-03-09,22021,UTA,1586.2388022894088,1,2021-22
2022-03-11,22021,UTA,1594.3409581959882,0,2021-22
2022-03-12,22021,UTA,1587.9254344135577,1,2021-22
2022-03-14,22021,UTA,1590.7360981182285,1,2021-22
2022-03-16,22021,UTA,1581.2842926356343,1,2021-22
2022-03-18,22021,UTA,1589.2875545125405,1,2021-22
2022-03-20,22021,UTA,1599.6810295611328,0,2021-22
2022-03-21,22021,UTA,1610.8374278070862,0,2021-22
2022-03-23,22021,UTA,1599.6909758557513,0,2021-22
2022-03-25,22021,UTA,1587.9640433991704,0,2021-22
2022-03-27,22021,UTA,1579.704293976407,0,2021-22
2022-03-29,22021,UTA,1568.6528056787952,0,2021-22
2022-03-31,22021,UTA,1558.5991276338575,1,2021-22
2022-04-02,22021,UTA,1563.7901202023045,0,2021-22
2022-04-05,22021,UTA,1558.1163109183544,1,2021-22
2022-04-06,22021,UTA,1567.7319059648075,1,2021-22
2022-04-08,22021,UTA,1575.1630551892956,1,2021-22
2022-04-10,22021,UTA,1568.559128847151,0,2021-22
2022-10-19,22022,UTA,1545.2115886792883,1,2022-23
2022-10-21,22022,UTA,1558.3210899260416,0,2022-23
2022-10-23,22022,UTA,1566.977603048863,0,2022-23
2022-10-24,22022,UTA,1571.4255373695803,0,2022-23
2022-10-26,22022,UTA,1558.99064445906,1,2022-23
2022-10-28,22022,UTA,1562.2577962882842,0,2022-23
2022-10-29,22022,UTA,1548.045686993721,1,2022-23
2022-10-31,22022,UTA,1551.783999305773,1,2022-23
2022-11-02,22022,UTA,1564.4161880705444,0,2022-23
2022-11-04,22022,UTA,1559.8278628251237,0,2022-23
2022-11-06,22022,UTA,1569.452141684532,0,2022-23
2022-11-07,22022,UTA,1577.5914980429611,1,2022-23
2022-11-09,22022,UTA,1584.719857431171,0,2022-23
2022-11-12,22022,UTA,1593.047710473441,0,2022-23
2022-11-13,22022,UTA,1579.6874184365415,0,2022-23
2022-11-15,22022,UTA,1572.0799397913097,1,2022-23
2022-11-18,22022,UTA,1558.9983881360513,1,2022-23
2022-11-19,22022,UTA,1562.8862006869972,0,2022-23
2022-11-21,22022,UTA,1568.2751530000376,0,2022-23
2022-11-23,22022,UTA,1559.3706081119797,1,2022-23
2022-11-25,22022,UTA,1539.912095951093,0,2022-23
2022-11-26,22022,UTA,1530.0390261466146,0,2022-23
2022-11-28,22022,UTA,1527.6843775598304,1,2022-23
2022-11-30,22022,UTA,1516.4866156624034,1,2022-23
2022-12-02,22022,UTA,1526.142846732896,1,2022-23
2022-12-03,22022,UTA,1536.3650641145937,1,2022-23
2022-12-07,22022,UTA,1524.32702895476,1,2022-23
2022-12-09,22022,UTA,1527.8982744679072,1,2022-23
2022-12-10,22022,UTA,1514.2838775180646,0,2022-23
2022-12-13,22022,UTA,1508.95283662432,1,2022-23
2022-12-15,22022,UTA,1529.0795692885415,1,2022-23
2022-12-17,22022,UTA,1534.8564148432274,0,2022-23
2022-12-19,22022,UTA,1520.488600102382,0,2022-23
2022-12-20,22022,UTA,1508.6115100851391,0,2022-23
2022-12-22,22022,UTA,1518.5119774576865,1,2022-23
2022-12-26,22022,UTA,1523.330611485375,0,2022-23
2022-12-28,22022,UTA,1514.2708052398127,0,2022-23
2022-12-30,22022,UTA,1508.7768188616342,0,2022-23
2022-12-31,22022,UTA,1505.2624783668623,1,2022-23
2023-01-03,22022,UTA,1498.4813066518905,1,2022-23
2023-01-05,22022,UTA,1492.633935861787,0,2022-23
2023-01-07,22022,UTA,1502.8828275965489,0,2022-23
2023-01-08,22022,UTA,1495.5114117671983,0,2022-23
2023-01-10,22022,UTA,1492.2034764190553,1,2022-23
2023-01-13,22022,UTA,1497.5471923681407,1,2022-23
2023-01-14,22022,UTA,1501.207477177892,1,2022-23
2023-01-16,22022,UTA,1497.3316410289,0,2022-23
2023-01-18,22022,UTA,1502.109023940831,1,2022-23
2023-01-20,22022,UTA,1515.237270244612,1,2022-23
2023-01-23,22022,UTA,1504.084918844346,1,2022-23
2023-01-25,22022,UTA,1511.9321785109707,0,2022-23
2023-01-28,22022,UTA,1501.1777014915149,1,2022-23
2023-02-01,22022,UTA,1508.367199851337,1,2022-23
2023-02-03,22022,UTA,1512.9701476368589,1,2022-23
2023-02-06,22022,UTA,1503.171837161689,1,2022-23
2023-02-08,22022,UTA,1487.8265140747635,1,2022-23
2023-02-10,22022,UTA,1467.0665233419309,0,2022-23
2023-02-11,22022,UTA,1477.911305896734,0,2022-23
2023-02-13,22022,UTA,1472.7131181034554,0,2022-23
2023-02-15,22022,UTA,1479.9765851549987,0,2022-23
2023-02-23,22022,UTA,1475.705416832949,1,2022-23
2023-02-25,22022,UTA,1479.7755558715355,1,2022-23
2023-02-28,22022,UTA,1484.123199494512,1,2022-23
2023-03-03,22022,UTA,1465.2043784249706,0,2022-23
2023-03-05,22022,UTA,1449.9238001864014,0,2022-23
2023-03-07,22022,UTA,1443.0668155261308,0,2022-23
2023-03-09,22022,UTA,1439.004816189136,0,2022-23
2023-03-11,22022,UTA,1449.6146663972402,0,2022-23
2023-03-13,22022,UTA,1459.134878209216,0,2022-23
2023-03-18,22022,UTA,1454.7475823928094,1,2022-23
2023-03-20,22022,UTA,1460.5605437736665,1,2022-23
2023-03-22,22022,UTA,1472.0764688945433,1,2022-23
2023-03-24,22022,UTA,1454.1997362271236,1,2022-23
2023-03-25,22022,UTA,1442.283987170651,0,2022-23
2023-03-27,22022,UTA,1437.8042555554623,1,2022-23
2023-03-29,22022,UTA,1427.6425139837904,0,2022-23
2023-03-31,22022,UTA,1435.3488354990122,0,2022-23
2023-04-02,22022,UTA,1432.6695873123442,0,2022-23
2023-04-04,22022,UTA,1430.391204408603,1,2022-23
2023-04-06,22022,UTA,1426.799048520319,1,2022-23
2023-04-08,22022,UTA,1413.071244796056,1,2022-23
2023-04-09,22022,UTA,1421.275254046573,0,2022-23
2023-10-25,22023,UTA,1449.9152467812248,1,2023-24
2023-10-27,22023,UTA,1436.827324411582,1,2023-24
2023-10-28,22023,UTA,1442.5165769265548,0,2023-24
2023-10-30,22023,UTA,1433.226122682529,0,2023-24
2023-11-01,22023,UTA,1429.2206299661789,1,2023-24
2023-11-02,22023,UTA,1449.5987970514443,1,2023-24
2023-11-04,22023,UTA,1444.3340973563058,0,2023-24
2023-11-06,22023,UTA,1432.6320701692423,0,2023-24
2023-11-08,22023,UTA,1422.593271570966,0,2023-24
2023-11-10,22023,UTA,1413.1221488440106,0,2023-24
2023-11-14,22023,UTA,1424.4351614086013,1,2023-24
2023-11-17,22023,UTA,1434.5199511090875,1,2023-24
2023-11-19,22023,UTA,1429.724136504797,1,2023-24
2023-11-21,22023,UTA,1425.109711584695,0,2023-24
2023-11-22,22023,UTA,1412.300584995674,0,2023-24
2023-11-25,22023,UTA,1397.3207026721907,1,2023-24
2023-11-27,22023,UTA,1406.8274149471624,1,2023-24
2023-11-29,22023,UTA,1412.9837022178829,0,2023-24
2023-11-30,22023,UTA,1403.0283019858225,0,2023-24
2023-12-02,22023,UTA,1399.307463744381,1,2023-24
2023-12-06,22023,UTA,1404.789615129457,0,2023-24
2023-12-08,22023,UTA,1385.4365295846678,1,2023-24
2023-12-11,22023,UTA,1376.818740971754,0,2023-24
2023-12-13,22023,UTA,1372.864289989504,1,2023-24
2023-12-14,22023,UTA,1382.8428398257624,0,2023-24
2023-12-16,22023,UTA,1393.0385279672926,0,2023-24
2023-12-18,22023,UTA,1385.600529634955,1,2023-24
2023-12-20,22023,UTA,1405.5321490051329,0,2023-24
2023-12-21,22023,UTA,1401.5166174715534,0,2023-24
2023-12-23,22023,UTA,1407.866375084133,0,2023-24
2023-12-26,22023,UTA,1419.6692020536702,0,2023-24
2023-12-28,22023,UTA,1428.3301089717256,0,2023-24
2023-12-30,22023,UTA,1424.3882139804837,1,2023-24
2024-01-01,22023,UTA,1436.548551469201,1,2023-24
2024-01-03,22023,UTA,1463.4736600593017,1,2023-24
2024-01-05,22023,UTA,1465.7998588652642,0,2023-24
2024-01-06,22023,UTA,1460.2584689233424,0,2023-24
2024-01-08,22023,UTA,1479.7620761884257,0,2023-24
2024-01-10,22023,UTA,1503.4765050416704,1,2023-24
2024-01-12,22023,UTA,1517.5964878353411,1,2023-24
2024-01-13,22023,UTA,1533.6331179888732,1,2023-24
2024-01-15,22023,UTA,1538.724195663708,1,2023-24
2024-01-18,22023,UTA,1556.9666874878822,1,2023-24
2024-01-20,22023,UTA,1550.407255718888,0,2023-24
2024-01-23,22023,UTA,1545.7595879008502,0,2023-24
2024-01-25,22023,UTA,1531.23918888119,0,2023-24
2024-01-27,22023,UTA,1537.9638516533562,0,2023-24
2024-01-29,22023,UTA,1542.5420966190309,0,2023-24
2024-01-30,22023,UTA,1514.9925899637124,0,2023-24
2024-02-01,22023,UTA,1508.9314669361374,1,2023-24
2024-02-04,22023,UTA,1502.9326992372835,1,2023-24
2024-02-06,22023,UTA,1518.594943216581,1,2023-24
2024-02-08,22023,UTA,1528.9925904427382,0,2023-24
2024-02-12,22023,UTA,1520.4049849644966,1,2023-24
2024-02-14,22023,UTA,1501.8795498200966,1,2023-24
2024-02-15,22023,UTA,1485.6423159913288,1,2023-24
2024-02-22,22023,UTA,1480.672726215382,1,2023-24
2024-02-25,22023,UTA,1463.2521543654648,1,2023-24
2024-02-27,22023,UTA,1469.8837582543017,0,2023-24
2024-02-29,22023,UTA,1450.5539657936513,0,2023-24
2024-03-02,22023,UTA,1445.140616810716,0,2023-24
2024-03-04,22023,UTA,1441.3192130780187,1,2023-24
2024-03-06,22023,UTA,1445.9225402181662,1,2023-24
2024-03-09,22023,UTA,1441.0181029761825,0,2023-24
2024-03-12,22023,UTA,1434.6525870670653,1,2023-24
2024-03-15,22023,UTA,1430.2331333911898,1,2023-24
2024-03-16,22023,UTA,1434.639168139926,1,2023-24
2024-03-18,22023,UTA,1426.557499084,1,2023-24
2024-03-20,22023,UTA,1421.652944058815,0,2023-24
2024-03-21,22023,UTA,1417.807575399975,0,2023-24
2024-03-23,22023,UTA,1411.8774803071033,0,2023-24
2024-03-25,22023,UTA,1401.290425947346,1,2023-24
2024-03-27,22023,UTA,1394.9350377563594,1,2023-24
2024-03-29,22023,UTA,1383.644054123538,1,2023-24
2024-03-31,22023,UTA,1381.1096190694502,0,2023-24
2024-04-02,22023,UTA,1373.9991149012312,1,2023-24
2024-04-05,22023,UTA,1364.7909584507563,0,2023-24
2024-04-07,22023,UTA,1357.1072558054516,0,2023-24
2024-04-09,22023,UTA,1354.867613818468,1,2023-24
2024-04-11,22023,UTA,1350.0227279631304,1,2023-24
2024-04-12,22023,UTA,1357.9322910238295,0,2023-24
2024-04-14,22023,UTA,1366.0367721745797,0,2023-24
2024-10-23,22024,UTA,1418.3796815950357,1,2024-25
2024-10-25,22024,UTA,1412.1636708343967,1,2024-25
2024-10-28,22024,UTA,1395.5042554678732,0,2024-25
2024-10-29,22024,UTA,1391.786937748947,1,2024-25
2024-10-31,22024,UTA,1381.1031392476937,1,2024-25
2024-11-02,22024,UTA,1365.9180966434196,0,2024-25
2024-11-04,22024,UTA,1359.6626037703772,0,2024-25
2024-11-07,22024,UTA,1376.2089573454425,0,2024-25
2024-11-09,22024,UTA,1366.3244451541725,0,2024-25
2024-11-12,22024,UTA,1372.522064224243,1,2024-25
2024-11-14,22024,UTA,1368.153074610557,1,2024-25
2024-11-16,22024,UTA,1375.527671335847,0,2024-25
2024-11-17,22024,UTA,1373.0477338994046,0,2024-25
2024-11-19,22024,UTA,1368.3115530839284,0,2024-25
2024-11-21,22024,UTA,1365.5134062761306,0,2024-25
2024-11-23,22024,UTA,1360.701346873209,1,2024-25
2024-11-26,22024,UTA,1383.821375720007,1,2024-25
2024-11-27,22024,UTA,1373.7852002937366,1,2024-25
2024-11-30,22024,UTA,1364.9688623743186,1,2024-25
2024-12-01,22024,UTA,1359.5633247896649,1,2024-25
2024-12-03,22024,UTA,1356.954610479431,0,2024-25
2024-12-06,22024,UTA,1353.2540636841331,0,2024-25
2024-12-08,22024,UTA,1391.5129917359295,0,2024-25
2024-12-13,22024,UTA,1378.2101089252508,1,2024-25
2024-12-16,22024,UTA,1372.197584878624,0,2024-25
2024-12-19,22024,UTA,1361.3573509142952,0,2024-25
2024-12-21,22024,UTA,1373.2370200702908,0,2024-25
2024-12-23,22024,UTA,1388.5028635559372,0,2024-25
2024-12-26,22024,UTA,1385.7428615403478,0,2024-25
2024-12-28,22024,UTA,1381.018901074712,1,2024-25
2024-12-30,22024,UTA,1376.0548117417136,1,2024-25
2025-01-01,22024,UTA,1370.0680936775664,0,2024-25
2025-01-04,22024,UTA,1367.049493005155,0,2024-25
2025-01-05,22024,UTA,1414.644929509756,0,2024-25
2025-01-07,22024,UTA,1435.336529257266,1,2024-25
2025-01-09,22024,UTA,1429.631297883904,1,2024-25
2025-01-11,22024,UTA,1423.242494537258,0,2024-25
2025-01-12,22024,UTA,1417.4216535949324,1,2024-25
2025-01-15,22024,UTA,1419.9404823657087,1,2024-25
2025-01-17,22024,UTA,1408.8051813483207,0,2024-25
2025-01-20,22024,UTA,1396.9479514393545,0,2024-25
2025-01-22,22024,UTA,1391.3599797170548,0,2024-25
2025-01-25,22024,UTA,1390.0920442928511,0,2024-25
2025-01-27,22024,UTA,1385.2306358480605,1,2024-25
2025-01-28,22024,UTA,1377.2778367335588,0,2024-25
2025-01-30,22024,UTA,1371.30594369109,1,2024-25
2025-02-01,22024,UTA,1362.6042123318427,1,2024-25
2025-02-03,22024,UTA,1375.662010802445,1,2024-25
2025-02-05,22024,UTA,1373.6261032727125,1,2024-25
2025-02-07,22024,UTA,1380.3318773370754,0,2024-25
2025-02-08,22024,UTA,1375.8213354964298,0,2024-25
2025-02-10,22024,UTA,1368.781643307209,0,2024-25
2025-02-12,22024,UTA,1364.0583533075844,1,2024-25
2025-02-13,22024,UTA,1383.731824893962,1,2024-25
2025-02-21,22024,UTA,1379.65080297338,1,2024-25
2025-02-22,22024,UTA,1375.489104113954,1,2024-25
2025-02-24,22024,UTA,1390.5201974598388,1,2024-25
2025-02-26,22024,UTA,1386.1347025469222,1,2024-25
2025-02-28,22024,UTA,1374.2865857427305,1,2024-25
2025-03-02,22024,UTA,1381.2162198043509,1,2024-25
2025-03-03,22024,UTA,1370.957021320345,1,2024-25
2025-03-05,22024,UTA,1360.0159352879302,0,2024-25
2025-03-07,22024,UTA,1353.4798760399344,0,2024-25
2025-03-09,22024,UTA,1346.97890711392,0,2024-25
2025-03-10,22024,UTA,1342.3449399920662,0,2024-25
2025-03-12,22024,UTA,1341.219494606771,0,2024-25
2025-03-14,22024,UTA,1339.0796618873978,1,2024-25
2025-03-16,22024,UTA,1330.92779818271,0,2024-25
2025-03-17,22024,UTA,1327.5586830547982,1,2024-25
2025-03-19,22024,UTA,1317.2595331751863,1,2024-25
2025-03-21,22024,UTA,1327.841911727559,1,2024-25
2025-03-23,22024,UTA,1323.7281342433732,1,2024-25
2025-03-25,22024,UTA,1319.037052428008,1,2024-25
2025-03-27,22024,UTA,1307.2863325843823,1,2024-25
2025-03-28,22024,UTA,1303.2447111433287,0,2024-25
2025-03-31,22024,UTA,1298.315485276841,0,2024-25
2025-04-02,22024,UTA,1292.5573478929373,0,2024-25
2025-04-04,22024,UTA,1287.9350458516062,0,2024-25
2025-04-06,22024,UTA,1283.9533120090584,0,2024-25
2025-04-09,22024,UTA,1279.3506901934509,1,2024-25
2025-04-11,22024,UTA,1293.744775897449,1,2024-25
2025-04-13,22024,UTA,1290.4563243540174,0,2024-25
2025-10-22,22025,UTA,1373.4041883303885,1,2025-26
2025-10-24,22025,UTA,1401.7965816255953,0,2025-26
2025-10-27,22025,UTA,1399.5545381253671,1,2025-26
2025-10-29,22025,UTA,1405.774154026212,1,2025-26
2025-10-31,22025,UTA,1402.168641448634,0,2025-26
2025-11-02,22025,UTA,1389.593836672373,0,2025-26
2025-11-03,22025,UTA,1372.322955096494,0,2025-26
2025-11-05,22025,UTA,1382.2336213774468,0,2025-26
2025-11-07,22025,UTA,1378.0814795030649,0,2025-26
2025-11-10,22025,UTA,1368.571464662695,1,2025-26
2025-11-11,22025,UTA,1364.4815234387258,1,2025-26
2025-11-13,22025,UTA,1386.4630410087873,1,2025-26
2025-11-16,22025,UTA,1379.433525220064,1,2025-26
2025-11-18,22025,UTA,1386.9886440456416,0,2025-26
2025-11-21,22025,UTA,1382.7479831647588,1,2025-26
2025-11-23,22025,UTA,1377.008442296132,1,2025-26
2025-11-24,22025,UTA,1374.5485797259794,0,2025-26
2025-11-28,22025,UTA,1369.0641425961385,1,2025-26
2025-11-30,22025,UTA,1378.4758664889707,1,2025-26
2025-12-01,22025,UTA,1370.4193064477531,1,2025-26
2025-12-04,22025,UTA,1387.9674729029146,0,2025-26
2025-12-05,22025,UTA,1400.7790926798132,0,2025-26
2025-12-07,22025,UTA,1392.3507080899808,1,2025-26
2025-12-12,22025,UTA,1387.434906355289,0,2025-26
2025-12-15,22025,UTA,1397.9910935861194,1,2025-26
2025-12-18,22025,UTA,1406.4718691441292,1,2025-26
2025-12-20,22025,UTA,1400.6349363324707,1,2025-26
2025-12-22,22025,UTA,1398.0282726506327,0,2025-26
2025-12-23,22025,UTA,1393.185986261451,1,2025-26
2025-12-26,22025,UTA,1385.3577655144943,1,2025-26
2025-12-27,22025,UTA,1394.0407360245551,0,2025-26
2025-12-30,22025,UTA,1421.1582801014702,1,2025-26
2026-01-01,22025,UTA,1415.107558052987,0,2025-26
2026-01-03,22025,UTA,1407.9309335276012,0,2025-26
2026-01-05,22025,UTA,1403.7244772887864,0,2025-26
2026-01-07,22025,UTA,1393.9374609410247,0,2025-26
2026-01-08,22025,UTA,1392.6734693782146,1,2025-26
2026-01-10,22025,UTA,1397.2287376347165,1,2025-26
2026-01-12,22025,UTA,1363.954692891274,0,2025-26
2026-01-14,22025,UTA,1385.8006030549136,0,2025-26
2026-01-15,22025,UTA,1382.4771540742747,0,2025-26
2026-01-17,22025,UTA,1369.625603242026,0,2025-26
2026-01-19,22025,UTA,1359.6318995164836,0,2025-26
2026-01-20,22025,UTA,1356.511856288486,1,2025-26
2026-01-22,22025,UTA,1369.194515781173,1,2025-26
2026-01-24,22025,UTA,1362.4606002206667,1,2025-26
2026-01-27,22025,UTA,1346.1185210062267,1,2025-26
2026-01-28,22025,UTA,1339.9448011120342,1,2025-26
2026-01-30,22025,UTA,1333.1594642327573,1,2025-26
2026-02-01,22025,UTA,1321.1026753897909,0,2025-26
2026-02-03,22025,UTA,1318.157328113937,0,2025-26
2026-02-05,22025,UTA,1332.1201993021975,0,2025-26
2026-02-07,22025,UTA,1330.2832402006015,0,2025-26
2026-02-09,22025,UTA,1327.8815059571937,0,2025-26
2026-02-11,22025,UTA,1340.3900935775707,1,2025-26
2026-02-12,22025,UTA,1356.3616502637806,1,2025-26
2026-02-20,22025,UTA,1346.0667968381815,0,2025-26
2026-02-23,22025,UTA,1340.393751995487,0,2025-26
2026-02-26,22025,UTA,1336.3217827654212,1,2025-26
2026-02-28,22025,UTA,1325.580218320013,1,2025-26
2026-03-02,22025,UTA,1316.2528731548216,1,2025-26
2026-03-04,22025,UTA,1313.9767577571488,0,2025-26
2026-03-05,22025,UTA,1311.7080988930911,0,2025-26
2026-03-07,22025,UTA,1323.310076659797,0,2025-26
2026-03-09,22025,UTA,1316.2351622441336,1,2025-26
2026-03-11,22025,UTA,1324.7908296076996,1,2025-26
2026-03-13,22025,UTA,1320.4710287897717,0,2025-26
2026-03-15,22025,UTA,1316.1003891644943,0,2025-26
2026-03-18,22025,UTA,1310.8414205477393,0,2025-26
2026-03-19,22025,UTA,1304.1776141278626,1,2025-26
2026-03-21,22025,UTA,1329.502324680222,1,2025-26
2026-03-23,22025,UTA,1322.905258337075,1,2025-26
2026-03-25,22025,UTA,1315.3092374266955,1,2025-26
2026-03-27,22025,UTA,1289.1934274830944,0,2025-26
2026-03-28,22025,UTA,1287.845574552496,0,2025-26
2026-03-30,22025,UTA,1282.693555892467,1,2025-26
2026-04-01,22025,UTA,1280.029922827124,1,2025-26
2026-04-03,22025,UTA,1276.6603146103264,0,2025-26
2026-04-05,22025,UTA,1272.5149710035475,0,2025-26
2026-04-07,22025,UTA,1270.8108498159984,0,2025-26
2026-04-10,22025,UTA,1263.6948408811488,1,2025-26
2026-04-12,22025,UTA,1292.9626956534091,0,2025-26
2020-12-23,22020,WAS,1500.0,0,2020-21
2020-12-26,22020,WAS,1493.627386099868,1,2020-21
2020-12-27,22020,WAS,1481.78851276776,1,2020-21
2020-12-29,22020,WAS,1472.9511751017365,1,2020-21
2020-12-31,22020,WAS,1461.6296326049887,1,2020-21
2021-01-01,22020,WAS,1455.1571457831133,0,2020-21
2021-01-03,22020,WAS,1476.9903756739732,0,2020-21
2021-01-06,22020,WAS,1482.373767570201,0,2020-21
2021-01-08,22020,WAS,1478.1863087656027,0,2020-21
2021-01-09,22020,WAS,1471.4021175925764,1,2020-21
2021-01-11,22020,WAS,1464.1846612066772,1,2020-21
2021-01-24,22020,WAS,1483.360496781438,0,2020-21
2021-01-26,22020,WAS,1470.6802167433473,0,2020-21
2021-01-27,22020,WAS,1458.8370602657703,0,2020-21
2021-01-29,22020,WAS,1446.8011653503925,1,2020-21
2021-01-31,22020,WAS,1433.9420316548683,1,2020-21
2021-02-02,22020,WAS,1440.9761189938606,1,2020-21
2021-02-03,22020,WAS,1429.2586109936096,0,2020-21
2021-02-05,22020,WAS,1435.795985867417,0,2020-21
2021-02-07,22020,WAS,1417.8219248997748,0,2020-21
2021-02-08,22020,WAS,1406.6964337434497,0,2020-21
2021-02-10,22020,WAS,1416.288976817488,1,2020-21
2021-02-12,22020,WAS,1402.3019572075316,1,2020-21
2021-02-14,22020,WAS,1388.6038110201205,1,2020-21
2021-02-15,22020,WAS,1404.2994773351843,1,2020-21
2021-02-17,22020,WAS,1416.5214529386349,1,2020-21
2021-02-20,22020,WAS,1423.0488041263834,0,2020-21
2021-02-22,22020,WAS,1437.0225823529706,0,2020-21
2021-02-23,22020,WAS,1447.2622322380205,0,2020-21
2021-02-25,22020,WAS,1440.540256189878,0,2020-21
2021-02-27,22020,WAS,1448.5270918936062,1,2020-21
2021-02-28,22020,WAS,1456.325358309291,0,2020-21
2021-03-02,22020,WAS,1453.4307670487085,1,2020-21
2021-03-04,22020,WAS,1441.006106762167,1,2020-21
2021-03-10,22020,WAS,1447.36947715708,0,2020-21
2021-03-12,22020,WAS,1439.2957280917103,1,2020-21
2021-03-13,22020,WAS,1426.2554249445116,1,2020-21
2021-03-15,22020,WAS,1421.0761840853636,1,2020-21
2021-03-17,22020,WAS,1414.033512212992,1,2020-21
2021-03-18,22020,WAS,1408.0412350164534,1,2020-21
2021-03-21,22020,WAS,1425.278805958263,0,2020-21
2021-03-23,22020,WAS,1422.1051019313677,0,2020-21
2021-03-25,22020,WAS,1413.1675838133613,0,2020-21
2021-03-27,22020,WAS,1409.7541236778698,1,2020-21
2021-03-29,22020,WAS,1420.8517443477929,1,2020-21
2021-03-30,22020,WAS,1432.0370517662832,1,2020-21
2021-04-01,22020,WAS,1422.4664230094231,0,2020-21
2021-04-03,22020,WAS,1403.7319522138423,1,2020-21
2021-04-05,22020,WAS,1392.899875663915,0,2020-21
2021-04-07,22020,WAS,1389.9078811079653,0,2020-21
2021-04-09,22020,WAS,1406.0099205862705,0,2020-21
2021-04-10,22020,WAS,1413.4484573162097,0,2020-21
2021-04-12,22020,WAS,1407.7295911057215,0,2020-21
2021-04-14,22020,WAS,1422.5242041410636,0,2020-21
2021-04-16,22020,WAS,1435.9466535453746,1,2020-21
2021-04-17,22020,WAS,1440.7162558909256,1,2020-21
2021-04-19,22020,WAS,1453.5688933524598,1,2020-21
2021-04-21,22020,WAS,1458.2145657682668,1,2020-21
2021-04-23,22020,WAS,1464.4361333983188,0,2020-21
2021-04-25,22020,WAS,1474.1679947348375,1,2020-21
2021-04-26,22020,WAS,1479.8108109785803,1,2020-21
2021-04-28,22020,WAS,1473.4718518573236,1,2020-21
2021-04-30,22020,WAS,1484.2856972005848,0,2020-21
2021-05-01,22020,WAS,1500.8081134793426,0,2020-21
2021-05-03,22020,WAS,1498.3744902864896,1,2020-21
2021-05-05,22020,WAS,1507.7396527786857,0,2020-21
2021-05-06,22020,WAS,1505.6699715461205,0,2020-21
2021-05-08,22020,WAS,1510.8016989526593,0,2020-21
2021-05-10,22020,WAS,1514.9292853731663,0,2020-21
2021-05-12,22020,WAS,1512.1333985161225,0,2020-21
2021-05-14,22020,WAS,1507.8646464572128,1,2020-21
2021-05-16,22020,WAS,1512.488681383376,1,2020-21
2021-10-20,22021,WAS,1509.9755526878075,0,2021-22
2021-10-22,22021,WAS,1523.139027109071,1,2021-22
2021-10-25,22021,WAS,1525.9666545093062,0,2021-22
2021-10-27,22021,WAS,1515.7849769665186,0,2021-22
2021-10-28,22021,WAS,1526.1736452569544,1,2021-22
2021-10-30,22021,WAS,1536.4728084827,1,2021-22
2021-11-01,22021,WAS,1539.98819797617,0,2021-22
2021-11-03,22021,WAS,1532.8400369198912,1,2021-22
2021-11-05,22021,WAS,1519.8097337724137,1,2021-22
2021-11-07,22021,WAS,1537.4366718807394,1,2021-22
2021-11-10,22021,WAS,1544.1538906922624,0,2021-22
2021-11-13,22021,WAS,1549.1925558656426,0,2021-22
2021-11-15,22021,WAS,1555.4844249580492,1,2021-22
2021-11-17,22021,WAS,1558.3976962155768,0,2021-22
2021-11-18,22021,WAS,1546.8657222618187,0,2021-22
2021-11-20,22021,WAS,1537.3614672734575,1,2021-22
2021-11-22,22021,WAS,1543.073926241589,1,2021-22
2021-11-24,22021,WAS,1532.1361193977868,0,2021-22
2021-11-26,22021,WAS,1506.4547807166289,0,2021-22
2021-11-27,22021,WAS,1509.5257319530117,0,2021-22
2021-11-29,22021,WAS,1519.638573808724,0,2021-22
2021-12-01,22021,WAS,1502.8003094651228,1,2021-22
2021-12-03,22021,WAS,1510.3498938059688,1,2021-22
2021-12-05,22021,WAS,1493.9755048473369,0,2021-22
2021-12-06,22021,WAS,1483.352881261164,0,2021-22
2021-12-08,22021,WAS,1477.1945331060926,0,2021-22
2021-12-11,22021,WAS,1480.9279302434784,1,2021-22
2021-12-13,22021,WAS,1470.1483739134137,0,2021-22
2021-12-15,22021,WAS,1465.4352421962135,0,2021-22
2021-12-16,22021,WAS,1452.5807169816435,0,2021-22
2021-12-18,22021,WAS,1447.218848000056,0,2021-22
2021-12-23,22021,WAS,1463.795274487308,0,2021-22
2021-12-26,22021,WAS,1474.4774233715846,1,2021-22
2021-12-28,22021,WAS,1457.559217867789,0,2021-22
2021-12-30,22021,WAS,1452.9909079681572,1,2021-22
2022-01-01,22021,WAS,1472.7465780123368,1,2021-22
2022-01-03,22021,WAS,1469.4406453610802,1,2021-22
2022-01-05,22021,WAS,1474.424973564932,1,2021-22
2022-01-07,22021,WAS,1464.2861298694918,0,2021-22
2022-01-09,22021,WAS,1459.8127642754062,0,2021-22
2022-01-11,22021,WAS,1462.9198516770098,1,2021-22
2022-01-12,22021,WAS,1465.826714935058,1,2021-22
2022-01-15,22021,WAS,1468.76059058829,1,2021-22
2022-01-17,22021,WAS,1458.9690543531622,1,2021-22
2022-01-19,22021,WAS,1479.8864083453846,1,2021-22
2022-01-21,22021,WAS,1475.9076425249243,1,2021-22
2022-01-23,22021,WAS,1469.5950925412346,1,2021-22
2022-01-25,22021,WAS,1448.7981218574553,1,2021-22
2022-01-29,22021,WAS,1444.1515623210014,0,2021-22
2022-02-01,22021,WAS,1437.5953916601816,0,2021-22
2022-02-02,22021,WAS,1430.7827843206371,0,2021-22
2022-02-05,22021,WAS,1441.1866741426795,1,2021-22
2022-02-07,22021,WAS,1435.3803504882226,1,2021-22
2022-02-10,22021,WAS,1424.5001009385223,1,2021-22
2022-02-12,22021,WAS,1428.2365461177435,1,2021-22
2022-02-14,22021,WAS,1411.1653916636903,1,2021-22
2022-02-16,22021,WAS,1416.2109406342342,0,2021-22
2022-02-17,22021,WAS,1409.9149262420055,0,2021-22
2022-02-25,22021,WAS,1428.2133149919273,1,2021-22
2022-02-26,22021,WAS,1422.0493747989844,0,2021-22
2022-03-01,22021,WAS,1418.572205739723,1,2021-22
2022-03-04,22021,WAS,1421.6626789080829,1,2021-22
2022-03-06,22021,WAS,1417.2551596636267,1,2021-22
2022-03-09,22021,WAS,1425.5345541051374,0,2021-22
2022-03-11,22021,WAS,1420.475775753663,0,2021-22
2022-03-12,22021,WAS,1410.1172210373504,0,2021-22
2022-03-14,22021,WAS,1400.853323882241,0,2021-22
2022-03-16,22021,WAS,1396.7325786236397,1,2021-22
2022-03-18,22021,WAS,1387.6874412047457,0,2021-22
2022-03-19,22021,WAS,1384.8721349854848,1,2021-22
2022-03-21,22021,WAS,1393.420632703058,0,2021-22
2022-03-24,22021,WAS,1374.761511600407,0,2021-22
2022-03-25,22021,WAS,1371.4464665269277,0,2021-22
2022-03-27,22021,WAS,1378.0934759348656,1,2021-22
2022-03-29,22021,WAS,1392.3773341576918,1,2021-22
2022-03-30,22021,WAS,1381.9884496793868,1,2021-22
2022-04-01,22021,WAS,1391.7128856430982,1,2021-22
2022-04-03,22021,WAS,1428.5700774254058,0,2021-22
2022-04-05,22021,WAS,1422.0164586991846,0,2021-22
2022-04-06,22021,WAS,1451.0896253218634,0,2021-22
2022-04-08,22021,WAS,1443.9442963633549,1,2021-22
2022-04-10,22021,WAS,1426.1865826720427,0,2021-22
2022-10-19,22022,WAS,1451.4499788745138,0,2022-23
2022-10-21,22022,WAS,1460.3754521474382,1,2022-23
2022-10-23,22022,WAS,1464.8369981555036,0,2022-23
2022-10-25,22022,WAS,1457.9703112778666,1,2022-23
2022-10-28,22022,WAS,1469.1363317645012,1,2022-23
2022-10-30,22022,WAS,1453.7791304495909,0,2022-23
2022-10-31,22022,WAS,1447.52372925061,1,2022-23
2022-11-02,22022,WAS,1440.9180259058871,0,2022-23
2022-11-04,22022,WAS,1458.5961343112488,1,2022-23
2022-11-06,22022,WAS,1426.1229810423768,0,2022-23
2022-11-07,22022,WAS,1422.9732903919223,0,2022-23
2022-11-10,22022,WAS,1435.8699385788916,1,2022-23
2022-11-12,22022,WAS,1447.667768499678,1,2022-23
2022-11-13,22022,WAS,1461.0280605365774,1,2022-23
2022-11-16,22022,WAS,1474.4345265005882,1,2022-23
2022-11-18,22022,WAS,1469.0510555785104,1,2022-23
2022-11-20,22022,WAS,1473.2013571181462,1,2022-23
2022-11-23,22022,WAS,1477.5306955337835,0,2022-23
2022-11-25,22022,WAS,1470.767372777864,0,2022-23
2022-11-27,22022,WAS,1466.837588537688,0,2022-23
2022-11-28,22022,WAS,1463.6401468227275,1,2022-23
2022-11-30,22022,WAS,1476.8402756237483,0,2022-23
2022-12-02,22022,WAS,1471.5936753687258,0,2022-23
2022-12-04,22022,WAS,1467.7398667804712,1,2022-23
2022-12-07,22022,WAS,1454.6522274739214,0,2022-23
2022-12-09,22022,WAS,1450.0165391575065,0,2022-23
2022-12-10,22022,WAS,1441.3943212978086,1,2022-23
2022-12-12,22022,WAS,1432.0686323337634,1,2022-23
2022-12-14,22022,WAS,1422.8571324743014,0,2022-23
2022-12-17,22022,WAS,1416.8812428593717,0,2022-23
2022-12-18,22022,WAS,1411.1111583369916,0,2022-23
2022-12-20,22022,WAS,1408.1570888860897,0,2022-23
2022-12-22,22022,WAS,1418.9307119167825,0,2022-23
2022-12-23,22022,WAS,1414.112077889094,0,2022-23
2022-12-27,22022,WAS,1434.992034343676,1,2022-23
2022-12-28,22022,WAS,1445.0645250146006,1,2022-23
2022-12-30,22022,WAS,1469.769796483357,0,2022-23
2023-01-01,22022,WAS,1484.797163944814,0,2022-23
2023-01-03,22022,WAS,1511.4630061614623,0,2022-23
2023-01-06,22022,WAS,1503.4953076909171,0,2022-23
2023-01-09,22022,WAS,1488.75458045215,1,2022-23
2023-01-11,22022,WAS,1473.5461631439416,1,2022-23
2023-01-13,22022,WAS,1478.842322727507,1,2022-23
2023-01-16,22022,WAS,1473.2495114646863,1,2022-23
2023-01-18,22022,WAS,1462.6079069241605,0,2022-23
2023-01-21,22022,WAS,1480.3612847609093,1,2022-23
2023-01-24,22022,WAS,1491.1063467527167,0,2022-23
2023-01-25,22022,WAS,1495.8677642214973,0,2022-23
2023-01-28,22022,WAS,1499.935365879871,0,2022-23
2023-01-30,22022,WAS,1512.258396557531,0,2022-23
2023-02-03,22022,WAS,1521.7614704602747,1,2022-23
2023-02-04,22022,WAS,1509.1218642852068,0,2022-23
2023-02-06,22022,WAS,1505.7728506280066,1,2022-23
2023-02-08,22022,WAS,1489.521379347012,1,2022-23
2023-02-11,22022,WAS,1496.045010315616,1,2022-23
2023-02-13,22022,WAS,1503.4364692942604,0,2022-23
2023-02-14,22022,WAS,1496.174539843787,0,2022-23
2023-02-16,22022,WAS,1517.0986172050234,0,2022-23
2023-02-24,22022,WAS,1528.3929788950709,1,2022-23
2023-02-26,22022,WAS,1520.192547490616,0,2022-23
2023-02-28,22022,WAS,1505.5808208022097,0,2022-23
2023-03-02,22022,WAS,1512.485226068009,1,2022-23
2023-03-04,22022,WAS,1521.8689801843925,1,2022-23
2023-03-05,22022,WAS,1511.5059668353165,1,2022-23
2023-03-07,22022,WAS,1505.8419455922292,0,2022-23
2023-03-08,22022,WAS,1508.5240846203324,1,2022-23
2023-03-10,22022,WAS,1502.731427600943,1,2022-23
2023-03-12,22022,WAS,1493.0272413648268,0,2022-23
2023-03-14,22022,WAS,1485.8802061989895,1,2022-23
2023-03-17,22022,WAS,1492.1303718979411,0,2022-23
2023-03-18,22022,WAS,1482.9693428876396,1,2022-23
2023-03-21,22022,WAS,1471.7582809112355,0,2022-23
2023-03-22,22022,WAS,1462.0453290186508,1,2022-23
2023-03-24,22022,WAS,1451.8257276507582,1,2022-23
2023-03-26,22022,WAS,1456.5449671946974,0,2022-23
2023-03-28,22022,WAS,1450.30406040623,1,2022-23
2023-03-31,22022,WAS,1474.8550406030165,1,2022-23
2023-04-02,22022,WAS,1464.6033060512752,0,2022-23
2023-04-04,22022,WAS,1460.1229360888292,1,2022-23
2023-04-05,22022,WAS,1452.511683265769,0,2022-23
2023-04-07,22022,WAS,1442.8444481252172,1,2022-23
2023-04-09,22022,WAS,1451.733443269392,1,2022-23
2023-10-25,22023,WAS,1463.8561327495113,0,2023-24
2023-10-28,22023,WAS,1447.2847037478332,1,2023-24
2023-10-30,22023,WAS,1456.8155953223388,1,2023-24
2023-11-01,22023,WAS,1446.4168000827392,0,2023-24
2023-11-03,22023,WAS,1440.6902228942406,0,2023-24
2023-11-06,22023,WAS,1435.0543520477106,0,2023-24
2023-11-08,22023,WAS,1429.1896553375368,0,2023-24
2023-11-10,22023,WAS,1444.678605817571,1,2023-24
2023-11-12,22023,WAS,1432.8391586087998,0,2023-24
2023-11-13,22023,WAS,1427.351224628154,0,2023-24
2023-11-15,22023,WAS,1424.0157201894908,1,2023-24
2023-11-17,22023,WAS,1413.4035022228009,1,2023-24
2023-11-20,22023,WAS,1402.068699151519,1,2023-24
2023-11-22,22023,WAS,1394.4534238377366,0,2023-24
2023-11-24,22023,WAS,1389.5707821639924,0,2023-24
2023-11-25,22023,WAS,1387.6120121399265,1,2023-24
2023-11-27,22023,WAS,1372.2475977291424,0,2023-24
2023-11-29,22023,WAS,1388.238532253273,0,2023-24
2023-12-01,22023,WAS,1382.1403772879614,0,2023-24
2023-12-06,22023,WAS,1379.5915443202605,1,2023-24
2023-12-08,22023,WAS,1376.3224578689708,0,2023-24
2023-12-11,22023,WAS,1368.6547215217602,0,2023-24
2023-12-13,22023,WAS,1361.3430514828954,1,2023-24
2023-12-15,22023,WAS,1351.3416921871265,1,2023-24
2023-12-17,22023,WAS,1370.233011246274,0,2023-24
2023-12-18,22023,WAS,1367.5528315866704,0,2023-24
2023-12-21,22023,WAS,1363.233831907267,0,2023-24
2023-12-22,22023,WAS,1367.9084858554943,0,2023-24
2023-12-26,22023,WAS,1363.671310541808,1,2023-24
2023-12-27,22023,WAS,1357.9207963796682,1,2023-24
2023-12-29,22023,WAS,1339.2335903980163,1,2023-24
2023-12-31,22023,WAS,1349.7091181805224,1,2023-24
2024-01-03,22023,WAS,1344.9661655983375,0,2023-24
2024-01-05,22023,WAS,1335.942499410968,0,2023-24
2024-01-06,22023,WAS,1330.1842735679054,1,2023-24
2024-01-08,22023,WAS,1324.8684916377954,1,2023-24
2024-01-10,22023,WAS,1321.9804705479926,0,2023-24
2024-01-13,22023,WAS,1319.5092594203436,0,2023-24
2024-01-15,22023,WAS,1356.3881927741168,1,2023-24
2024-01-18,22023,WAS,1336.0102163868123,0,2023-24
2024-01-20,22023,WAS,1334.6163065559588,1,2023-24
2024-01-21,22023,WAS,1326.4386882423612,1,2023-24
2024-01-24,22023,WAS,1322.85521718739,1,2023-24
2024-01-25,22023,WAS,1319.0160700669162,1,2023-24
2024-01-27,22023,WAS,1312.29140729475,0,2023-24
2024-01-29,22023,WAS,1324.2774056420592,0,2023-24
2024-01-31,22023,WAS,1332.8306412676377,1,2023-24
2024-02-02,22023,WAS,1328.950876272096,1,2023-24
2024-02-04,22023,WAS,1322.750417455361,1,2023-24
2024-02-07,22023,WAS,1313.643676972031,1,2023-24
2024-02-09,22023,WAS,1311.3059184505305,0,2023-24
2024-02-10,22023,WAS,1310.541038734023,1,2023-24
2024-02-12,22023,WAS,1305.6401821981883,0,2023-24
2024-02-14,22023,WAS,1303.1748128113998,0,2023-24
2024-02-22,22023,WAS,1301.5759631144658,0,2023-24
2024-02-23,22023,WAS,1297.797165248076,0,2023-24
2024-02-25,22023,WAS,1293.4657026054713,1,2023-24
2024-02-27,22023,WAS,1291.024150623066,1,2023-24
2024-02-29,22023,WAS,1287.0398474582728,0,2023-24
2024-03-01,22023,WAS,1285.5628548856246,0,2023-24
2024-03-04,22023,WAS,1282.276952022307,0,2023-24
2024-03-06,22023,WAS,1277.6736248821594,1,2023-24
2024-03-08,22023,WAS,1273.6595601296494,1,2023-24
2024-03-10,22023,WAS,1284.681802023632,0,2023-24
2024-03-12,22023,WAS,1295.8377829265971,0,2023-24
2024-03-14,22023,WAS,1288.3227394939736,0,2023-24
2024-03-16,22023,WAS,1283.728501940423,0,2023-24
2024-03-17,22023,WAS,1276.4279154068702,1,2023-24
2024-03-19,22023,WAS,1274.0239620410443,1,2023-24
2024-03-21,22023,WAS,1265.7684936133742,1,2023-24
2024-03-23,22023,WAS,1282.8339876067482,1,2023-24
2024-03-25,22023,WAS,1288.640680546777,0,2023-24
2024-03-27,22023,WAS,1298.005817121157,1,2023-24
2024-03-29,22023,WAS,1293.8721362885226,1,2023-24
2024-03-31,22023,WAS,1282.281654210588,1,2023-24
2024-04-02,22023,WAS,1277.5924375389732,1,2023-24
2024-04-03,22023,WAS,1290.568473668662,1,2023-24
2024-04-05,22023,WAS,1287.9302024677402,1,2023-24
2024-04-07,22023,WAS,1279.442317064802,0,2023-24
2024-04-09,22023,WAS,1272.989310173704,0,2023-24
2024-04-12,22023,WAS,1271.9230873270346,1,2023-24
2024-04-14,22023,WAS,1269.4175253159171,0,2023-24
2024-10-24,22024,WAS,1361.2014688363688,1,2024-25
2024-10-26,22024,WAS,1355.5965955533293,1,2024-25
2024-10-28,22024,WAS,1345.897330369536,0,2024-25
2024-10-30,22024,WAS,1354.132475218802,1,2024-25
2024-11-02,22024,WAS,1369.142078963381,1,2024-25
2024-11-04,22024,WAS,1357.9426592962704,1,2024-25
2024-11-08,22024,WAS,1352.9629261487055,0,2024-25
2024-11-10,22024,WAS,1342.8632927996623,0,2024-25
2024-11-11,22024,WAS,1335.1053451702028,0,2024-25
2024-11-13,22024,WAS,1330.758505314846,0,2024-25
2024-11-15,22024,WAS,1326.3714421039176,0,2024-25
2024-11-17,22024,WAS,1320.8319656067831,1,2024-25
2024-11-18,22024,WAS,1306.7395313662878,0,2024-25
2024-11-22,22024,WAS,1302.0018612174968,1,2024-25
2024-11-24,22024,WAS,1299.510233722229,0,2024-25
2024-11-26,22024,WAS,1295.4963787555096,1,2024-25
2024-11-27,22024,WAS,1284.550557763304,1,2024-25
2024-11-30,22024,WAS,1277.2876724607906,0,2024-25
2024-12-03,22024,WAS,1274.4899747372988,0,2024-25
2024-12-05,22024,WAS,1270.8109920922218,1,2024-25
2024-12-07,22024,WAS,1264.2102540590015,1,2024-25
2024-12-08,22024,WAS,1283.838302521354,1,2024-25
2024-12-13,22024,WAS,1275.831365510857,0,2024-25
2024-12-15,22024,WAS,1274.1871551112572,1,2024-25
2024-12-19,22024,WAS,1271.9977349250191,1,2024-25
2024-12-21,22024,WAS,1282.742312727493,0,2024-25
2024-12-23,22024,WAS,1279.7902986536171,0,2024-25
2024-12-26,22024,WAS,1278.4254978587398,1,2024-25
2024-12-28,22024,WAS,1284.0213256633206,1,2024-25
2024-12-30,22024,WAS,1282.508813042853,1,2024-25
2025-01-01,22024,WAS,1278.6565962705429,1,2024-25
2025-01-03,22024,WAS,1301.7470906924168,0,2024-25
2025-01-05,22024,WAS,1293.403584560881,1,2024-25
2025-01-07,22024,WAS,1281.7658003524157,1,2024-25
2025-01-08,22024,WAS,1276.0469417187414,0,2024-25
2025-01-10,22024,WAS,1273.4472500976572,0,2024-25
2025-01-12,22024,WAS,1265.1221932136202,1,2024-25
2025-01-13,22024,WAS,1261.9907279156323,1,2024-25
2025-01-16,22024,WAS,1257.7533264187114,1,2024-25
2025-01-18,22024,WAS,1253.8483044387094,0,2024-25
2025-01-19,22024,WAS,1251.4805949992765,0,2024-25
2025-01-21,22024,WAS,1248.2923533767082,0,2024-25
2025-01-23,22024,WAS,1243.545434101996,0,2024-25
2025-01-25,22024,WAS,1240.7967632983157,0,2024-25
2025-01-27,22024,WAS,1238.4199900803285,0,2024-25
2025-01-29,22024,WAS,1235.1005532362888,1,2024-25
2025-01-30,22024,WAS,1224.445468532317,1,2024-25
2025-02-01,22024,WAS,1215.6955607732325,0,2024-25
2025-02-03,22024,WAS,1229.6509025795851,0,2024-25
2025-02-05,22024,WAS,1246.3047327664,0,2024-25
2025-02-07,22024,WAS,1271.787924815388,1,2024-25
2025-02-08,22024,WAS,1269.9659600350913,1,2024-25
2025-02-10,22024,WAS,1262.382808582278,1,2024-25
2025-02-12,22024,WAS,1256.8638181397,1,2024-25
2025-02-21,22024,WAS,1254.7968725694195,1,2024-25
2025-02-23,22024,WAS,1252.5699452731342,0,2024-25
2025-02-24,22024,WAS,1246.7212961355085,1,2024-25
2025-02-26,22024,WAS,1259.0231427269548,1,2024-25
2025-03-01,22024,WAS,1254.4734644694836,0,2024-25
2025-03-03,22024,WAS,1270.1687705468898,0,2024-25
2025-03-05,22024,WAS,1265.4876724882797,1,2024-25
2025-03-08,22024,WAS,1272.0237317362755,0,2024-25
2025-03-10,22024,WAS,1279.1221037593143,0,2024-25
2025-03-11,22024,WAS,1272.7512346873607,0,2024-25
2025-03-13,22024,WAS,1269.7817303486906,0,2024-25
2025-03-15,22024,WAS,1285.5157064626458,0,2024-25
2025-03-17,22024,WAS,1300.1916324219844,0,2024-25
2025-03-19,22024,WAS,1295.3809230653906,0,2024-25
2025-03-21,22024,WAS,1284.7985445130182,1,2024-25
2025-03-22,22024,WAS,1275.8202594311952,0,2024-25
2025-03-24,22024,WAS,1272.414892749426,1,2024-25
2025-03-26,22024,WAS,1265.017648046368,0,2024-25
2025-03-27,22024,WAS,1275.5822586187412,1,2024-25
2025-03-29,22024,WAS,1264.6131049472306,1,2024-25
2025-03-31,22024,WAS,1258.8086873511495,1,2024-25
2025-04-02,22024,WAS,1248.505524753933,1,2024-25
2025-04-03,22024,WAS,1260.328339236512,1,2024-25
2025-04-06,22024,WAS,1254.5920931972555,0,2024-25
2025-04-08,22024,WAS,1252.6392634647857,0,2024-25
2025-04-09,22024,WAS,1251.5103673435458,1,2024-25
2025-04-11,22024,WAS,1235.0592347766744,0,2024-25
2025-04-13,22024,WAS,1230.7987510513417,0,2024-25
2025-10-22,22025,WAS,1344.2348175811976,0,2025-26
2025-10-24,22025,WAS,1340.485841803021,0,2025-26
2025-10-26,22025,WAS,1356.4960416977958,1,2025-26
2025-10-28,22025,WAS,1332.941694623288,1,2025-26
2025-10-30,22025,WAS,1326.399330272109,0,2025-26
2025-11-01,22025,WAS,1324.1799394324926,1,2025-26
2025-11-03,22025,WAS,1309.81284799689,0,2025-26
2025-11-05,22025,WAS,1305.937563768813,0,2025-26
2025-11-07,22025,WAS,1301.1208454138427,1,2025-26
2025-11-08,22025,WAS,1293.340744776642,1,2025-26
2025-11-10,22025,WAS,1287.1265930838297,0,2025-26
2025-11-12,22025,WAS,1286.1261183021068,0,2025-26
2025-11-16,22025,WAS,1283.0063971135387,1,2025-26
2025-11-19,22025,WAS,1263.604569740266,0,2025-26
2025-11-21,22025,WAS,1261.8658355932653,0,2025-26
2025-11-22,22025,WAS,1257.2102385333303,0,2025-26
2025-11-25,22025,WAS,1256.1732323381682,1,2025-26
2025-11-28,22025,WAS,1286.8110086624129,0,2025-26
2025-12-01,22025,WAS,1275.3278542024786,1,2025-26
2025-12-02,22025,WAS,1284.1707812469433,0,2025-26
2025-12-04,22025,WAS,1276.9260031041406,1,2025-26
2025-12-06,22025,WAS,1267.779305850452,1,2025-26
2025-12-12,22025,WAS,1261.4201044679205,1,2025-26
2025-12-14,22025,WAS,1259.4530441456322,0,2025-26
2025-12-18,22025,WAS,1288.8861130075104,0,2025-26
2025-12-20,22025,WAS,1284.903840951279,0,2025-26
2025-12-21,22025,WAS,1304.7020866345752,1,2025-26
2025-12-23,22025,WAS,1300.883554820081,0,2025-26
2025-12-26,22025,WAS,1292.64665942405,1,2025-26
2025-12-28,22025,WAS,1319.565899746106,1,2025-26
2025-12-29,22025,WAS,1329.613913274063,1,2025-26
2025-12-31,22025,WAS,1323.5691807972034,0,2025-26
2026-01-02,22025,WAS,1330.461853737356,1,2025-26
2026-01-04,22025,WAS,1348.8905488598084,1,2025-26
2026-01-06,22025,WAS,1339.9138637719702,1,2025-26
2026-01-07,22025,WAS,1353.7815496935186,0,2025-26
2026-01-09,22025,WAS,1345.9555376256635,1,2025-26
2026-01-11,22025,WAS,1324.3477899549764,0,2025-26
2026-01-14,22025,WAS,1320.6110429793623,0,2025-26
2026-01-16,22025,WAS,1316.9800529204597,0,2025-26
2026-01-17,22025,WAS,1309.663972368577,0,2025-26
2026-01-19,22025,WAS,1307.9562530520996,1,2025-26
2026-01-22,22025,WAS,1305.2790548469757,1,2025-26
2026-01-24,22025,WAS,1300.5941812551298,0,2025-26
2026-01-27,22025,WAS,1298.9051421966271,1,2025-26
2026-01-29,22025,WAS,1309.1801579312946,1,2025-26
2026-01-30,22025,WAS,1322.0894426402228,1,2025-26
2026-02-01,22025,WAS,1309.245571510186,1,2025-26
2026-02-03,22025,WAS,1315.4592364690316,1,2025-26
2026-02-05,22025,WAS,1306.7335223693967,0,2025-26
2026-02-07,22025,WAS,1331.9854150137048,0,2025-26
2026-02-08,22025,WAS,1321.2668788925423,1,2025-26
2026-02-11,22025,WAS,1308.458802787934,0,2025-26
2026-02-19,22025,WAS,1305.2135703423305,1,2025-26
2026-02-20,22025,WAS,1314.2077245716391,1,2025-26
2026-02-22,22025,WAS,1326.484645856164,1,2025-26
2026-02-24,22025,WAS,1320.433158101905,0,2025-26
2026-02-26,22025,WAS,1313.4985187491516,0,2025-26
2026-02-28,22025,WAS,1305.1643815146483,1,2025-26
2026-03-02,22025,WAS,1300.4841013966122,1,2025-26
2026-03-03,22025,WAS,1298.1040197307743,0,2025-26
2026-03-05,22025,WAS,1293.0485202205664,1,2025-26
2026-03-08,22025,WAS,1281.4465424538605,0,2025-26
2026-03-10,22025,WAS,1273.7764442937744,0,2025-26
2026-03-12,22025,WAS,1270.6561139720216,0,2025-26
2026-03-14,22025,WAS,1269.227718337301,0,2025-26
2026-03-16,22025,WAS,1267.887581863344,1,2025-26
2026-03-17,22025,WAS,1263.037869895271,1,2025-26
2026-03-19,22025,WAS,1260.4497401544309,1,2025-26
2026-03-21,22025,WAS,1256.8574004506572,1,2025-26
2026-03-22,22025,WAS,1254.5684869148774,0,2025-26
2026-03-25,22025,WAS,1252.1779009039149,0,2025-26
2026-03-27,22025,WAS,1278.293710847516,0,2025-26
2026-03-29,22025,WAS,1275.8295050881045,0,2025-26
2026-03-30,22025,WAS,1268.4144273024365,0,2025-26
2026-04-01,22025,WAS,1266.055966254479,1,2025-26
2026-04-04,22025,WAS,1258.2263657330393,0,2025-26
2026-04-05,22025,WAS,1254.8974925052585,0,2025-26
2026-04-07,22025,WAS,1249.2218749203628,1,2025-26
2026-04-09,22025,WAS,1230.0259722141448,1,2025-26
2026-04-10,22025,WAS,1221.9706049677443,1,2025-26
2026-04-12,22025,WAS,1215.2287385908471,0,2025-26
